This is XeTeX, Version 3.141592653-2.6-0.999997 (TeX Live 2025) (preloaded format=xelatex 2025.6.18)  3 JUL 2026 08:20
entering extended mode
 restricted \write18 enabled.
 %&-line parsing enabled.
**chapter18.tex
(./chapter18.tex
LaTeX2e <2024-11-01> patch level 2
L3 programming layer <2025-01-18>
! Undefined control sequence.
l.3 \chapter
            {误差的控制}
The control sequence at the end of the top line
of your error message was never \def'ed. If you have
misspelled it (e.g., `\hobx'), type `I' and the correct
spelling (e.g., `I\hbox'). Otherwise just continue,
and I'll forget about whatever was undefined.


! LaTeX Error: Missing \begin{document}.

See the LaTeX manual or LaTeX Companion for explanation.
Type  H <return>  for immediate help.
 ...                                              
                                                  
l.3 \chapter{误
              差的控制}
You're in trouble here.  Try typing  <return>  to proceed.
If that doesn't work, type  X <return>  to quit.

Missing character: There is no 误 ("8BEF) in font nullfont!
Missing character: There is no 差 ("5DEE) in font nullfont!
Missing character: There is no 的 ("7684) in font nullfont!
Missing character: There is no 控 ("63A7) in font nullfont!
Missing character: There is no 制 ("5236) in font nullfont!

Overfull \hbox (20.0pt too wide) in paragraph at lines 3--4
[] 
 []


! LaTeX Error: Missing \begin{document}.

See the LaTeX manual or LaTeX Companion for explanation.
Type  H <return>  for immediate help.
 ...                                              
                                                  
l.5 在
     上一章里，我们已经介绍了自行镇定的原理：由于有一个简单的装置，每当系统处于不稳定的时候，这个装置就会改变系统的性能，使系统能够不受那些偶然的误...

You're in trouble here.  Try typing  <return>  to proceed.
If that doesn't work, type  X <return>  to quit.

Missing character: There is no 在 ("5728) in font nullfont!
Missing character: There is no 上 ("4E0A) in font nullfont!
Missing character: There is no 一 ("4E00) in font nullfont!
Missing character: There is no 章 ("7AE0) in font nullfont!
Missing character: There is no 里 ("91CC) in font nullfont!
Missing character: There is no ， ("FF0C) in font nullfont!
Missing character: There is no 我 ("6211) in font nullfont!
Missing character: There is no 们 ("4EEC) in font nullfont!
Missing character: There is no 已 ("5DF2) in font nullfont!
Missing character: There is no 经 ("7ECF) in font nullfont!
Missing character: There is no 介 ("4ECB) in font nullfont!
Missing character: There is no 绍 ("7ECD) in font nullfont!
Missing character: There is no 了 ("4E86) in font nullfont!
Missing character: There is no 自 ("81EA) in font nullfont!
Missing character: There is no 行 ("884C) in font nullfont!
Missing character: There is no 镇 ("9547) in font nullfont!
Missing character: There is no 定 ("5B9A) in font nullfont!
Missing character: There is no 的 ("7684) in font nullfont!
Missing character: There is no 原 ("539F) in font nullfont!
Missing character: There is no 理 ("7406) in font nullfont!
Missing character: There is no ： ("FF1A) in font nullfont!
Missing character: There is no 由 ("7531) in font nullfont!
Missing character: There is no 于 ("4E8E) in font nullfont!
Missing character: There is no 有 ("6709) in font nullfont!
Missing character: There is no 一 ("4E00) in font nullfont!
Missing character: There is no 个 ("4E2A) in font nullfont!
Missing character: There is no 简 ("7B80) in font nullfont!
Missing character: There is no 单 ("5355) in font nullfont!
Missing character: There is no 的 ("7684) in font nullfont!
Missing character: There is no 装 ("88C5) in font nullfont!
Missing character: There is no 置 ("7F6E) in font nullfont!
Missing character: There is no ， ("FF0C) in font nullfont!
Missing character: There is no 每 ("6BCF) in font nullfont!
Missing character: There is no 当 ("5F53) in font nullfont!
Missing character: There is no 系 ("7CFB) in font nullfont!
Missing character: There is no 统 ("7EDF) in font nullfont!
Missing character: There is no 处 ("5904) in font nullfont!
Missing character: There is no 于 ("4E8E) in font nullfont!
Missing character: There is no 不 ("4E0D) in font nullfont!
Missing character: There is no 稳 ("7A33) in font nullfont!
Missing character: There is no 定 ("5B9A) in font nullfont!
Missing character: There is no 的 ("7684) in font nullfont!
Missing character: There is no 时 ("65F6) in font nullfont!
Missing character: There is no 候 ("5019) in font nullfont!
Missing character: There is no ， ("FF0C) in font nullfont!
Missing character: There is no 这 ("8FD9) in font nullfont!
Missing character: There is no 个 ("4E2A) in font nullfont!
Missing character: There is no 装 ("88C5) in font nullfont!
Missing character: There is no 置 ("7F6E) in font nullfont!
Missing character: There is no 就 ("5C31) in font nullfont!
Missing character: There is no 会 ("4F1A) in font nullfont!
Missing character: There is no 改 ("6539) in font nullfont!
Missing character: There is no 变 ("53D8) in font nullfont!
Missing character: There is no 系 ("7CFB) in font nullfont!
Missing character: There is no 统 ("7EDF) in font nullfont!
Missing character: There is no 的 ("7684) in font nullfont!
Missing character: There is no 性 ("6027) in font nullfont!
Missing character: There is no 能 ("80FD) in font nullfont!
Missing character: There is no ， ("FF0C) in font nullfont!
Missing character: There is no 使 ("4F7F) in font nullfont!
Missing character: There is no 系 ("7CFB) in font nullfont!
Missing character: There is no 统 ("7EDF) in font nullfont!
Missing character: There is no 能 ("80FD) in font nullfont!
Missing character: There is no 够 ("591F) in font nullfont!
Missing character: There is no 不 ("4E0D) in font nullfont!
Missing character: There is no 受 ("53D7) in font nullfont!
Missing character: There is no 那 ("90A3) in font nullfont!
Missing character: There is no 些 ("4E9B) in font nullfont!
Missing character: There is no 偶 ("5076) in font nullfont!
Missing character: There is no 然 ("7136) in font nullfont!
Missing character: There is no 的 ("7684) in font nullfont!
Missing character: There is no 误 ("8BEF) in font nullfont!
Missing character: There is no 差 ("5DEE) in font nullfont!
Missing character: There is no 以 ("4EE5) in font nullfont!
Missing character: There is no 及 ("53CA) in font nullfont!
Missing character: There is no 元 ("5143) in font nullfont!
Missing character: There is no 件 ("4EF6) in font nullfont!
Missing character: There is no 发 ("53D1) in font nullfont!
Missing character: There is no 生 ("751F) in font nullfont!
Missing character: There is no 无 ("65E0) in font nullfont!
Missing character: There is no 法 ("6CD5) in font nullfont!
Missing character: There is no 预 ("9884) in font nullfont!
Missing character: There is no 料 ("6599) in font nullfont!
Missing character: There is no 的 ("7684) in font nullfont!
Missing character: There is no 失 ("5931) in font nullfont!
Missing character: There is no 效 ("6548) in font nullfont!
Missing character: There is no 现 ("73B0) in font nullfont!
Missing character: There is no 象 ("8C61) in font nullfont!
Missing character: There is no 的 ("7684) in font nullfont!
Missing character: There is no 影 ("5F71) in font nullfont!
Missing character: There is no 响 ("54CD) in font nullfont!
Missing character: There is no 。 ("3002) in font nullfont!
Missing character: There is no 因 ("56E0) in font nullfont!
Missing character: There is no 为 ("4E3A) in font nullfont!
Missing character: There is no 一 ("4E00) in font nullfont!
Missing character: There is no 个 ("4E2A) in font nullfont!
Missing character: There is no 自 ("81EA) in font nullfont!
Missing character: There is no 行 ("884C) in font nullfont!
Missing character: There is no 镇 ("9547) in font nullfont!
Missing character: There is no 定 ("5B9A) in font nullfont!
Missing character: There is no 的 ("7684) in font nullfont!
Missing character: There is no 系 ("7CFB) in font nullfont!
Missing character: There is no 统 ("7EDF) in font nullfont!
Missing character: There is no 能 ("80FD) in font nullfont!
Missing character: There is no 够 ("591F) in font nullfont!
Missing character: There is no 自 ("81EA) in font nullfont!
Missing character: There is no 动 ("52A8) in font nullfont!
Missing character: There is no 地 ("5730) in font nullfont!
Missing character: There is no 达 ("8FBE) in font nullfont!
Missing character: There is no 到 ("5230) in font nullfont!
Missing character: There is no 稳 ("7A33) in font nullfont!
Missing character: There is no 定 ("5B9A) in font nullfont!
Missing character: There is no 状 ("72B6) in font nullfont!
Missing character: There is no 态 ("6001) in font nullfont!
Missing character: There is no ， ("FF0C) in font nullfont!
Missing character: There is no 所 ("6240) in font nullfont!
Missing character: There is no 以 ("4EE5) in font nullfont!
Missing character: There is no ， ("FF0C) in font nullfont!
Missing character: There is no 设 ("8BBE) in font nullfont!
Missing character: There is no 计 ("8BA1) in font nullfont!
Missing character: There is no 这 ("8FD9) in font nullfont!
Missing character: There is no 种 ("79CD) in font nullfont!
Missing character: There is no 控 ("63A7) in font nullfont!
Missing character: There is no 制 ("5236) in font nullfont!
Missing character: There is no 系 ("7CFB) in font nullfont!
Missing character: There is no 统 ("7EDF) in font nullfont!
Missing character: There is no 的 ("7684) in font nullfont!
Missing character: There is no 时 ("65F6) in font nullfont!
Missing character: There is no 候 ("5019) in font nullfont!
Missing character: There is no ， ("FF0C) in font nullfont!
Missing character: There is no 实 ("5B9E) in font nullfont!
Missing character: There is no 际 ("9645) in font nullfont!
Missing character: There is no 上 ("4E0A) in font nullfont!
Missing character: There is no ， ("FF0C) in font nullfont!
Missing character: There is no 那 ("90A3) in font nullfont!
Missing character: There is no 些 ("4E9B) in font nullfont!
Missing character: There is no 不 ("4E0D) in font nullfont!
Missing character: There is no 稳 ("7A33) in font nullfont!
Missing character: There is no 定 ("5B9A) in font nullfont!
Missing character: There is no 的 ("7684) in font nullfont!
Missing character: There is no 运 ("8FD0) in font nullfont!
Missing character: There is no 动 ("52A8) in font nullfont!
Missing character: There is no 状 ("72B6) in font nullfont!
Missing character: There is no 态 ("6001) in font nullfont!
Missing character: There is no 场 ("573A) in font nullfont!
Missing character: There is no 和 ("548C) in font nullfont!
Missing character: There is no 那 ("90A3) in font nullfont!
Missing character: There is no 些 ("4E9B) in font nullfont!
Missing character: There is no 稳 ("7A33) in font nullfont!
Missing character: There is no 定 ("5B9A) in font nullfont!
Missing character: There is no 的 ("7684) in font nullfont!
Missing character: There is no 运 ("8FD0) in font nullfont!
Missing character: There is no 动 ("52A8) in font nullfont!
Missing character: There is no 状 ("72B6) in font nullfont!
Missing character: There is no 态 ("6001) in font nullfont!
Missing character: There is no 场 ("573A) in font nullfont!
Missing character: There is no 同 ("540C) in font nullfont!
Missing character: There is no 样 ("6837) in font nullfont!
Missing character: There is no 地 ("5730) in font nullfont!
Missing character: There is no 被 ("88AB) in font nullfont!
Missing character: There is no 引 ("5F15) in font nullfont!
Missing character: There is no 进 ("8FDB) in font nullfont!
Missing character: There is no 系 ("7CFB) in font nullfont!
Missing character: There is no 统 ("7EDF) in font nullfont!
Missing character: There is no 中 ("4E2D) in font nullfont!
Missing character: There is no 来 ("6765) in font nullfont!
Missing character: There is no 了 ("4E86) in font nullfont!
Missing character: There is no 。 ("3002) in font nullfont!
Missing character: There is no 换 ("6362) in font nullfont!
Missing character: There is no 句 ("53E5) in font nullfont!
Missing character: There is no 话 ("8BDD) in font nullfont!
Missing character: There is no 说 ("8BF4) in font nullfont!
Missing character: There is no ， ("FF0C) in font nullfont!
Missing character: There is no 在 ("5728) in font nullfont!
Missing character: There is no 设 ("8BBE) in font nullfont!
Missing character: There is no 计 ("8BA1) in font nullfont!
Missing character: There is no 一 ("4E00) in font nullfont!
Missing character: There is no 个 ("4E2A) in font nullfont!
Missing character: There is no 自 ("81EA) in font nullfont!
Missing character: There is no 行 ("884C) in font nullfont!
Missing character: There is no 镇 ("9547) in font nullfont!
Missing character: There is no 定 ("5B9A) in font nullfont!
Missing character: There is no 的 ("7684) in font nullfont!
Missing character: There is no 系 ("7CFB) in font nullfont!
Missing character: There is no 统 ("7EDF) in font nullfont!
Missing character: There is no 的 ("7684) in font nullfont!
Missing character: There is no 过 ("8FC7) in font nullfont!
Missing character: There is no 程 ("7A0B) in font nullfont!
Missing character: There is no 中 ("4E2D) in font nullfont!
Missing character: There is no ， ("FF0C) in font nullfont!
Missing character: There is no 我 ("6211) in font nullfont!
Missing character: There is no 们 ("4EEC) in font nullfont!
Missing character: There is no 并 ("5E76) in font nullfont!
Missing character: There is no 不 ("4E0D) in font nullfont!
Missing character: There is no 企 ("4F01) in font nullfont!
Missing character: There is no 图 ("56FE) in font nullfont!
Missing character: There is no 把 ("628A) in font nullfont!
Missing character: There is no 稳 ("7A33) in font nullfont!
Missing character: There is no 定 ("5B9A) in font nullfont!
Missing character: There is no 性 ("6027) in font nullfont!
Missing character: There is no 和 ("548C) in font nullfont!
Missing character: There is no 不 ("4E0D) in font nullfont!
Missing character: There is no 稳 ("7A33) in font nullfont!
Missing character: There is no 定 ("5B9A) in font nullfont!
Missing character: There is no 性 ("6027) in font nullfont!
Missing character: There is no 区 ("533A) in font nullfont!
Missing character: There is no 分 ("5206) in font nullfont!
Missing character: There is no 开 ("5F00) in font nullfont!
Missing character: There is no 来 ("6765) in font nullfont!
Missing character: There is no ， ("FF0C) in font nullfont!
Missing character: There is no 也 ("4E5F) in font nullfont!
Missing character: There is no 不 ("4E0D) in font nullfont!
Missing character: There is no 设 ("8BBE) in font nullfont!
Missing character: There is no 法 ("6CD5) in font nullfont!
Missing character: There is no 把 ("628A) in font nullfont!
Missing character: There is no 错 ("9519) in font nullfont!
Missing character: There is no 误 ("8BEF) in font nullfont!
Missing character: There is no 的 ("7684) in font nullfont!
Missing character: There is no 运 ("8FD0) in font nullfont!
Missing character: There is no 动 ("52A8) in font nullfont!
Missing character: There is no 状 ("72B6) in font nullfont!
Missing character: There is no 态 ("6001) in font nullfont!
Missing character: There is no 场 ("573A) in font nullfont!
Missing character: There is no 与 ("4E0E) in font nullfont!
Missing character: There is no 正 ("6B63) in font nullfont!
Missing character: There is no 确 ("786E) in font nullfont!
Missing character: There is no 的 ("7684) in font nullfont!
Missing character: There is no 运 ("8FD0) in font nullfont!
Missing character: There is no 动 ("52A8) in font nullfont!
Missing character: There is no 状 ("72B6) in font nullfont!
Missing character: There is no 态 ("6001) in font nullfont!
Missing character: There is no 场 ("573A) in font nullfont!
Missing character: There is no 加 ("52A0) in font nullfont!
Missing character: There is no 以 ("4EE5) in font nullfont!
Missing character: There is no 区 ("533A) in font nullfont!
Missing character: There is no 分 ("5206) in font nullfont!
Missing character: There is no 。 ("3002) in font nullfont!
Missing character: There is no 在 ("5728) in font nullfont!
Missing character: There is no 那 ("90A3) in font nullfont!
Missing character: There is no 里 ("91CC) in font nullfont!
Missing character: There is no ， ("FF0C) in font nullfont!
Missing character: There is no 我 ("6211) in font nullfont!
Missing character: There is no 们 ("4EEC) in font nullfont!
Missing character: There is no 只 ("53EA) in font nullfont!
Missing character: There is no 是 ("662F) in font nullfont!
Missing character: There is no 从 ("4ECE) in font nullfont!
Missing character: There is no 概 ("6982) in font nullfont!
Missing character: There is no 率 ("7387) in font nullfont!
Missing character: There is no 的 ("7684) in font nullfont!
Missing character: There is no 观 ("89C2) in font nullfont!
Missing character: There is no 点 ("70B9) in font nullfont!
Missing character: There is no 处 ("5904) in font nullfont!
Missing character: There is no 理 ("7406) in font nullfont!
Missing character: There is no 运 ("8FD0) in font nullfont!
Missing character: There is no 动 ("52A8) in font nullfont!
Missing character: There is no 状 ("72B6) in font nullfont!
Missing character: There is no 态 ("6001) in font nullfont!
Missing character: There is no 的 ("7684) in font nullfont!
Missing character: There is no 误 ("8BEF) in font nullfont!
Missing character: There is no 差 ("5DEE) in font nullfont!
Missing character: There is no ， ("FF0C) in font nullfont!
Missing character: There is no 并 ("5E76) in font nullfont!
Missing character: There is no 没 ("6CA1) in font nullfont!
Missing character: There is no 有 ("6709) in font nullfont!
Missing character: There is no 采 ("91C7) in font nullfont!
Missing character: There is no 用 ("7528) in font nullfont!
Missing character: There is no 其 ("5176) in font nullfont!
Missing character: There is no 他 ("4ED6) in font nullfont!
Missing character: There is no 的 ("7684) in font nullfont!
Missing character: There is no 处 ("5904) in font nullfont!
Missing character: There is no 理 ("7406) in font nullfont!
Missing character: There is no 方 ("65B9) in font nullfont!
Missing character: There is no 法 ("6CD5) in font nullfont!
Missing character: There is no 。 ("3002) in font nullfont!
Missing character: There is no 本 ("672C) in font nullfont!
Missing character: There is no 章 ("7AE0) in font nullfont!
Missing character: There is no 中 ("4E2D) in font nullfont!
Missing character: There is no ， ("FF0C) in font nullfont!
Missing character: There is no 我 ("6211) in font nullfont!
Missing character: There is no 们 ("4EEC) in font nullfont!
Missing character: There is no 将 ("5C06) in font nullfont!
Missing character: There is no 从 ("4ECE) in font nullfont!
Missing character: There is no 另 ("53E6) in font nullfont!
Missing character: There is no 外 ("5916) in font nullfont!
Missing character: There is no 一 ("4E00) in font nullfont!
Missing character: There is no 种 ("79CD) in font nullfont!
Missing character: There is no 不 ("4E0D) in font nullfont!
Missing character: There is no 同 ("540C) in font nullfont!
Missing character: There is no 的 ("7684) in font nullfont!
Missing character: There is no 观 ("89C2) in font nullfont!
Missing character: There is no 点 ("70B9) in font nullfont!
Missing character: There is no 讨 ("8BA8) in font nullfont!
Missing character: There is no 论 ("8BBA) in font nullfont!
Missing character: There is no 一 ("4E00) in font nullfont!
Missing character: There is no 个 ("4E2A) in font nullfont!
Missing character: There is no 复 ("590D) in font nullfont!
Missing character: There is no 杂 ("6742) in font nullfont!
Missing character: There is no 系 ("7CFB) in font nullfont!
Missing character: There is no 统 ("7EDF) in font nullfont!
Missing character: There is no 的 ("7684) in font nullfont!
Missing character: There is no 可 ("53EF) in font nullfont!
Missing character: There is no 靠 ("9760) in font nullfont!
Missing character: There is no 性 ("6027) in font nullfont!
Missing character: There is no 问 ("95EE) in font nullfont!
Missing character: There is no 题 ("9898) in font nullfont!
Missing character: There is no 。 ("3002) in font nullfont!
Missing character: There is no 我 ("6211) in font nullfont!
Missing character: There is no 们 ("4EEC) in font nullfont!
Missing character: There is no 将 ("5C06) in font nullfont!
Missing character: There is no 要 ("8981) in font nullfont!
Missing character: There is no 故 ("6545) in font nullfont!
Missing character: There is no 意 ("610F) in font nullfont!
Missing character: There is no 把 ("628A) in font nullfont!
Missing character: There is no 误 ("8BEF) in font nullfont!
Missing character: There is no 差 ("5DEE) in font nullfont!
Missing character: There is no 引 ("5F15) in font nullfont!
Missing character: There is no 入 ("5165) in font nullfont!
Missing character: There is no 系 ("7CFB) in font nullfont!
Missing character: There is no 统 ("7EDF) in font nullfont!
Missing character: There is no 中 ("4E2D) in font nullfont!
Missing character: There is no ， ("FF0C) in font nullfont!
Missing character: There is no 然 ("7136) in font nullfont!
Missing character: There is no 后 ("540E) in font nullfont!
Missing character: There is no 提 ("63D0) in font nullfont!
Missing character: There is no 出 ("51FA) in font nullfont!
Missing character: There is no 问 ("95EE) in font nullfont!
Missing character: There is no 题 ("9898) in font nullfont!
Missing character: There is no ： ("FF1A) in font nullfont!
Missing character: There is no 系 ("7CFB) in font nullfont!
Missing character: There is no 统 ("7EDF) in font nullfont!
Missing character: There is no 应 ("5E94) in font nullfont!
Missing character: There is no 该 ("8BE5) in font nullfont!
Missing character: There is no 如 ("5982) in font nullfont!
Missing character: There is no 何 ("4F55) in font nullfont!
Missing character: There is no 设 ("8BBE) in font nullfont!
Missing character: There is no 计 ("8BA1) in font nullfont!
Missing character: There is no 才 ("624D) in font nullfont!
Missing character: There is no 能 ("80FD) in font nullfont!
Missing character: There is no 使 ("4F7F) in font nullfont!
Missing character: There is no 系 ("7CFB) in font nullfont!
Missing character: There is no 统 ("7EDF) in font nullfont!
Missing character: There is no 可 ("53EF) in font nullfont!
Missing character: There is no 以 ("4EE5) in font nullfont!
Missing character: There is no 不 ("4E0D) in font nullfont!
Missing character: There is no 顾 ("987E) in font nullfont!
Missing character: There is no 误 ("8BEF) in font nullfont!
Missing character: There is no 差 ("5DEE) in font nullfont!
Missing character: There is no 的 ("7684) in font nullfont!
Missing character: There is no 影 ("5F71) in font nullfont!
Missing character: There is no 响 ("54CD) in font nullfont!
Missing character: There is no 而 ("800C) in font nullfont!
Missing character: There is no 还 ("8FD8) in font nullfont!
Missing character: There is no 可 ("53EF) in font nullfont!
Missing character: There is no 以 ("4EE5) in font nullfont!
Missing character: There is no 给 ("7ED9) in font nullfont!
Missing character: There is no 出 ("51FA) in font nullfont!
Missing character: There is no 合 ("5408) in font nullfont!
Missing character: There is no 适 ("9002) in font nullfont!
Missing character: There is no 的 ("7684) in font nullfont!
Missing character: There is no 性 ("6027) in font nullfont!
Missing character: There is no 能 ("80FD) in font nullfont!
Missing character: There is no 。 ("3002) in font nullfont!
Missing character: There is no 那 ("90A3) in font nullfont!
Missing character: There is no 就 ("5C31) in font nullfont!
Missing character: There is no 是 ("662F) in font nullfont!
Missing character: There is no ， ("FF0C) in font nullfont!
Missing character: There is no 我 ("6211) in font nullfont!
Missing character: There is no 们 ("4EEC) in font nullfont!
Missing character: There is no 希 ("5E0C) in font nullfont!
Missing character: There is no 望 ("671B) in font nullfont!
Missing character: There is no 知 ("77E5) in font nullfont!
Missing character: There is no 道 ("9053) in font nullfont!
Missing character: There is no 如 ("5982) in font nullfont!
Missing character: There is no 何 ("4F55) in font nullfont!
Missing character: There is no 控 ("63A7) in font nullfont!
Missing character: There is no 制 ("5236) in font nullfont!
Missing character: There is no 误 ("8BEF) in font nullfont!
Missing character: There is no 差 ("5DEE) in font nullfont!
Missing character: There is no 。 ("3002) in font nullfont!

Overfull \hbox (20.0pt too wide) in paragraph at lines 5--6
[] 
 []


! LaTeX Error: Missing \begin{document}.

See the LaTeX manual or LaTeX Companion for explanation.
Type  H <return>  for immediate help.
 ...                                              
                                                  
l.7 关
     于控制误差的问题现在还处于发展的初期。目前还只能对那些最简单的作用关系讨论误差的控制，现在的理论全都是由冯·诺伊曼(J. von Neuman...

You're in trouble here.  Try typing  <return>  to proceed.
If that doesn't work, type  X <return>  to quit.

Missing character: There is no 关 ("5173) in font nullfont!
Missing character: There is no 于 ("4E8E) in font nullfont!
Missing character: There is no 控 ("63A7) in font nullfont!
Missing character: There is no 制 ("5236) in font nullfont!
Missing character: There is no 误 ("8BEF) in font nullfont!
Missing character: There is no 差 ("5DEE) in font nullfont!
Missing character: There is no 的 ("7684) in font nullfont!
Missing character: There is no 问 ("95EE) in font nullfont!
Missing character: There is no 题 ("9898) in font nullfont!
Missing character: There is no 现 ("73B0) in font nullfont!
Missing character: There is no 在 ("5728) in font nullfont!
Missing character: There is no 还 ("8FD8) in font nullfont!
Missing character: There is no 处 ("5904) in font nullfont!
Missing character: There is no 于 ("4E8E) in font nullfont!
Missing character: There is no 发 ("53D1) in font nullfont!
Missing character: There is no 展 ("5C55) in font nullfont!
Missing character: There is no 的 ("7684) in font nullfont!
Missing character: There is no 初 ("521D) in font nullfont!
Missing character: There is no 期 ("671F) in font nullfont!
Missing character: There is no 。 ("3002) in font nullfont!
Missing character: There is no 目 ("76EE) in font nullfont!
Missing character: There is no 前 ("524D) in font nullfont!
Missing character: There is no 还 ("8FD8) in font nullfont!
Missing character: There is no 只 ("53EA) in font nullfont!
Missing character: There is no 能 ("80FD) in font nullfont!
Missing character: There is no 对 ("5BF9) in font nullfont!
Missing character: There is no 那 ("90A3) in font nullfont!
Missing character: There is no 些 ("4E9B) in font nullfont!
Missing character: There is no 最 ("6700) in font nullfont!
Missing character: There is no 简 ("7B80) in font nullfont!
Missing character: There is no 单 ("5355) in font nullfont!
Missing character: There is no 的 ("7684) in font nullfont!
Missing character: There is no 作 ("4F5C) in font nullfont!
Missing character: There is no 用 ("7528) in font nullfont!
Missing character: There is no 关 ("5173) in font nullfont!
Missing character: There is no 系 ("7CFB) in font nullfont!
Missing character: There is no 讨 ("8BA8) in font nullfont!
Missing character: There is no 论 ("8BBA) in font nullfont!
Missing character: There is no 误 ("8BEF) in font nullfont!
Missing character: There is no 差 ("5DEE) in font nullfont!
Missing character: There is no 的 ("7684) in font nullfont!
Missing character: There is no 控 ("63A7) in font nullfont!
Missing character: There is no 制 ("5236) in font nullfont!
Missing character: There is no ， ("FF0C) in font nullfont!
Missing character: There is no 现 ("73B0) in font nullfont!
Missing character: There is no 在 ("5728) in font nullfont!
Missing character: There is no 的 ("7684) in font nullfont!
Missing character: There is no 理 ("7406) in font nullfont!
Missing character: There is no 论 ("8BBA) in font nullfont!
Missing character: There is no 全 ("5168) in font nullfont!
Missing character: There is no 都 ("90FD) in font nullfont!
Missing character: There is no 是 ("662F) in font nullfont!
Missing character: There is no 由 ("7531) in font nullfont!
Missing character: There is no 冯 ("51AF) in font nullfont!
Missing character: There is no · ("B7) in font nullfont!
Missing character: There is no 诺 ("8BFA) in font nullfont!
Missing character: There is no 伊 ("4F0A) in font nullfont!
Missing character: There is no 曼 ("66FC) in font nullfont!
Missing character: There is no ( ("28) in font nullfont!
Missing character: There is no J ("4A) in font nullfont!
Missing character: There is no . ("2E) in font nullfont!
Missing character: There is no v ("76) in font nullfont!
Missing character: There is no o ("6F) in font nullfont!
Missing character: There is no n ("6E) in font nullfont!
Missing character: There is no N ("4E) in font nullfont!
Missing character: There is no e ("65) in font nullfont!
Missing character: There is no u ("75) in font nullfont!
Missing character: There is no m ("6D) in font nullfont!
Missing character: There is no a ("61) in font nullfont!
Missing character: There is no n ("6E) in font nullfont!
Missing character: There is no n ("6E) in font nullfont!
Missing character: There is no ) ("29) in font nullfont!
LaTeX Font Info:    External font `cmex10' loaded for size
(Font)              <7> on input line 7.
LaTeX Font Info:    External font `cmex10' loaded for size
(Font)              <5> on input line 7.
! Undefined control sequence.
\@footnotetext ...tins {\reset@font \footnotesize 
                                                  \interlinepenalty \interfo...
l.7 ...s, Princeton, N. J. (1956)，这个文集已有俄文译本[60]。}
                                                  提出来的。我们这一章的讨论是冯·诺伊曼工作的一个说明...
The control sequence at the end of the top line
of your error message was never \def'ed. If you have
misspelled it (e.g., `\hobx'), type `I' and the correct
spelling (e.g., `I\hbox'). Otherwise just continue,
and I'll forget about whatever was undefined.

! Undefined control sequence.
\@footnotetext ...}\color@begingroup \@makefntext 
                                                  {\rule \z@ \footnotesep \i...
l.7 ...s, Princeton, N. J. (1956)，这个文集已有俄文译本[60]。}
                                                  提出来的。我们这一章的讨论是冯·诺伊曼工作的一个说明...
The control sequence at the end of the top line
of your error message was never \def'ed. If you have
misspelled it (e.g., `\hobx'), type `I' and the correct
spelling (e.g., `I\hbox'). Otherwise just continue,
and I'll forget about whatever was undefined.

Missing character: There is no 这 (U+8FD9) in font [lmroman10-regular]:mapping=t
ex-text;!
Missing character: There is no 是 (U+662F) in font [lmroman10-regular]:mapping=t
ex-text;!
Missing character: There is no 作 (U+4F5C) in font [lmroman10-regular]:mapping=t
ex-text;!
Missing character: There is no 者 (U+8005) in font [lmroman10-regular]:mapping=t
ex-text;!
Missing character: There is no 在 (U+5728) in font [lmroman10-regular]:mapping=t
ex-text;!
Missing character: There is no 美 (U+7F8E) in font [lmroman10-regular]:mapping=t
ex-text;!
Missing character: There is no 国 (U+56FD) in font [lmroman10-regular]:mapping=t
ex-text;!
Missing character: There is no 加 (U+52A0) in font [lmroman10-regular]:mapping=t
ex-text;!
Missing character: There is no 州 (U+5DDE) in font [lmroman10-regular]:mapping=t
ex-text;!
Missing character: There is no 理 (U+7406) in font [lmroman10-regular]:mapping=t
ex-text;!
Missing character: There is no 工 (U+5DE5) in font [lmroman10-regular]:mapping=t
ex-text;!
Missing character: There is no 学 (U+5B66) in font [lmroman10-regular]:mapping=t
ex-text;!
Missing character: There is no 院 (U+9662) in font [lmroman10-regular]:mapping=t
ex-text;!
Missing character: There is no 作 (U+4F5C) in font [lmroman10-regular]:mapping=t
ex-text;!
Missing character: There is no 过 (U+8FC7) in font [lmroman10-regular]:mapping=t
ex-text;!
Missing character: There is no 的 (U+7684) in font [lmroman10-regular]:mapping=t
ex-text;!
Missing character: There is no 一 (U+4E00) in font [lmroman10-regular]:mapping=t
ex-text;!
Missing character: There is no 篇 (U+7BC7) in font [lmroman10-regular]:mapping=t
ex-text;!
Missing character: There is no 讲 (U+8BB2) in font [lmroman10-regular]:mapping=t
ex-text;!
Missing character: There is no 演 (U+6F14) in font [lmroman10-regular]:mapping=t
ex-text;!
Missing character: There is no 的 (U+7684) in font [lmroman10-regular]:mapping=t
ex-text;!
Missing character: There is no 印 (U+5370) in font [lmroman10-regular]:mapping=t
ex-text;!
Missing character: There is no 本 (U+672C) in font [lmroman10-regular]:mapping=t
ex-text;!
Missing character: There is no 。 (U+3002) in font [lmroman10-regular]:mapping=t
ex-text;!
Missing character: There is no 出 (U+51FA) in font [lmroman10-regular]:mapping=t
ex-text;!
Missing character: There is no 版 (U+7248) in font [lmroman10-regular]:mapping=t
ex-text;!
Missing character: There is no 于 (U+4E8E) in font [lmroman10-regular]:mapping=t
ex-text;!
Missing character: There is no 年 (U+5E74) in font [lmroman10-regular]:mapping=t
ex-text;!
Missing character: There is no ， (U+FF0C) in font [lmroman10-regular]:mapping=t
ex-text;!
Missing character: There is no 现 (U+73B0) in font [lmroman10-regular]:mapping=t
ex-text;!
Missing character: There is no 已 (U+5DF2) in font [lmroman10-regular]:mapping=t
ex-text;!
Missing character: There is no 收 (U+6536) in font [lmroman10-regular]:mapping=t
ex-text;!
Missing character: There is no 入 (U+5165) in font [lmroman10-regular]:mapping=t
ex-text;!
Missing character: There is no 下 (U+4E0B) in font [lmroman10-regular]:mapping=t
ex-text;!
Missing character: There is no 列 (U+5217) in font [lmroman10-regular]:mapping=t
ex-text;!
Missing character: There is no 文 (U+6587) in font [lmroman10-regular]:mapping=t
ex-text;!
Missing character: There is no 集 (U+96C6) in font [lmroman10-regular]:mapping=t
ex-text;!
Missing character: There is no 中 (U+4E2D) in font [lmroman10-regular]:mapping=t
ex-text;!
Missing character: There is no ， (U+FF0C) in font [lmroman10-regular]:mapping=t
ex-text;!
Missing character: There is no 这 (U+8FD9) in font [lmroman10-regular]:mapping=t
ex-text;!
Missing character: There is no 个 (U+4E2A) in font [lmroman10-regular]:mapping=t
ex-text;!
Missing character: There is no 文 (U+6587) in font [lmroman10-regular]:mapping=t
ex-text;!
Missing character: There is no 集 (U+96C6) in font [lmroman10-regular]:mapping=t
ex-text;!
Missing character: There is no 已 (U+5DF2) in font [lmroman10-regular]:mapping=t
ex-text;!
Missing character: There is no 有 (U+6709) in font [lmroman10-regular]:mapping=t
ex-text;!
Missing character: There is no 俄 (U+4FC4) in font [lmroman10-regular]:mapping=t
ex-text;!
Missing character: There is no 文 (U+6587) in font [lmroman10-regular]:mapping=t
ex-text;!
Missing character: There is no 译 (U+8BD1) in font [lmroman10-regular]:mapping=t
ex-text;!
Missing character: There is no 本 (U+672C) in font [lmroman10-regular]:mapping=t
ex-text;!
Missing character: There is no 。 (U+3002) in font [lmroman10-regular]:mapping=t
ex-text;!

Overfull \hbox (7.92pt too wide) in paragraph at lines 7--7
[][]\TU/lmr/m/n/10 J.
 []


Overfull \hbox (15.56pt too wide) in paragraph at lines 7--7
\TU/lmr/m/n/10 von
 []


Overfull \hbox (20.83pt too wide) in paragraph at lines 7--7
\TU/lmr/m/n/10 Neu-
 []


Overfull \hbox (27.23pt too wide) in paragraph at lines 7--7
\TU/lmr/m/n/10 mann,
 []


Overfull \hbox (29.34pt too wide) in paragraph at lines 7--7
\TU/lmr/m/n/10 “Prob-
 []


Overfull \hbox (8.33pt too wide) in paragraph at lines 7--7
\TU/lmr/m/n/10 a-
 []


Overfull \hbox (21.17pt too wide) in paragraph at lines 7--7
\TU/lmr/m/n/10 bilis-
 []


Overfull \hbox (11.11pt too wide) in paragraph at lines 7--7
\TU/lmr/m/n/10 tic
 []


Overfull \hbox (19.58pt too wide) in paragraph at lines 7--7
\TU/lmr/m/n/10 Log-
 []


Overfull \hbox (11.16pt too wide) in paragraph at lines 7--7
\TU/lmr/m/n/10 ics
 []


Overfull \hbox (16.12pt too wide) in paragraph at lines 7--7
\TU/lmr/m/n/10 and
 []


Overfull \hbox (13.89pt too wide) in paragraph at lines 7--7
\TU/lmr/m/n/10 the
 []


Overfull \hbox (19.73pt too wide) in paragraph at lines 7--7
\TU/lmr/m/n/10 Syn-
 []


Overfull \hbox (17.22pt too wide) in paragraph at lines 7--7
\TU/lmr/m/n/10 the-
 []


Overfull \hbox (10.66pt too wide) in paragraph at lines 7--7
\TU/lmr/m/n/10 sis
 []


Overfull \hbox (8.06pt too wide) in paragraph at lines 7--7
\TU/lmr/m/n/10 of
 []


Overfull \hbox (15.13pt too wide) in paragraph at lines 7--7
\TU/lmr/m/n/10 Re-
 []


Overfull \hbox (8.89pt too wide) in paragraph at lines 7--7
\TU/lmr/m/n/10 li-
 []


Overfull \hbox (17.78pt too wide) in paragraph at lines 7--7
\TU/lmr/m/n/10 able
 []


Overfull \hbox (15.03pt too wide) in paragraph at lines 7--7
\TU/lmr/m/n/10 Or-
 []


Overfull \hbox (18.89pt too wide) in paragraph at lines 7--7
\TU/lmr/m/n/10 gan-
 []


Overfull \hbox (18.99pt too wide) in paragraph at lines 7--7
\TU/lmr/m/n/10 isms
 []


Overfull \hbox (20.31pt too wide) in paragraph at lines 7--7
\TU/lmr/m/n/10 from
 []


Overfull \hbox (16.39pt too wide) in paragraph at lines 7--7
\TU/lmr/m/n/10 Un-
 []


Overfull \hbox (11.69pt too wide) in paragraph at lines 7--7
\TU/lmr/m/n/10 re-
 []


Overfull \hbox (8.89pt too wide) in paragraph at lines 7--7
\TU/lmr/m/n/10 li-
 []


Overfull \hbox (17.78pt too wide) in paragraph at lines 7--7
\TU/lmr/m/n/10 able
 []


Overfull \hbox (23.88pt too wide) in paragraph at lines 7--7
\TU/lmr/m/n/10 Com-
 []


Overfull \hbox (14.17pt too wide) in paragraph at lines 7--7
\TU/lmr/m/n/10 po-
 []


Overfull \hbox (114.0pt too wide) in paragraph at lines 7--7
\TU/lmr/m/n/10 nents”,这是作者在美国加州理工学院(California
 []


Overfull \hbox (12.5pt too wide) in paragraph at lines 7--7
\TU/lmr/m/n/10 In-
 []


Overfull \hbox (13.94pt too wide) in paragraph at lines 7--7
\TU/lmr/m/n/10 sti-
 []


Overfull \hbox (17.78pt too wide) in paragraph at lines 7--7
\TU/lmr/m/n/10 tute
 []


Overfull \hbox (8.06pt too wide) in paragraph at lines 7--7
\TU/lmr/m/n/10 of
 []


Overfull \hbox (23.88pt too wide) in paragraph at lines 7--7
\TU/lmr/m/n/10 Tech-
 []


Overfull \hbox (16.67pt too wide) in paragraph at lines 7--7
\TU/lmr/m/n/10 nol-
 []


Overfull \hbox (58.37pt too wide) in paragraph at lines 7--7
\TU/lmr/m/n/10 ogy)作过的一篇讲演的印本。出版于
 []


Overfull \hbox (20.0pt too wide) in paragraph at lines 7--7
\TU/lmr/m/n/10 1952
 []


Overfull \hbox (76.02pt too wide) in paragraph at lines 7--7
\TU/lmr/m/n/10 年，现已收入下列文集中:\TU/lmr/m/it/10 Automata
 []


Overfull \hbox (23.0pt too wide) in paragraph at lines 7--7
\TU/lmr/m/it/10 Stud-
 []


Overfull \hbox (14.54pt too wide) in paragraph at lines 7--7
\TU/lmr/m/it/10 ies\TU/lmr/m/n/10 ,
 []


Overfull \hbox (31.28pt too wide) in paragraph at lines 7--7
\TU/lmr/m/n/10 Prince-
 []


Overfull \hbox (14.45pt too wide) in paragraph at lines 7--7
\TU/lmr/m/n/10 ton
 []


Overfull \hbox (19.17pt too wide) in paragraph at lines 7--7
\TU/lmr/m/n/10 Uni-
 []


Overfull \hbox (16.69pt too wide) in paragraph at lines 7--7
\TU/lmr/m/n/10 ver-
 []


Overfull \hbox (15.61pt too wide) in paragraph at lines 7--7
\TU/lmr/m/n/10 sity
 []


Overfull \hbox (25.83pt too wide) in paragraph at lines 7--7
\TU/lmr/m/n/10 Press,
 []


Overfull \hbox (31.28pt too wide) in paragraph at lines 7--7
\TU/lmr/m/n/10 Prince-
 []


Overfull \hbox (17.23pt too wide) in paragraph at lines 7--7
\TU/lmr/m/n/10 ton,
 []


Overfull \hbox (10.28pt too wide) in paragraph at lines 7--7
\TU/lmr/m/n/10 N.
 []


Overfull \hbox (7.92pt too wide) in paragraph at lines 7--7
\TU/lmr/m/n/10 J.
 []


Overfull \hbox (76.94pt too wide) in paragraph at lines 7--7
\TU/lmr/m/n/10 (1956)，这个文集已有俄文译本[60]。| 
 []

Missing character: There is no 提 ("63D0) in font nullfont!
Missing character: There is no 出 ("51FA) in font nullfont!
Missing character: There is no 来 ("6765) in font nullfont!
Missing character: There is no 的 ("7684) in font nullfont!
Missing character: There is no 。 ("3002) in font nullfont!
Missing character: There is no 我 ("6211) in font nullfont!
Missing character: There is no 们 ("4EEC) in font nullfont!
Missing character: There is no 这 ("8FD9) in font nullfont!
Missing character: There is no 一 ("4E00) in font nullfont!
Missing character: There is no 章 ("7AE0) in font nullfont!
Missing character: There is no 的 ("7684) in font nullfont!
Missing character: There is no 讨 ("8BA8) in font nullfont!
Missing character: There is no 论 ("8BBA) in font nullfont!
Missing character: There is no 是 ("662F) in font nullfont!
Missing character: There is no 冯 ("51AF) in font nullfont!
Missing character: There is no · ("B7) in font nullfont!
Missing character: There is no 诺 ("8BFA) in font nullfont!
Missing character: There is no 伊 ("4F0A) in font nullfont!
Missing character: There is no 曼 ("66FC) in font nullfont!
Missing character: There is no 工 ("5DE5) in font nullfont!
Missing character: There is no 作 ("4F5C) in font nullfont!
Missing character: There is no 的 ("7684) in font nullfont!
Missing character: There is no 一 ("4E00) in font nullfont!
Missing character: There is no 个 ("4E2A) in font nullfont!
Missing character: There is no 说 ("8BF4) in font nullfont!
Missing character: There is no 明 ("660E) in font nullfont!
Missing character: There is no 。 ("3002) in font nullfont!
Missing character: There is no 这 ("8FD9) in font nullfont!
Missing character: There is no 样 ("6837) in font nullfont!
Missing character: There is no 做 ("505A) in font nullfont!
Missing character: There is no 的 ("7684) in font nullfont!
Missing character: There is no 目 ("76EE) in font nullfont!
Missing character: There is no 的 ("7684) in font nullfont!
Missing character: There is no 在 ("5728) in font nullfont!
Missing character: There is no 于 ("4E8E) in font nullfont!
Missing character: There is no 引 ("5F15) in font nullfont!
Missing character: There is no 入 ("5165) in font nullfont!
Missing character: There is no 这 ("8FD9) in font nullfont!
Missing character: There is no 个 ("4E2A) in font nullfont!
Missing character: There is no 非 ("975E) in font nullfont!
Missing character: There is no 常 ("5E38) in font nullfont!
Missing character: There is no 重 ("91CD) in font nullfont!
Missing character: There is no 要 ("8981) in font nullfont!
Missing character: There is no 的 ("7684) in font nullfont!
Missing character: There is no 题 ("9898) in font nullfont!
Missing character: There is no 目 ("76EE) in font nullfont!
Missing character: There is no ， ("FF0C) in font nullfont!
Missing character: There is no 并 ("5E76) in font nullfont!
Missing character: There is no 且 ("4E14) in font nullfont!
Missing character: There is no 指 ("6307) in font nullfont!
Missing character: There is no 出 ("51FA) in font nullfont!
Missing character: There is no 需 ("9700) in font nullfont!
Missing character: There is no 要 ("8981) in font nullfont!
Missing character: There is no 在 ("5728) in font nullfont!
Missing character: There is no 这 ("8FD9) in font nullfont!
Missing character: There is no 方 ("65B9) in font nullfont!
Missing character: There is no 面 ("9762) in font nullfont!
Missing character: There is no 进 ("8FDB) in font nullfont!
Missing character: There is no 行 ("884C) in font nullfont!
Missing character: There is no 更 ("66F4) in font nullfont!
Missing character: There is no 进 ("8FDB) in font nullfont!
Missing character: There is no 一 ("4E00) in font nullfont!
Missing character: There is no 步 ("6B65) in font nullfont!
Missing character: There is no 的 ("7684) in font nullfont!
Missing character: There is no 研 ("7814) in font nullfont!
Missing character: There is no 究 ("7A76) in font nullfont!
Missing character: There is no 。 ("3002) in font nullfont!

Overfull \hbox (20.0pt too wide) in paragraph at lines 7--8
[]
 []


Overfull \hbox (4.483pt too wide) in paragraph at lines 7--8
[] 
 []

! Undefined control sequence.
l.9 \section
            {用加倍的办法改进可靠性}
The control sequence at the end of the top line
of your error message was never \def'ed. If you have
misspelled it (e.g., `\hobx'), type `I' and the correct
spelling (e.g., `I\hbox'). Otherwise just continue,
and I'll forget about whatever was undefined.


! LaTeX Error: Missing \begin{document}.

See the LaTeX manual or LaTeX Companion for explanation.
Type  H <return>  for immediate help.
 ...                                              
                                                  
l.9 \section{用
              加倍的办法改进可靠性}
You're in trouble here.  Try typing  <return>  to proceed.
If that doesn't work, type  X <return>  to quit.

Missing character: There is no 用 ("7528) in font nullfont!
Missing character: There is no 加 ("52A0) in font nullfont!
Missing character: There is no 倍 ("500D) in font nullfont!
Missing character: There is no 的 ("7684) in font nullfont!
Missing character: There is no 办 ("529E) in font nullfont!
Missing character: There is no 法 ("6CD5) in font nullfont!
Missing character: There is no 改 ("6539) in font nullfont!
Missing character: There is no 进 ("8FDB) in font nullfont!
Missing character: There is no 可 ("53EF) in font nullfont!
Missing character: There is no 靠 ("9760) in font nullfont!
Missing character: There is no 性 ("6027) in font nullfont!

Overfull \hbox (20.0pt too wide) in paragraph at lines 9--10
[] 
 []


! LaTeX Error: Missing \begin{document}.

See the LaTeX manual or LaTeX Companion for explanation.
Type  H <return>  for immediate help.
 ...                                              
                                                  
l.11 根
      据一般的常识，用简单的加倍办法常常可以增加系统的可靠程度。例如，以图\ref{fig:18_1}(a)所表示的系统而论，假设它有这种特性：如...

You're in trouble here.  Try typing  <return>  to proceed.
If that doesn't work, type  X <return>  to quit.

Missing character: There is no 根 ("6839) in font nullfont!
Missing character: There is no 据 ("636E) in font nullfont!
Missing character: There is no 一 ("4E00) in font nullfont!
Missing character: There is no 般 ("822C) in font nullfont!
Missing character: There is no 的 ("7684) in font nullfont!
Missing character: There is no 常 ("5E38) in font nullfont!
Missing character: There is no 识 ("8BC6) in font nullfont!
Missing character: There is no ， ("FF0C) in font nullfont!
Missing character: There is no 用 ("7528) in font nullfont!
Missing character: There is no 简 ("7B80) in font nullfont!
Missing character: There is no 单 ("5355) in font nullfont!
Missing character: There is no 的 ("7684) in font nullfont!
Missing character: There is no 加 ("52A0) in font nullfont!
Missing character: There is no 倍 ("500D) in font nullfont!
Missing character: There is no 办 ("529E) in font nullfont!
Missing character: There is no 法 ("6CD5) in font nullfont!
Missing character: There is no 常 ("5E38) in font nullfont!
Missing character: There is no 常 ("5E38) in font nullfont!
Missing character: There is no 可 ("53EF) in font nullfont!
Missing character: There is no 以 ("4EE5) in font nullfont!
Missing character: There is no 增 ("589E) in font nullfont!
Missing character: There is no 加 ("52A0) in font nullfont!
Missing character: There is no 系 ("7CFB) in font nullfont!
Missing character: There is no 统 ("7EDF) in font nullfont!
Missing character: There is no 的 ("7684) in font nullfont!
Missing character: There is no 可 ("53EF) in font nullfont!
Missing character: There is no 靠 ("9760) in font nullfont!
Missing character: There is no 程 ("7A0B) in font nullfont!
Missing character: There is no 度 ("5EA6) in font nullfont!
Missing character: There is no 。 ("3002) in font nullfont!
Missing character: There is no 例 ("4F8B) in font nullfont!
Missing character: There is no 如 ("5982) in font nullfont!
Missing character: There is no ， ("FF0C) in font nullfont!
Missing character: There is no 以 ("4EE5) in font nullfont!
Missing character: There is no 图 ("56FE) in font nullfont!
! Undefined control sequence.
<write> ... Reference `fig:18_1' on page \thepage 
                                                  \space undefined\on@line .^^J
l.11 ...，用简单的加倍办法常常可以增加系统的可靠程度。例如，以图\ref{fig:18_1}
                                                  (a)所表示的系统而论，假设它有这种特性：如果它的运...
The control sequence at the end of the top line
of your error message was never \def'ed. If you have
misspelled it (e.g., `\hobx'), type `I' and the correct
spelling (e.g., `I\hbox'). Otherwise just continue,
and I'll forget about whatever was undefined.


LaTeX Warning: Reference `fig:18_1' on page  undefined on input line 11.

Missing character: There is no ( ("28) in font nullfont!
Missing character: There is no a ("61) in font nullfont!
Missing character: There is no ) ("29) in font nullfont!
Missing character: There is no 所 ("6240) in font nullfont!
Missing character: There is no 表 ("8868) in font nullfont!
Missing character: There is no 示 ("793A) in font nullfont!
Missing character: There is no 的 ("7684) in font nullfont!
Missing character: There is no 系 ("7CFB) in font nullfont!
Missing character: There is no 统 ("7EDF) in font nullfont!
Missing character: There is no 而 ("800C) in font nullfont!
Missing character: There is no 论 ("8BBA) in font nullfont!
Missing character: There is no ， ("FF0C) in font nullfont!
Missing character: There is no 假 ("5047) in font nullfont!
Missing character: There is no 设 ("8BBE) in font nullfont!
Missing character: There is no 它 ("5B83) in font nullfont!
Missing character: There is no 有 ("6709) in font nullfont!
Missing character: There is no 这 ("8FD9) in font nullfont!
Missing character: There is no 种 ("79CD) in font nullfont!
Missing character: There is no 特 ("7279) in font nullfont!
Missing character: There is no 性 ("6027) in font nullfont!
Missing character: There is no ： ("FF1A) in font nullfont!
Missing character: There is no 如 ("5982) in font nullfont!
Missing character: There is no 果 ("679C) in font nullfont!
Missing character: There is no 它 ("5B83) in font nullfont!
Missing character: There is no 的 ("7684) in font nullfont!
Missing character: There is no 运 ("8FD0) in font nullfont!
Missing character: There is no 转 ("8F6C) in font nullfont!
Missing character: There is no 失 ("5931) in font nullfont!
Missing character: There is no 效 ("6548) in font nullfont!
Missing character: There is no 仅 ("4EC5) in font nullfont!
Missing character: There is no 仅 ("4EC5) in font nullfont!
Missing character: There is no 是 ("662F) in font nullfont!
Missing character: There is no 没 ("6CA1) in font nullfont!
Missing character: There is no 有 ("6709) in font nullfont!
Missing character: There is no 输 ("8F93) in font nullfont!
Missing character: There is no 出 ("51FA) in font nullfont!
Missing character: There is no 而 ("800C) in font nullfont!
Missing character: There is no 已 ("5DF2) in font nullfont!
Missing character: There is no ， ("FF0C) in font nullfont!
Missing character: There is no 这 ("8FD9) in font nullfont!
Missing character: There is no 时 ("65F6) in font nullfont!
Missing character: There is no 为 ("4E3A) in font nullfont!
Missing character: There is no 了 ("4E86) in font nullfont!
Missing character: There is no 保 ("4FDD) in font nullfont!
Missing character: There is no 证 ("8BC1) in font nullfont!
Missing character: There is no 系 ("7CFB) in font nullfont!
Missing character: There is no 统 ("7EDF) in font nullfont!
Missing character: There is no 有 ("6709) in font nullfont!
Missing character: There is no 较 ("8F83) in font nullfont!
Missing character: There is no 小 ("5C0F) in font nullfont!
Missing character: There is no 的 ("7684) in font nullfont!
Missing character: There is no 失 ("5931) in font nullfont!
Missing character: There is no 效 ("6548) in font nullfont!
Missing character: There is no 概 ("6982) in font nullfont!
Missing character: There is no 率 ("7387) in font nullfont!
Missing character: There is no ， ("FF0C) in font nullfont!
Missing character: There is no 我 ("6211) in font nullfont!
Missing character: There is no 们 ("4EEC) in font nullfont!
Missing character: There is no 用 ("7528) in font nullfont!
Missing character: There is no 加 ("52A0) in font nullfont!
Missing character: There is no 倍 ("500D) in font nullfont!
Missing character: There is no 的 ("7684) in font nullfont!
Missing character: There is no 办 ("529E) in font nullfont!
Missing character: There is no 法 ("6CD5) in font nullfont!
Missing character: There is no 可 ("53EF) in font nullfont!
Missing character: There is no 以 ("4EE5) in font nullfont!
Missing character: There is no 把 ("628A) in font nullfont!
Missing character: There is no 同 ("540C) in font nullfont!
Missing character: There is no 样 ("6837) in font nullfont!
Missing character: There is no 的 ("7684) in font nullfont!
Missing character: There is no 系 ("7CFB) in font nullfont!
Missing character: There is no 统 ("7EDF) in font nullfont!
Missing character: There is no 并 ("5E76) in font nullfont!
Missing character: There is no 联 ("8054) in font nullfont!
Missing character: There is no 起 ("8D77) in font nullfont!
Missing character: There is no 来 ("6765) in font nullfont!
Missing character: There is no ， ("FF0C) in font nullfont!
Missing character: There is no 如 ("5982) in font nullfont!
Missing character: There is no 图 ("56FE) in font nullfont!
! Undefined control sequence.
<write> ... Reference `fig:18_1' on page \thepage 
                                                  \space undefined\on@line .^^J
l.11 ...失效概率，我们用加倍的办法可以把同样的系统并联起来，如图\ref{fig:18_1}
                                                  (b)。假设原来系统失效的概率等于 $p$（$p$ ...
The control sequence at the end of the top line
of your error message was never \def'ed. If you have
misspelled it (e.g., `\hobx'), type `I' and the correct
spelling (e.g., `I\hbox'). Otherwise just continue,
and I'll forget about whatever was undefined.


LaTeX Warning: Reference `fig:18_1' on page  undefined on input line 11.

Missing character: There is no ( ("28) in font nullfont!
Missing character: There is no b ("62) in font nullfont!
Missing character: There is no ) ("29) in font nullfont!
Missing character: There is no 。 ("3002) in font nullfont!
Missing character: There is no 假 ("5047) in font nullfont!
Missing character: There is no 设 ("8BBE) in font nullfont!
Missing character: There is no 原 ("539F) in font nullfont!
Missing character: There is no 来 ("6765) in font nullfont!
Missing character: There is no 系 ("7CFB) in font nullfont!
Missing character: There is no 统 ("7EDF) in font nullfont!
Missing character: There is no 失 ("5931) in font nullfont!
Missing character: There is no 效 ("6548) in font nullfont!
Missing character: There is no 的 ("7684) in font nullfont!
Missing character: There is no 概 ("6982) in font nullfont!
Missing character: There is no 率 ("7387) in font nullfont!
Missing character: There is no 等 ("7B49) in font nullfont!
Missing character: There is no 于 ("4E8E) in font nullfont!
Missing character: There is no （ ("FF08) in font nullfont!
Missing character: There is no 是 ("662F) in font nullfont!
Missing character: There is no 一 ("4E00) in font nullfont!
Missing character: There is no 个 ("4E2A) in font nullfont!
Missing character: There is no 在 ("5728) in font nullfont!
Missing character: There is no 零 ("96F6) in font nullfont!
Missing character: There is no 与 ("4E0E) in font nullfont!
Missing character: There is no 之 ("4E4B) in font nullfont!
Missing character: There is no 间 ("95F4) in font nullfont!
Missing character: There is no 的 ("7684) in font nullfont!
Missing character: There is no 数 ("6570) in font nullfont!
Missing character: There is no 目 ("76EE) in font nullfont!
Missing character: There is no ） ("FF09) in font nullfont!
Missing character: There is no ， ("FF0C) in font nullfont!
Missing character: There is no 于 ("4E8E) in font nullfont!
Missing character: There is no 是 ("662F) in font nullfont!
Missing character: There is no 在 ("5728) in font nullfont!
Missing character: There is no 并 ("5E76) in font nullfont!
Missing character: There is no 联 ("8054) in font nullfont!
Missing character: There is no 的 ("7684) in font nullfont!
Missing character: There is no 系 ("7CFB) in font nullfont!
Missing character: There is no 统 ("7EDF) in font nullfont!
Missing character: There is no 中 ("4E2D) in font nullfont!
Missing character: There is no 每 ("6BCF) in font nullfont!
Missing character: There is no 一 ("4E00) in font nullfont!
Missing character: There is no 个 ("4E2A) in font nullfont!
Missing character: There is no 单 ("5355) in font nullfont!
Missing character: There is no 元 ("5143) in font nullfont!
Missing character: There is no 失 ("5931) in font nullfont!
Missing character: There is no 效 ("6548) in font nullfont!
Missing character: There is no 的 ("7684) in font nullfont!
Missing character: There is no 概 ("6982) in font nullfont!
Missing character: There is no 率 ("7387) in font nullfont!
Missing character: There is no 也 ("4E5F) in font nullfont!
Missing character: There is no 是 ("662F) in font nullfont!
Missing character: There is no 。 ("3002) in font nullfont!
Missing character: There is no 如 ("5982) in font nullfont!
Missing character: There is no 果 ("679C) in font nullfont!
Missing character: There is no 并 ("5E76) in font nullfont!
Missing character: There is no 联 ("8054) in font nullfont!
Missing character: There is no 而 ("800C) in font nullfont!
Missing character: There is no 成 ("6210) in font nullfont!
Missing character: There is no 的 ("7684) in font nullfont!
Missing character: There is no 系 ("7CFB) in font nullfont!
Missing character: There is no 统 ("7EDF) in font nullfont!
Missing character: There is no 中 ("4E2D) in font nullfont!
Missing character: There is no 各 ("5404) in font nullfont!
Missing character: There is no 个 ("4E2A) in font nullfont!
Missing character: There is no 单 ("5355) in font nullfont!
Missing character: There is no 元 ("5143) in font nullfont!
Missing character: There is no 相 ("76F8) in font nullfont!
Missing character: There is no 互 ("4E92) in font nullfont!
Missing character: There is no 无 ("65E0) in font nullfont!
Missing character: There is no 关 ("5173) in font nullfont!
Missing character: There is no ， ("FF0C) in font nullfont!
Missing character: There is no 只 ("53EA) in font nullfont!
Missing character: There is no 有 ("6709) in font nullfont!
Missing character: There is no 当 ("5F53) in font nullfont!
Missing character: There is no 每 ("6BCF) in font nullfont!
Missing character: There is no 一 ("4E00) in font nullfont!
Missing character: There is no 个 ("4E2A) in font nullfont!
Missing character: There is no 单 ("5355) in font nullfont!
Missing character: There is no 元 ("5143) in font nullfont!
Missing character: There is no 都 ("90FD) in font nullfont!
Missing character: There is no 失 ("5931) in font nullfont!
Missing character: There is no 效 ("6548) in font nullfont!
Missing character: There is no 的 ("7684) in font nullfont!
Missing character: There is no 时 ("65F6) in font nullfont!
Missing character: There is no 候 ("5019) in font nullfont!
Missing character: There is no 并 ("5E76) in font nullfont!
Missing character: There is no 联 ("8054) in font nullfont!
Missing character: There is no 而 ("800C) in font nullfont!
Missing character: There is no 成 ("6210) in font nullfont!
Missing character: There is no 的 ("7684) in font nullfont!
Missing character: There is no 系 ("7CFB) in font nullfont!
Missing character: There is no 统 ("7EDF) in font nullfont!
Missing character: There is no 才 ("624D) in font nullfont!
Missing character: There is no 会 ("4F1A) in font nullfont!
Missing character: There is no 失 ("5931) in font nullfont!
Missing character: There is no 效 ("6548) in font nullfont!
Missing character: There is no 。 ("3002) in font nullfont!
Missing character: There is no 并 ("5E76) in font nullfont!
Missing character: There is no 联 ("8054) in font nullfont!
Missing character: There is no 而 ("800C) in font nullfont!
Missing character: There is no 成 ("6210) in font nullfont!
Missing character: There is no 的 ("7684) in font nullfont!
Missing character: There is no 系 ("7CFB) in font nullfont!
Missing character: There is no 统 ("7EDF) in font nullfont!
Missing character: There is no 失 ("5931) in font nullfont!
Missing character: There is no 效 ("6548) in font nullfont!
Missing character: There is no 的 ("7684) in font nullfont!
Missing character: There is no 概 ("6982) in font nullfont!
Missing character: There is no 率 ("7387) in font nullfont!
Missing character: There is no 于 ("4E8E) in font nullfont!
Missing character: There is no 是 ("662F) in font nullfont!
Missing character: There is no 就 ("5C31) in font nullfont!
Missing character: There is no 等 ("7B49) in font nullfont!
Missing character: There is no 于 ("4E8E) in font nullfont!
Missing character: There is no 。 ("3002) in font nullfont!
Missing character: There is no 使 ("4F7F) in font nullfont!
Missing character: There is no 倍 ("500D) in font nullfont!
Missing character: There is no 数 ("6570) in font nullfont!
Missing character: There is no 增 ("589E) in font nullfont!
Missing character: There is no 加 ("52A0) in font nullfont!
Missing character: There is no ， ("FF0C) in font nullfont!
Missing character: There is no 我 ("6211) in font nullfont!
Missing character: There is no 们 ("4EEC) in font nullfont!
Missing character: There is no 就 ("5C31) in font nullfont!
Missing character: There is no 可 ("53EF) in font nullfont!
Missing character: There is no 以 ("4EE5) in font nullfont!
Missing character: There is no 使 ("4F7F) in font nullfont!
Missing character: There is no 得 ("5F97) in font nullfont!
Missing character: There is no 这 ("8FD9) in font nullfont!
Missing character: There is no 个 ("4E2A) in font nullfont!
Missing character: There is no 概 ("6982) in font nullfont!
Missing character: There is no 率 ("7387) in font nullfont!
Missing character: There is no 非 ("975E) in font nullfont!
Missing character: There is no 常 ("5E38) in font nullfont!
Missing character: There is no 小 ("5C0F) in font nullfont!
Missing character: There is no 。 ("3002) in font nullfont!

Overfull \hbox (41.72pt too wide) in paragraph at lines 11--12
[][][]
 []


Overfull \hbox (10.0625pt too wide) in paragraph at lines 11--12
\OML/cmm/m/it/10 p$$p$
 []


Overfull \hbox (5.00002pt too wide) in paragraph at lines 11--12
\OT1/cmr/m/n/10 1$
 []


Overfull \hbox (5.03125pt too wide) in paragraph at lines 11--12
\OML/cmm/m/it/10 p$
 []


Overfull \hbox (10.47458pt too wide) in paragraph at lines 11--12
\OML/cmm/m/it/10 p[]$
 []


Overfull \hbox (6.00235pt too wide) in paragraph at lines 11--12
\OML/cmm/m/it/10 n$
 []


! LaTeX Error: Environment figure undefined.

See the LaTeX manual or LaTeX Companion for explanation.
Type  H <return>  for immediate help.
 ...                                              
                                                  
l.13 \begin{figure}
                   [h!]
Your command was ignored.
Type  I <command> <return>  to replace it with another command,
or  <return>  to continue without it.


! LaTeX Error: Missing \begin{document}.

See the LaTeX manual or LaTeX Companion for explanation.
Type  H <return>  for immediate help.
 ...                                              
                                                  
l.13 \begin{figure}[
                    h!]
You're in trouble here.  Try typing  <return>  to proceed.
If that doesn't work, type  X <return>  to quit.

Missing character: There is no [ ("5B) in font nullfont!
Missing character: There is no h ("68) in font nullfont!
Missing character: There is no ! ("21) in font nullfont!
Missing character: There is no ] ("5D) in font nullfont!
! Undefined control sequence.
l.15 \includegraphics
                     [width=0.5\textwidth]{图18.1.png}
The control sequence at the end of the top line
of your error message was never \def'ed. If you have
misspelled it (e.g., `\hobx'), type `I' and the correct
spelling (e.g., `I\hbox'). Otherwise just continue,
and I'll forget about whatever was undefined.

Missing character: There is no [ ("5B) in font nullfont!
Missing character: There is no w ("77) in font nullfont!
Missing character: There is no i ("69) in font nullfont!
Missing character: There is no d ("64) in font nullfont!
Missing character: There is no t ("74) in font nullfont!
Missing character: There is no h ("68) in font nullfont!
Missing character: There is no = ("3D) in font nullfont!
Missing character: There is no 0 ("30) in font nullfont!
Missing character: There is no . ("2E) in font nullfont!
Missing character: There is no 5 ("35) in font nullfont!
! Missing number, treated as zero.
<to be read again> 
                   ]
l.15 \includegraphics[width=0.5\textwidth]
                                          {图18.1.png}
A number should have been here; I inserted `0'.
(If you can't figure out why I needed to see a number,
look up `weird error' in the index to The TeXbook.)

! Illegal unit of measure (pt inserted).
<to be read again> 
                   ]
l.15 \includegraphics[width=0.5\textwidth]
                                          {图18.1.png}
Dimensions can be in units of em, ex, in, pt, pc,
cm, mm, dd, cc, bp, or sp; but yours is a new one!
I'll assume that you meant to say pt, for printer's points.
To recover gracefully from this error, it's best to
delete the erroneous units; e.g., type `2' to delete
two letters. (See Chapter 27 of The TeXbook.)

Missing character: There is no ] ("5D) in font nullfont!
Missing character: There is no 图 ("56FE) in font nullfont!
Missing character: There is no 1 ("31) in font nullfont!
Missing character: There is no 8 ("38) in font nullfont!
Missing character: There is no . ("2E) in font nullfont!
Missing character: There is no 1 ("31) in font nullfont!
Missing character: There is no . ("2E) in font nullfont!
Missing character: There is no p ("70) in font nullfont!
Missing character: There is no n ("6E) in font nullfont!
Missing character: There is no g ("67) in font nullfont!

! LaTeX Error: \caption outside float.

See the LaTeX manual or LaTeX Companion for explanation.
Type  H <return>  for immediate help.
 ...                                              
                                                  
l.16 \caption
             {}
You're in trouble here.  Try typing  <return>  to proceed.
If that doesn't work, type  X <return>  to quit.


! LaTeX Error: \begin{document} ended by \end{figure}.

See the LaTeX manual or LaTeX Companion for explanation.
Type  H <return>  for immediate help.
 ...                                              
                                                  
l.18 \end{figure}
                 
Your command was ignored.
Type  I <command> <return>  to replace it with another command,
or  <return>  to continue without it.


Overfull \hbox (20.0pt too wide) in paragraph at lines 13--19
[]
 []


! LaTeX Error: Missing \begin{document}.

See the LaTeX manual or LaTeX Companion for explanation.
Type  H <return>  for immediate help.
 ...                                              
                                                  
l.20 但
      是，一般说来，控制系统中的某一个元件的失效，并不使它的输出等于零。与上一段的情形相比较，这时的失效影响会更坏些，这时系统仍然还有一个输出，但...

You're in trouble here.  Try typing  <return>  to proceed.
If that doesn't work, type  X <return>  to quit.

Missing character: There is no 但 ("4F46) in font nullfont!
Missing character: There is no 是 ("662F) in font nullfont!
Missing character: There is no ， ("FF0C) in font nullfont!
Missing character: There is no 一 ("4E00) in font nullfont!
Missing character: There is no 般 ("822C) in font nullfont!
Missing character: There is no 说 ("8BF4) in font nullfont!
Missing character: There is no 来 ("6765) in font nullfont!
Missing character: There is no ， ("FF0C) in font nullfont!
Missing character: There is no 控 ("63A7) in font nullfont!
Missing character: There is no 制 ("5236) in font nullfont!
Missing character: There is no 系 ("7CFB) in font nullfont!
Missing character: There is no 统 ("7EDF) in font nullfont!
Missing character: There is no 中 ("4E2D) in font nullfont!
Missing character: There is no 的 ("7684) in font nullfont!
Missing character: There is no 某 ("67D0) in font nullfont!
Missing character: There is no 一 ("4E00) in font nullfont!
Missing character: There is no 个 ("4E2A) in font nullfont!
Missing character: There is no 元 ("5143) in font nullfont!
Missing character: There is no 件 ("4EF6) in font nullfont!
Missing character: There is no 的 ("7684) in font nullfont!
Missing character: There is no 失 ("5931) in font nullfont!
Missing character: There is no 效 ("6548) in font nullfont!
Missing character: There is no ， ("FF0C) in font nullfont!
Missing character: There is no 并 ("5E76) in font nullfont!
Missing character: There is no 不 ("4E0D) in font nullfont!
Missing character: There is no 使 ("4F7F) in font nullfont!
Missing character: There is no 它 ("5B83) in font nullfont!
Missing character: There is no 的 ("7684) in font nullfont!
Missing character: There is no 输 ("8F93) in font nullfont!
Missing character: There is no 出 ("51FA) in font nullfont!
Missing character: There is no 等 ("7B49) in font nullfont!
Missing character: There is no 于 ("4E8E) in font nullfont!
Missing character: There is no 零 ("96F6) in font nullfont!
Missing character: There is no 。 ("3002) in font nullfont!
Missing character: There is no 与 ("4E0E) in font nullfont!
Missing character: There is no 上 ("4E0A) in font nullfont!
Missing character: There is no 一 ("4E00) in font nullfont!
Missing character: There is no 段 ("6BB5) in font nullfont!
Missing character: There is no 的 ("7684) in font nullfont!
Missing character: There is no 情 ("60C5) in font nullfont!
Missing character: There is no 形 ("5F62) in font nullfont!
Missing character: There is no 相 ("76F8) in font nullfont!
Missing character: There is no 比 ("6BD4) in font nullfont!
Missing character: There is no 较 ("8F83) in font nullfont!
Missing character: There is no ， ("FF0C) in font nullfont!
Missing character: There is no 这 ("8FD9) in font nullfont!
Missing character: There is no 时 ("65F6) in font nullfont!
Missing character: There is no 的 ("7684) in font nullfont!
Missing character: There is no 失 ("5931) in font nullfont!
Missing character: There is no 效 ("6548) in font nullfont!
Missing character: There is no 影 ("5F71) in font nullfont!
Missing character: There is no 响 ("54CD) in font nullfont!
Missing character: There is no 会 ("4F1A) in font nullfont!
Missing character: There is no 更 ("66F4) in font nullfont!
Missing character: There is no 坏 ("574F) in font nullfont!
Missing character: There is no 些 ("4E9B) in font nullfont!
Missing character: There is no ， ("FF0C) in font nullfont!
Missing character: There is no 这 ("8FD9) in font nullfont!
Missing character: There is no 时 ("65F6) in font nullfont!
Missing character: There is no 系 ("7CFB) in font nullfont!
Missing character: There is no 统 ("7EDF) in font nullfont!
Missing character: There is no 仍 ("4ECD) in font nullfont!
Missing character: There is no 然 ("7136) in font nullfont!
Missing character: There is no 还 ("8FD8) in font nullfont!
Missing character: There is no 有 ("6709) in font nullfont!
Missing character: There is no 一 ("4E00) in font nullfont!
Missing character: There is no 个 ("4E2A) in font nullfont!
Missing character: There is no 输 ("8F93) in font nullfont!
Missing character: There is no 出 ("51FA) in font nullfont!
Missing character: There is no ， ("FF0C) in font nullfont!
Missing character: There is no 但 ("4F46) in font nullfont!
Missing character: There is no 是 ("662F) in font nullfont!
Missing character: There is no 这 ("8FD9) in font nullfont!
Missing character: There is no 是 ("662F) in font nullfont!
Missing character: There is no 个 ("4E2A) in font nullfont!
Missing character: There is no 错 ("9519) in font nullfont!
Missing character: There is no 误 ("8BEF) in font nullfont!
Missing character: There is no 的 ("7684) in font nullfont!
Missing character: There is no 输 ("8F93) in font nullfont!
Missing character: There is no 出 ("51FA) in font nullfont!
Missing character: There is no ， ("FF0C) in font nullfont!
Missing character: There is no 因 ("56E0) in font nullfont!
Missing character: There is no 此 ("6B64) in font nullfont!
Missing character: There is no ， ("FF0C) in font nullfont!
Missing character: There is no 像 ("50CF) in font nullfont!
Missing character: There is no 上 ("4E0A) in font nullfont!
Missing character: There is no 面 ("9762) in font nullfont!
Missing character: There is no 谈 ("8C08) in font nullfont!
Missing character: There is no 到 ("5230) in font nullfont!
Missing character: There is no 的 ("7684) in font nullfont!
Missing character: There is no 加 ("52A0) in font nullfont!
Missing character: There is no 倍 ("500D) in font nullfont!
Missing character: There is no 方 ("65B9) in font nullfont!
Missing character: There is no 法 ("6CD5) in font nullfont!
Missing character: There is no ， ("FF0C) in font nullfont!
Missing character: There is no 就 ("5C31) in font nullfont!
Missing character: There is no 不 ("4E0D) in font nullfont!
Missing character: There is no 可 ("53EF) in font nullfont!
Missing character: There is no 能 ("80FD) in font nullfont!
Missing character: There is no 解 ("89E3) in font nullfont!
Missing character: There is no 决 ("51B3) in font nullfont!
Missing character: There is no 问 ("95EE) in font nullfont!
Missing character: There is no 题 ("9898) in font nullfont!
Missing character: There is no ， ("FF0C) in font nullfont!
Missing character: There is no 因 ("56E0) in font nullfont!
Missing character: There is no 为 ("4E3A) in font nullfont!
Missing character: There is no 一 ("4E00) in font nullfont!
Missing character: There is no 个 ("4E2A) in font nullfont!
Missing character: There is no 错 ("9519) in font nullfont!
Missing character: There is no 误 ("8BEF) in font nullfont!
Missing character: There is no 的 ("7684) in font nullfont!
Missing character: There is no 信 ("4FE1) in font nullfont!
Missing character: There is no 号 ("53F7) in font nullfont!
Missing character: There is no 混 ("6DF7) in font nullfont!
Missing character: There is no 杂 ("6742) in font nullfont!
Missing character: There is no 在 ("5728) in font nullfont!
Missing character: There is no 正 ("6B63) in font nullfont!
Missing character: There is no 确 ("786E) in font nullfont!
Missing character: There is no 的 ("7684) in font nullfont!
Missing character: There is no 信 ("4FE1) in font nullfont!
Missing character: There is no 号 ("53F7) in font nullfont!
Missing character: There is no 中 ("4E2D) in font nullfont!
Missing character: There is no 其 ("5176) in font nullfont!
Missing character: There is no 结 ("7ED3) in font nullfont!
Missing character: There is no 果 ("679C) in font nullfont!
Missing character: There is no 仍 ("4ECD) in font nullfont!
Missing character: There is no 然 ("7136) in font nullfont!
Missing character: There is no 是 ("662F) in font nullfont!
Missing character: There is no 错 ("9519) in font nullfont!
Missing character: There is no 误 ("8BEF) in font nullfont!
Missing character: There is no 信 ("4FE1) in font nullfont!
Missing character: There is no 号 ("53F7) in font nullfont!
Missing character: There is no 。 ("3002) in font nullfont!
Missing character: There is no 因 ("56E0) in font nullfont!
Missing character: There is no 此 ("6B64) in font nullfont!
Missing character: There is no ， ("FF0C) in font nullfont!
Missing character: There is no 对 ("5BF9) in font nullfont!
Missing character: There is no 于 ("4E8E) in font nullfont!
Missing character: There is no 防 ("9632) in font nullfont!
Missing character: There is no 止 ("6B62) in font nullfont!
Missing character: There is no 失 ("5931) in font nullfont!
Missing character: There is no 效 ("6548) in font nullfont!
Missing character: There is no 说 ("8BF4) in font nullfont!
Missing character: There is no 来 ("6765) in font nullfont!
Missing character: There is no ， ("FF0C) in font nullfont!
Missing character: There is no 如 ("5982) in font nullfont!
Missing character: There is no 果 ("679C) in font nullfont!
Missing character: There is no 系 ("7CFB) in font nullfont!
Missing character: There is no 统 ("7EDF) in font nullfont!
Missing character: There is no 中 ("4E2D) in font nullfont!
Missing character: There is no 有 ("6709) in font nullfont!
Missing character: There is no 这 ("8FD9) in font nullfont!
Missing character: There is no 种 ("79CD) in font nullfont!
Missing character: There is no 失 ("5931) in font nullfont!
Missing character: There is no 灵 ("7075) in font nullfont!
Missing character: There is no 情 ("60C5) in font nullfont!
Missing character: There is no 况 ("51B5) in font nullfont!
Missing character: There is no ， ("FF0C) in font nullfont!
Missing character: There is no 并 ("5E76) in font nullfont!
Missing character: There is no 联 ("8054) in font nullfont!
Missing character: There is no 而 ("800C) in font nullfont!
Missing character: There is no 成 ("6210) in font nullfont!
Missing character: There is no 的 ("7684) in font nullfont!
Missing character: There is no 系 ("7CFB) in font nullfont!
Missing character: There is no 统 ("7EDF) in font nullfont!
Missing character: There is no 失 ("5931) in font nullfont!
Missing character: There is no 灵 ("7075) in font nullfont!
Missing character: There is no 的 ("7684) in font nullfont!
Missing character: There is no 概 ("6982) in font nullfont!
Missing character: There is no 率 ("7387) in font nullfont!
Missing character: There is no 和 ("548C) in font nullfont!
Missing character: There is no 单 ("5355) in font nullfont!
Missing character: There is no 独 ("72EC) in font nullfont!
Missing character: There is no 一 ("4E00) in font nullfont!
Missing character: There is no 个 ("4E2A) in font nullfont!
Missing character: There is no 系 ("7CFB) in font nullfont!
Missing character: There is no 统 ("7EDF) in font nullfont!
Missing character: There is no 失 ("5931) in font nullfont!
Missing character: There is no 灵 ("7075) in font nullfont!
Missing character: There is no 的 ("7684) in font nullfont!
Missing character: There is no 概 ("6982) in font nullfont!
Missing character: There is no 率 ("7387) in font nullfont!
Missing character: There is no 相 ("76F8) in font nullfont!
Missing character: There is no 等 ("7B49) in font nullfont!
Missing character: There is no ； ("FF1B) in font nullfont!
Missing character: There is no 结 ("7ED3) in font nullfont!
Missing character: There is no 果 ("679C) in font nullfont!
Missing character: There is no ， ("FF0C) in font nullfont!
Missing character: There is no 可 ("53EF) in font nullfont!
Missing character: There is no 靠 ("9760) in font nullfont!
Missing character: There is no 性 ("6027) in font nullfont!
Missing character: There is no 并 ("5E76) in font nullfont!
Missing character: There is no 没 ("6CA1) in font nullfont!
Missing character: There is no 有 ("6709) in font nullfont!
Missing character: There is no 得 ("5F97) in font nullfont!
Missing character: There is no 到 ("5230) in font nullfont!
Missing character: There is no 改 ("6539) in font nullfont!
Missing character: There is no 善 ("5584) in font nullfont!
Missing character: There is no 。 ("3002) in font nullfont!
Missing character: There is no 所 ("6240) in font nullfont!
Missing character: There is no 以 ("4EE5) in font nullfont!
Missing character: There is no 误 ("8BEF) in font nullfont!
Missing character: There is no 差 ("5DEE) in font nullfont!
Missing character: There is no 的 ("7684) in font nullfont!
Missing character: There is no 控 ("63A7) in font nullfont!
Missing character: There is no 制 ("5236) in font nullfont!
Missing character: There is no 问 ("95EE) in font nullfont!
Missing character: There is no 题 ("9898) in font nullfont!
Missing character: There is no 并 ("5E76) in font nullfont!
Missing character: There is no 不 ("4E0D) in font nullfont!
Missing character: There is no 像 ("50CF) in font nullfont!
Missing character: There is no 最 ("6700) in font nullfont!
Missing character: There is no 初 ("521D) in font nullfont!
Missing character: There is no 想 ("60F3) in font nullfont!
Missing character: There is no 像 ("50CF) in font nullfont!
Missing character: There is no 那 ("90A3) in font nullfont!
Missing character: There is no 么 ("4E48) in font nullfont!
Missing character: There is no 简 ("7B80) in font nullfont!
Missing character: There is no 单 ("5355) in font nullfont!
Missing character: There is no 而 ("800C) in font nullfont!
Missing character: There is no 是 ("662F) in font nullfont!
Missing character: There is no 一 ("4E00) in font nullfont!
Missing character: There is no 个 ("4E2A) in font nullfont!
Missing character: There is no 比 ("6BD4) in font nullfont!
Missing character: There is no 较 ("8F83) in font nullfont!
Missing character: There is no 深 ("6DF1) in font nullfont!
Missing character: There is no 刻 ("523B) in font nullfont!
Missing character: There is no 、 ("3001) in font nullfont!
Missing character: There is no 比 ("6BD4) in font nullfont!
Missing character: There is no 较 ("8F83) in font nullfont!
Missing character: There is no 困 ("56F0) in font nullfont!
Missing character: There is no 难 ("96BE) in font nullfont!
Missing character: There is no 的 ("7684) in font nullfont!
Missing character: There is no 问 ("95EE) in font nullfont!
Missing character: There is no 题 ("9898) in font nullfont!
Missing character: There is no 。 ("3002) in font nullfont!
Missing character: There is no 虽 ("867D) in font nullfont!
Missing character: There is no 然 ("7136) in font nullfont!
Missing character: There is no 如 ("5982) in font nullfont!
Missing character: There is no 此 ("6B64) in font nullfont!
Missing character: There is no ， ("FF0C) in font nullfont!
Missing character: There is no 以 ("4EE5) in font nullfont!
Missing character: There is no 后 ("540E) in font nullfont!
Missing character: There is no 还 ("8FD8) in font nullfont!
Missing character: There is no 会 ("4F1A) in font nullfont!
Missing character: There is no 看 ("770B) in font nullfont!
Missing character: There is no 到 ("5230) in font nullfont!
Missing character: There is no ， ("FF0C) in font nullfont!
Missing character: There is no 加 ("52A0) in font nullfont!
Missing character: There is no 倍 ("500D) in font nullfont!
Missing character: There is no 的 ("7684) in font nullfont!
Missing character: There is no 原 ("539F) in font nullfont!
Missing character: There is no 理 ("7406) in font nullfont!
Missing character: There is no ， ("FF0C) in font nullfont!
Missing character: There is no 也 ("4E5F) in font nullfont!
Missing character: There is no 即 ("5373) in font nullfont!
Missing character: There is no 需 ("9700) in font nullfont!
Missing character: There is no 要 ("8981) in font nullfont!
Missing character: There is no 增 ("589E) in font nullfont!
Missing character: There is no 加 ("52A0) in font nullfont!
Missing character: There is no 元 ("5143) in font nullfont!
Missing character: There is no 件 ("4EF6) in font nullfont!
Missing character: There is no 数 ("6570) in font nullfont!
Missing character: There is no 目 ("76EE) in font nullfont!
Missing character: There is no 这 ("8FD9) in font nullfont!
Missing character: There is no 一 ("4E00) in font nullfont!
Missing character: There is no 原 ("539F) in font nullfont!
Missing character: There is no 理 ("7406) in font nullfont!
Missing character: There is no 仍 ("4ECD) in font nullfont!
Missing character: There is no 然 ("7136) in font nullfont!
Missing character: There is no 是 ("662F) in font nullfont!
Missing character: There is no 基 ("57FA) in font nullfont!
Missing character: There is no 本 ("672C) in font nullfont!
Missing character: There is no 的 ("7684) in font nullfont!
Missing character: There is no 想 ("60F3) in font nullfont!
Missing character: There is no 法 ("6CD5) in font nullfont!
Missing character: There is no 。 ("3002) in font nullfont!
Missing character: There is no 主 ("4E3B) in font nullfont!
Missing character: There is no 要 ("8981) in font nullfont!
Missing character: There is no 的 ("7684) in font nullfont!
Missing character: There is no 问 ("95EE) in font nullfont!
Missing character: There is no 题 ("9898) in font nullfont!
Missing character: There is no 在 ("5728) in font nullfont!
Missing character: There is no 于 ("4E8E) in font nullfont!
Missing character: There is no 如 ("5982) in font nullfont!
Missing character: There is no 何 ("4F55) in font nullfont!
Missing character: There is no 把 ("628A) in font nullfont!
Missing character: There is no 这 ("8FD9) in font nullfont!
Missing character: There is no 些 ("4E9B) in font nullfont!
Missing character: There is no 元 ("5143) in font nullfont!
Missing character: There is no 件 ("4EF6) in font nullfont!
Missing character: There is no 按 ("6309) in font nullfont!
Missing character: There is no 新 ("65B0) in font nullfont!
Missing character: There is no 的 ("7684) in font nullfont!
Missing character: There is no 方 ("65B9) in font nullfont!
Missing character: There is no 式 ("5F0F) in font nullfont!
Missing character: There is no 组 ("7EC4) in font nullfont!
Missing character: There is no 合 ("5408) in font nullfont!
Missing character: There is no 起 ("8D77) in font nullfont!
Missing character: There is no 来 ("6765) in font nullfont!
Missing character: There is no 才 ("624D) in font nullfont!
Missing character: There is no 能 ("80FD) in font nullfont!
Missing character: There is no 有 ("6709) in font nullfont!
Missing character: There is no 效 ("6548) in font nullfont!
Missing character: There is no 地 ("5730) in font nullfont!
Missing character: There is no 控 ("63A7) in font nullfont!
Missing character: There is no 制 ("5236) in font nullfont!
Missing character: There is no 误 ("8BEF) in font nullfont!
Missing character: There is no 差 ("5DEE) in font nullfont!
Missing character: There is no ， ("FF0C) in font nullfont!
Missing character: There is no 因 ("56E0) in font nullfont!
Missing character: There is no 为 ("4E3A) in font nullfont!
Missing character: There is no 像 ("50CF) in font nullfont!
! Undefined control sequence.
<write> ... Reference `fig:18_1' on page \thepage 
                                                  \space undefined\on@line .^^J
l.20 ...何把这些元件按新的方式组合起来才能有效地控制误差，因为像\ref{fig:18_1}
                                                  (b)那样简单的并联组合并不总是有效的。
The control sequence at the end of the top line
of your error message was never \def'ed. If you have
misspelled it (e.g., `\hobx'), type `I' and the correct
spelling (e.g., `I\hbox'). Otherwise just continue,
and I'll forget about whatever was undefined.


LaTeX Warning: Reference `fig:18_1' on page  undefined on input line 20.

Missing character: There is no ( ("28) in font nullfont!
Missing character: There is no b ("62) in font nullfont!
Missing character: There is no ) ("29) in font nullfont!
Missing character: There is no 那 ("90A3) in font nullfont!
Missing character: There is no 样 ("6837) in font nullfont!
Missing character: There is no 简 ("7B80) in font nullfont!
Missing character: There is no 单 ("5355) in font nullfont!
Missing character: There is no 的 ("7684) in font nullfont!
Missing character: There is no 并 ("5E76) in font nullfont!
Missing character: There is no 联 ("8054) in font nullfont!
Missing character: There is no 组 ("7EC4) in font nullfont!
Missing character: There is no 合 ("5408) in font nullfont!
Missing character: There is no 并 ("5E76) in font nullfont!
Missing character: There is no 不 ("4E0D) in font nullfont!
Missing character: There is no 总 ("603B) in font nullfont!
Missing character: There is no 是 ("662F) in font nullfont!
Missing character: There is no 有 ("6709) in font nullfont!
Missing character: There is no 效 ("6548) in font nullfont!
Missing character: There is no 的 ("7684) in font nullfont!
Missing character: There is no 。 ("3002) in font nullfont!

Overfull \hbox (30.86pt too wide) in paragraph at lines 20--21
[][] 
 []

! Undefined control sequence.
l.22 \section
             {基本元件}
The control sequence at the end of the top line
of your error message was never \def'ed. If you have
misspelled it (e.g., `\hobx'), type `I' and the correct
spelling (e.g., `I\hbox'). Otherwise just continue,
and I'll forget about whatever was undefined.


! LaTeX Error: Missing \begin{document}.

See the LaTeX manual or LaTeX Companion for explanation.
Type  H <return>  for immediate help.
 ...                                              
                                                  
l.22 \section{基
               本元件}
You're in trouble here.  Try typing  <return>  to proceed.
If that doesn't work, type  X <return>  to quit.

Missing character: There is no 基 ("57FA) in font nullfont!
Missing character: There is no 本 ("672C) in font nullfont!
Missing character: There is no 元 ("5143) in font nullfont!
Missing character: There is no 件 ("4EF6) in font nullfont!

Overfull \hbox (20.0pt too wide) in paragraph at lines 22--23
[] 
 []


! LaTeX Error: Missing \begin{document}.

See the LaTeX manual or LaTeX Companion for explanation.
Type  H <return>  for immediate help.
 ...                                              
                                                  
l.24 为
      了分析起来简单起见，我们不来讨论输入和输出都是连续变数的情形，我们选择一个简单的元件作为对象，它的输出和输入只可能取两个离散值：$0$ 或者...

You're in trouble here.  Try typing  <return>  to proceed.
If that doesn't work, type  X <return>  to quit.

Missing character: There is no 为 ("4E3A) in font nullfont!
Missing character: There is no 了 ("4E86) in font nullfont!
Missing character: There is no 分 ("5206) in font nullfont!
Missing character: There is no 析 ("6790) in font nullfont!
Missing character: There is no 起 ("8D77) in font nullfont!
Missing character: There is no 来 ("6765) in font nullfont!
Missing character: There is no 简 ("7B80) in font nullfont!
Missing character: There is no 单 ("5355) in font nullfont!
Missing character: There is no 起 ("8D77) in font nullfont!
Missing character: There is no 见 ("89C1) in font nullfont!
Missing character: There is no ， ("FF0C) in font nullfont!
Missing character: There is no 我 ("6211) in font nullfont!
Missing character: There is no 们 ("4EEC) in font nullfont!
Missing character: There is no 不 ("4E0D) in font nullfont!
Missing character: There is no 来 ("6765) in font nullfont!
Missing character: There is no 讨 ("8BA8) in font nullfont!
Missing character: There is no 论 ("8BBA) in font nullfont!
Missing character: There is no 输 ("8F93) in font nullfont!
Missing character: There is no 入 ("5165) in font nullfont!
Missing character: There is no 和 ("548C) in font nullfont!
Missing character: There is no 输 ("8F93) in font nullfont!
Missing character: There is no 出 ("51FA) in font nullfont!
Missing character: There is no 都 ("90FD) in font nullfont!
Missing character: There is no 是 ("662F) in font nullfont!
Missing character: There is no 连 ("8FDE) in font nullfont!
Missing character: There is no 续 ("7EED) in font nullfont!
Missing character: There is no 变 ("53D8) in font nullfont!
Missing character: There is no 数 ("6570) in font nullfont!
Missing character: There is no 的 ("7684) in font nullfont!
Missing character: There is no 情 ("60C5) in font nullfont!
Missing character: There is no 形 ("5F62) in font nullfont!
Missing character: There is no ， ("FF0C) in font nullfont!
Missing character: There is no 我 ("6211) in font nullfont!
Missing character: There is no 们 ("4EEC) in font nullfont!
Missing character: There is no 选 ("9009) in font nullfont!
Missing character: There is no 择 ("62E9) in font nullfont!
Missing character: There is no 一 ("4E00) in font nullfont!
Missing character: There is no 个 ("4E2A) in font nullfont!
Missing character: There is no 简 ("7B80) in font nullfont!
Missing character: There is no 单 ("5355) in font nullfont!
Missing character: There is no 的 ("7684) in font nullfont!
Missing character: There is no 元 ("5143) in font nullfont!
Missing character: There is no 件 ("4EF6) in font nullfont!
Missing character: There is no 作 ("4F5C) in font nullfont!
Missing character: There is no 为 ("4E3A) in font nullfont!
Missing character: There is no 对 ("5BF9) in font nullfont!
Missing character: There is no 象 ("8C61) in font nullfont!
Missing character: There is no ， ("FF0C) in font nullfont!
Missing character: There is no 它 ("5B83) in font nullfont!
Missing character: There is no 的 ("7684) in font nullfont!
Missing character: There is no 输 ("8F93) in font nullfont!
Missing character: There is no 出 ("51FA) in font nullfont!
Missing character: There is no 和 ("548C) in font nullfont!
Missing character: There is no 输 ("8F93) in font nullfont!
Missing character: There is no 入 ("5165) in font nullfont!
Missing character: There is no 只 ("53EA) in font nullfont!
Missing character: There is no 可 ("53EF) in font nullfont!
Missing character: There is no 能 ("80FD) in font nullfont!
Missing character: There is no 取 ("53D6) in font nullfont!
Missing character: There is no 两 ("4E24) in font nullfont!
Missing character: There is no 个 ("4E2A) in font nullfont!
Missing character: There is no 离 ("79BB) in font nullfont!
Missing character: There is no 散 ("6563) in font nullfont!
Missing character: There is no 值 ("503C) in font nullfont!
Missing character: There is no ： ("FF1A) in font nullfont!
Missing character: There is no 或 ("6216) in font nullfont!
Missing character: There is no 者 ("8005) in font nullfont!
Missing character: There is no ， ("FF0C) in font nullfont!
Missing character: There is no 也 ("4E5F) in font nullfont!
Missing character: There is no 就 ("5C31) in font nullfont!
Missing character: There is no 是 ("662F) in font nullfont!
Missing character: There is no 说 ("8BF4) in font nullfont!
Missing character: There is no ， ("FF0C) in font nullfont!
Missing character: There is no 输 ("8F93) in font nullfont!
Missing character: There is no 入 ("5165) in font nullfont!
Missing character: There is no 或 ("6216) in font nullfont!
Missing character: There is no 者 ("8005) in font nullfont!
Missing character: There is no 是 ("662F) in font nullfont!
Missing character: There is no “ ("201C) in font nullfont!
Missing character: There is no 开 ("5F00) in font nullfont!
Missing character: There is no ” ("201D) in font nullfont!
Missing character: There is no （ ("FF08) in font nullfont!
Missing character: There is no 激 ("6FC0) in font nullfont!
Missing character: There is no 发 ("53D1) in font nullfont!
Missing character: There is no ） ("FF09) in font nullfont!
Missing character: There is no 或 ("6216) in font nullfont!
Missing character: There is no 者 ("8005) in font nullfont!
Missing character: There is no 是 ("662F) in font nullfont!
Missing character: There is no “ ("201C) in font nullfont!
Missing character: There is no 关 ("5173) in font nullfont!
Missing character: There is no ” ("201D) in font nullfont!
Missing character: There is no ， ("FF0C) in font nullfont!
Missing character: There is no 输 ("8F93) in font nullfont!
Missing character: There is no 出 ("51FA) in font nullfont!
Missing character: There is no 或 ("6216) in font nullfont!
Missing character: There is no 者 ("8005) in font nullfont!
Missing character: There is no 是 ("662F) in font nullfont!
Missing character: There is no “ ("201C) in font nullfont!
Missing character: There is no 开 ("5F00) in font nullfont!
Missing character: There is no ” ("201D) in font nullfont!
Missing character: There is no （ ("FF08) in font nullfont!
Missing character: There is no 激 ("6FC0) in font nullfont!
Missing character: There is no 发 ("53D1) in font nullfont!
Missing character: There is no ） ("FF09) in font nullfont!
Missing character: There is no 或 ("6216) in font nullfont!
Missing character: There is no 者 ("8005) in font nullfont!
Missing character: There is no 是 ("662F) in font nullfont!
Missing character: There is no “ ("201C) in font nullfont!
Missing character: There is no 关 ("5173) in font nullfont!
Missing character: There is no ” ("201D) in font nullfont!
Missing character: There is no 。 ("3002) in font nullfont!
Missing character: There is no 这 ("8FD9) in font nullfont!
Missing character: There is no 时 ("65F6) in font nullfont!
Missing character: There is no 元 ("5143) in font nullfont!
Missing character: There is no 件 ("4EF6) in font nullfont!
Missing character: There is no 的 ("7684) in font nullfont!
Missing character: There is no 特 ("7279) in font nullfont!
Missing character: There is no 性 ("6027) in font nullfont!
Missing character: There is no 由 ("7531) in font nullfont!
Missing character: There is no 输 ("8F93) in font nullfont!
Missing character: There is no 入 ("5165) in font nullfont!
Missing character: There is no 和 ("548C) in font nullfont!
Missing character: There is no 输 ("8F93) in font nullfont!
Missing character: There is no 出 ("51FA) in font nullfont!
Missing character: There is no 的 ("7684) in font nullfont!
Missing character: There is no 关 ("5173) in font nullfont!
Missing character: There is no 系 ("7CFB) in font nullfont!
Missing character: There is no 所 ("6240) in font nullfont!
Missing character: There is no 决 ("51B3) in font nullfont!
Missing character: There is no 定 ("5B9A) in font nullfont!
Missing character: There is no 。 ("3002) in font nullfont!
Missing character: There is no 此 ("6B64) in font nullfont!
Missing character: There is no 后 ("540E) in font nullfont!
Missing character: There is no 我 ("6211) in font nullfont!
Missing character: There is no 们 ("4EEC) in font nullfont!
Missing character: There is no 总 ("603B) in font nullfont!
Missing character: There is no 是 ("662F) in font nullfont!
Missing character: There is no 假 ("5047) in font nullfont!
Missing character: There is no 定 ("5B9A) in font nullfont!
Missing character: There is no 元 ("5143) in font nullfont!
Missing character: There is no 件 ("4EF6) in font nullfont!
Missing character: There is no 只 ("53EA) in font nullfont!
Missing character: There is no 能 ("80FD) in font nullfont!
Missing character: There is no 有 ("6709) in font nullfont!
Missing character: There is no 一 ("4E00) in font nullfont!
Missing character: There is no 个 ("4E2A) in font nullfont!
Missing character: There is no 输 ("8F93) in font nullfont!
Missing character: There is no 出 ("51FA) in font nullfont!
Missing character: There is no ， ("FF0C) in font nullfont!
Missing character: There is no 但 ("4F46) in font nullfont!
Missing character: There is no 是 ("662F) in font nullfont!
Missing character: There is no 可 ("53EF) in font nullfont!
Missing character: There is no 以 ("4EE5) in font nullfont!
Missing character: There is no 有 ("6709) in font nullfont!
Missing character: There is no 几 ("51E0) in font nullfont!
Missing character: There is no 个 ("4E2A) in font nullfont!
Missing character: There is no 输 ("8F93) in font nullfont!
Missing character: There is no 入 ("5165) in font nullfont!
Missing character: There is no 。 ("3002) in font nullfont!
Missing character: There is no 这 ("8FD9) in font nullfont!
Missing character: There is no 里 ("91CC) in font nullfont!
Missing character: There is no 输 ("8F93) in font nullfont!
Missing character: There is no 出 ("51FA) in font nullfont!
Missing character: There is no 和 ("548C) in font nullfont!
Missing character: There is no 那 ("90A3) in font nullfont!
Missing character: There is no 些 ("4E9B) in font nullfont!
Missing character: There is no 输 ("8F93) in font nullfont!
Missing character: There is no 入 ("5165) in font nullfont!
Missing character: There is no 之 ("4E4B) in font nullfont!
Missing character: There is no 间 ("95F4) in font nullfont!
Missing character: There is no 也 ("4E5F) in font nullfont!
Missing character: There is no 可 ("53EF) in font nullfont!
Missing character: There is no 以 ("4EE5) in font nullfont!
Missing character: There is no 有 ("6709) in font nullfont!
Missing character: There is no 一 ("4E00) in font nullfont!
Missing character: There is no 个 ("4E2A) in font nullfont!
Missing character: There is no 时 ("65F6) in font nullfont!
Missing character: There is no 滞 ("6EDE) in font nullfont!
Missing character: There is no ， ("FF0C) in font nullfont!
Missing character: There is no 这 ("8FD9) in font nullfont!
Missing character: There is no 里 ("91CC) in font nullfont!
Missing character: There is no ， ("FF0C) in font nullfont!
Missing character: There is no 时 ("65F6) in font nullfont!
Missing character: There is no 滞 ("6EDE) in font nullfont!
Missing character: There is no 的 ("7684) in font nullfont!
Missing character: There is no 意 ("610F) in font nullfont!
Missing character: There is no 义 ("4E49) in font nullfont!
Missing character: There is no 是 ("662F) in font nullfont!
Missing character: There is no ： ("FF1A) in font nullfont!
Missing character: There is no 输 ("8F93) in font nullfont!
Missing character: There is no 入 ("5165) in font nullfont!
Missing character: There is no 激 ("6FC0) in font nullfont!
Missing character: There is no 发 ("53D1) in font nullfont!
Missing character: There is no 后 ("540E) in font nullfont!
Missing character: There is no ， ("FF0C) in font nullfont!
Missing character: There is no 一 ("4E00) in font nullfont!
Missing character: There is no 定 ("5B9A) in font nullfont!
Missing character: There is no 要 ("8981) in font nullfont!
Missing character: There is no 经 ("7ECF) in font nullfont!
Missing character: There is no 过 ("8FC7) in font nullfont!
Missing character: There is no 一 ("4E00) in font nullfont!
Missing character: There is no 定 ("5B9A) in font nullfont!
Missing character: There is no 的 ("7684) in font nullfont!
Missing character: There is no 时 ("65F6) in font nullfont!
Missing character: There is no 间 ("95F4) in font nullfont!
Missing character: There is no 输 ("8F93) in font nullfont!
Missing character: There is no 出 ("51FA) in font nullfont!
Missing character: There is no 才 ("624D) in font nullfont!
Missing character: There is no 激 ("6FC0) in font nullfont!
Missing character: There is no 发 ("53D1) in font nullfont!
Missing character: There is no 。 ("3002) in font nullfont!
Missing character: There is no 所 ("6240) in font nullfont!
Missing character: There is no 以 ("4EE5) in font nullfont!
Missing character: There is no ， ("FF0C) in font nullfont!
Missing character: There is no 这 ("8FD9) in font nullfont!
Missing character: There is no 样 ("6837) in font nullfont!
Missing character: There is no 一 ("4E00) in font nullfont!
Missing character: There is no 种 ("79CD) in font nullfont!
Missing character: There is no 元 ("5143) in font nullfont!
Missing character: There is no 件 ("4EF6) in font nullfont!
Missing character: There is no 具 ("5177) in font nullfont!
Missing character: There is no 有 ("6709) in font nullfont!
Missing character: There is no 继 ("7EE7) in font nullfont!
Missing character: There is no 电 ("7535) in font nullfont!
Missing character: There is no 器 ("5668) in font nullfont!
Missing character: There is no 线 ("7EBF) in font nullfont!
Missing character: There is no 路 ("8DEF) in font nullfont!
Missing character: There is no 的 ("7684) in font nullfont!
Missing character: There is no 性 ("6027) in font nullfont!
Missing character: There is no 质 ("8D28) in font nullfont!
Missing character: There is no 。 ("3002) in font nullfont!

Overfull \hbox (25.00002pt too wide) in paragraph at lines 24--25
[]$\OT1/cmr/m/n/10 0$
 []


Overfull \hbox (5.00002pt too wide) in paragraph at lines 24--25
\OT1/cmr/m/n/10 1$ 
 []


! LaTeX Error: Environment wrapfigure undefined.

See the LaTeX manual or LaTeX Companion for explanation.
Type  H <return>  for immediate help.
 ...                                              
                                                  
l.26 \begin{wrapfigure}
                       {r}{0.25\textwidth}
Your command was ignored.
Type  I <command> <return>  to replace it with another command,
or  <return>  to continue without it.


! LaTeX Error: Missing \begin{document}.

See the LaTeX manual or LaTeX Companion for explanation.
Type  H <return>  for immediate help.
 ...                                              
                                                  
l.26 \begin{wrapfigure}{r
                         }{0.25\textwidth}
You're in trouble here.  Try typing  <return>  to proceed.
If that doesn't work, type  X <return>  to quit.

Missing character: There is no r ("72) in font nullfont!
Missing character: There is no 0 ("30) in font nullfont!
Missing character: There is no . ("2E) in font nullfont!
Missing character: There is no 2 ("32) in font nullfont!
Missing character: There is no 5 ("35) in font nullfont!
! Missing number, treated as zero.
<to be read again> 
                   }
l.26 \begin{wrapfigure}{r}{0.25\textwidth}
                                          
A number should have been here; I inserted `0'.
(If you can't figure out why I needed to see a number,
look up `weird error' in the index to The TeXbook.)

! Illegal unit of measure (pt inserted).
<to be read again> 
                   }
l.26 \begin{wrapfigure}{r}{0.25\textwidth}
                                          
Dimensions can be in units of em, ex, in, pt, pc,
cm, mm, dd, cc, bp, or sp; but yours is a new one!
I'll assume that you meant to say pt, for printer's points.
To recover gracefully from this error, it's best to
delete the erroneous units; e.g., type `2' to delete
two letters. (See Chapter 27 of The TeXbook.)

! Undefined control sequence.
l.28     \includegraphics
                         [width=0.25\textwidth]{图18.2.png}
The control sequence at the end of the top line
of your error message was never \def'ed. If you have
misspelled it (e.g., `\hobx'), type `I' and the correct
spelling (e.g., `I\hbox'). Otherwise just continue,
and I'll forget about whatever was undefined.

Missing character: There is no [ ("5B) in font nullfont!
Missing character: There is no w ("77) in font nullfont!
Missing character: There is no i ("69) in font nullfont!
Missing character: There is no d ("64) in font nullfont!
Missing character: There is no t ("74) in font nullfont!
Missing character: There is no h ("68) in font nullfont!
Missing character: There is no = ("3D) in font nullfont!
Missing character: There is no 0 ("30) in font nullfont!
Missing character: There is no . ("2E) in font nullfont!
Missing character: There is no 2 ("32) in font nullfont!
Missing character: There is no 5 ("35) in font nullfont!
! Missing number, treated as zero.
<to be read again> 
                   ]
l.28     \includegraphics[width=0.25\textwidth]
                                               {图18.2.png}
A number should have been here; I inserted `0'.
(If you can't figure out why I needed to see a number,
look up `weird error' in the index to The TeXbook.)

! Illegal unit of measure (pt inserted).
<to be read again> 
                   ]
l.28     \includegraphics[width=0.25\textwidth]
                                               {图18.2.png}
Dimensions can be in units of em, ex, in, pt, pc,
cm, mm, dd, cc, bp, or sp; but yours is a new one!
I'll assume that you meant to say pt, for printer's points.
To recover gracefully from this error, it's best to
delete the erroneous units; e.g., type `2' to delete
two letters. (See Chapter 27 of The TeXbook.)

Missing character: There is no ] ("5D) in font nullfont!
Missing character: There is no 图 ("56FE) in font nullfont!
Missing character: There is no 1 ("31) in font nullfont!
Missing character: There is no 8 ("38) in font nullfont!
Missing character: There is no . ("2E) in font nullfont!
Missing character: There is no 2 ("32) in font nullfont!
Missing character: There is no . ("2E) in font nullfont!
Missing character: There is no p ("70) in font nullfont!
Missing character: There is no n ("6E) in font nullfont!
Missing character: There is no g ("67) in font nullfont!

! LaTeX Error: \caption outside float.

See the LaTeX manual or LaTeX Companion for explanation.
Type  H <return>  for immediate help.
 ...                                              
                                                  
l.29     \caption
                 { }
You're in trouble here.  Try typing  <return>  to proceed.
If that doesn't work, type  X <return>  to quit.


! LaTeX Error: \begin{document} ended by \end{wrapfigure}.

See the LaTeX manual or LaTeX Companion for explanation.
Type  H <return>  for immediate help.
 ...                                              
                                                  
l.31 \end{wrapfigure}
                     
Your command was ignored.
Type  I <command> <return>  to replace it with another command,
or  <return>  to continue without it.

Missing character: There is no 为 ("4E3A) in font nullfont!
Missing character: There is no 了 ("4E86) in font nullfont!
Missing character: There is no 描 ("63CF) in font nullfont!
Missing character: There is no 述 ("8FF0) in font nullfont!
Missing character: There is no 元 ("5143) in font nullfont!
Missing character: There is no 件 ("4EF6) in font nullfont!
Missing character: There is no 的 ("7684) in font nullfont!
Missing character: There is no 特 ("7279) in font nullfont!
Missing character: There is no 征 ("5F81) in font nullfont!
Missing character: There is no ， ("FF0C) in font nullfont!
Missing character: There is no 我 ("6211) in font nullfont!
Missing character: There is no 们 ("4EEC) in font nullfont!
Missing character: There is no 引 ("5F15) in font nullfont!
Missing character: There is no 入 ("5165) in font nullfont!
Missing character: There is no 四 ("56DB) in font nullfont!
Missing character: There is no 种 ("79CD) in font nullfont!
Missing character: There is no 类 ("7C7B) in font nullfont!
Missing character: There is no 型 ("578B) in font nullfont!
Missing character: There is no 的 ("7684) in font nullfont!
Missing character: There is no 输 ("8F93) in font nullfont!
Missing character: There is no 入 ("5165) in font nullfont!
Missing character: There is no ： ("FF1A) in font nullfont!
Missing character: There is no 刺 ("523A) in font nullfont!
Missing character: There is no 激 ("6FC0) in font nullfont!
Missing character: There is no 输 ("8F93) in font nullfont!
Missing character: There is no 入 ("5165) in font nullfont!
Missing character: There is no ； ("FF1B) in font nullfont!
Missing character: There is no 抑 ("6291) in font nullfont!
Missing character: There is no 制 ("5236) in font nullfont!
Missing character: There is no 输 ("8F93) in font nullfont!
Missing character: There is no 入 ("5165) in font nullfont!
Missing character: There is no ； ("FF1B) in font nullfont!
Missing character: There is no 恒 ("6052) in font nullfont!
Missing character: There is no 定 ("5B9A) in font nullfont!
Missing character: There is no 刺 ("523A) in font nullfont!
Missing character: There is no 激 ("6FC0) in font nullfont!
Missing character: There is no 输 ("8F93) in font nullfont!
Missing character: There is no 入 ("5165) in font nullfont!
Missing character: There is no ； ("FF1B) in font nullfont!
Missing character: There is no 以 ("4EE5) in font nullfont!
Missing character: There is no 及 ("53CA) in font nullfont!
Missing character: There is no 一 ("4E00) in font nullfont!
Missing character: There is no 类 ("7C7B) in font nullfont!
Missing character: There is no 永 ("6C38) in font nullfont!
Missing character: There is no 不 ("4E0D) in font nullfont!
Missing character: There is no 起 ("8D77) in font nullfont!
Missing character: There is no 作 ("4F5C) in font nullfont!
Missing character: There is no 用 ("7528) in font nullfont!
Missing character: There is no 的 ("7684) in font nullfont!
Missing character: There is no 输 ("8F93) in font nullfont!
Missing character: There is no 入 ("5165) in font nullfont!
Missing character: There is no ， ("FF0C) in font nullfont!
Missing character: There is no 也 ("4E5F) in font nullfont!
Missing character: There is no 就 ("5C31) in font nullfont!
Missing character: There is no 是 ("662F) in font nullfont!
Missing character: There is no 接 ("63A5) in font nullfont!
Missing character: There is no 地 ("5730) in font nullfont!
Missing character: There is no 输 ("8F93) in font nullfont!
Missing character: There is no 入 ("5165) in font nullfont!
Missing character: There is no 。 ("3002) in font nullfont!
Missing character: There is no 它 ("5B83) in font nullfont!
Missing character: There is no 们 ("4EEC) in font nullfont!
Missing character: There is no 是 ("662F) in font nullfont!
Missing character: There is no 用 ("7528) in font nullfont!
Missing character: There is no 图 ("56FE) in font nullfont!
! Undefined control sequence.
<write> ... Reference `fig:18_2' on page \thepage 
                                                  \space undefined\on@line .^^J
l.32 ...入；以及一类永不起作用的输入，也就是接地输入。它们是用图\ref{fig:18_2}
                                                  的符号表示的。这里，用一个圆圈表示元件，输入画在圆圈...
The control sequence at the end of the top line
of your error message was never \def'ed. If you have
misspelled it (e.g., `\hobx'), type `I' and the correct
spelling (e.g., `I\hbox'). Otherwise just continue,
and I'll forget about whatever was undefined.


LaTeX Warning: Reference `fig:18_2' on page  undefined on input line 32.

Missing character: There is no 的 ("7684) in font nullfont!
Missing character: There is no 符 ("7B26) in font nullfont!
Missing character: There is no 号 ("53F7) in font nullfont!
Missing character: There is no 表 ("8868) in font nullfont!
Missing character: There is no 示 ("793A) in font nullfont!
Missing character: There is no 的 ("7684) in font nullfont!
Missing character: There is no 。 ("3002) in font nullfont!
Missing character: There is no 这 ("8FD9) in font nullfont!
Missing character: There is no 里 ("91CC) in font nullfont!
Missing character: There is no ， ("FF0C) in font nullfont!
Missing character: There is no 用 ("7528) in font nullfont!
Missing character: There is no 一 ("4E00) in font nullfont!
Missing character: There is no 个 ("4E2A) in font nullfont!
Missing character: There is no 圆 ("5706) in font nullfont!
Missing character: There is no 圈 ("5708) in font nullfont!
Missing character: There is no 表 ("8868) in font nullfont!
Missing character: There is no 示 ("793A) in font nullfont!
Missing character: There is no 元 ("5143) in font nullfont!
Missing character: There is no 件 ("4EF6) in font nullfont!
Missing character: There is no ， ("FF0C) in font nullfont!
Missing character: There is no 输 ("8F93) in font nullfont!
Missing character: There is no 入 ("5165) in font nullfont!
Missing character: There is no 画 ("753B) in font nullfont!
Missing character: There is no 在 ("5728) in font nullfont!
Missing character: There is no 圆 ("5706) in font nullfont!
Missing character: There is no 圈 ("5708) in font nullfont!
Missing character: There is no 的 ("7684) in font nullfont!
Missing character: There is no 左 ("5DE6) in font nullfont!
Missing character: There is no 端 ("7AEF) in font nullfont!
Missing character: There is no ， ("FF0C) in font nullfont!
Missing character: There is no 输 ("8F93) in font nullfont!
Missing character: There is no 出 ("51FA) in font nullfont!
Missing character: There is no 画 ("753B) in font nullfont!
Missing character: There is no 在 ("5728) in font nullfont!
Missing character: There is no 圆 ("5706) in font nullfont!
Missing character: There is no 圈 ("5708) in font nullfont!
Missing character: There is no 的 ("7684) in font nullfont!
Missing character: There is no 右 ("53F3) in font nullfont!
Missing character: There is no 端 ("7AEF) in font nullfont!
Missing character: There is no 。 ("3002) in font nullfont!
Missing character: There is no 而 ("800C) in font nullfont!
Missing character: There is no 且 ("4E14) in font nullfont!
Missing character: There is no 在 ("5728) in font nullfont!
Missing character: There is no 圆 ("5706) in font nullfont!
Missing character: There is no 圈 ("5708) in font nullfont!
Missing character: There is no 中 ("4E2D) in font nullfont!
Missing character: There is no 间 ("95F4) in font nullfont!
Missing character: There is no 有 ("6709) in font nullfont!
Missing character: There is no 一 ("4E00) in font nullfont!
Missing character: There is no 个 ("4E2A) in font nullfont!
Missing character: There is no 数 ("6570) in font nullfont!
Missing character: There is no 字 ("5B57) in font nullfont!
Missing character: There is no ， ("FF0C) in font nullfont!
Missing character: There is no 的 ("7684) in font nullfont!
Missing character: There is no 意 ("610F) in font nullfont!
Missing character: There is no 义 ("4E49) in font nullfont!
Missing character: There is no 就 ("5C31) in font nullfont!
Missing character: There is no 是 ("662F) in font nullfont!
Missing character: There is no ： ("FF1A) in font nullfont!
Missing character: There is no 起 ("8D77) in font nullfont!
Missing character: There is no 刺 ("523A) in font nullfont!
Missing character: There is no 激 ("6FC0) in font nullfont!
Missing character: There is no 作 ("4F5C) in font nullfont!
Missing character: There is no 用 ("7528) in font nullfont!
Missing character: There is no 的 ("7684) in font nullfont!
Missing character: There is no 输 ("8F93) in font nullfont!
Missing character: There is no 入 ("5165) in font nullfont!
Missing character: There is no 的 ("7684) in font nullfont!
Missing character: There is no 数 ("6570) in font nullfont!
Missing character: There is no 目 ("76EE) in font nullfont!
Missing character: There is no 必 ("5FC5) in font nullfont!
Missing character: There is no 须 ("987B) in font nullfont!
Missing character: There is no 至 ("81F3) in font nullfont!
Missing character: There is no 少 ("5C11) in font nullfont!
Missing character: There is no 比 ("6BD4) in font nullfont!
Missing character: There is no 起 ("8D77) in font nullfont!
Missing character: There is no 抑 ("6291) in font nullfont!
Missing character: There is no 制 ("5236) in font nullfont!
Missing character: There is no 作 ("4F5C) in font nullfont!
Missing character: There is no 用 ("7528) in font nullfont!
Missing character: There is no 的 ("7684) in font nullfont!
Missing character: There is no 输 ("8F93) in font nullfont!
Missing character: There is no 入 ("5165) in font nullfont!
Missing character: There is no 的 ("7684) in font nullfont!
Missing character: There is no 数 ("6570) in font nullfont!
Missing character: There is no 目 ("76EE) in font nullfont!
Missing character: There is no 多 ("591A) in font nullfont!
Missing character: There is no 个 ("4E2A) in font nullfont!
Missing character: There is no ， ("FF0C) in font nullfont!
Missing character: There is no 系 ("7CFB) in font nullfont!
Missing character: There is no 统 ("7EDF) in font nullfont!
Missing character: There is no 的 ("7684) in font nullfont!
Missing character: There is no 输 ("8F93) in font nullfont!
Missing character: There is no 出 ("51FA) in font nullfont!
Missing character: There is no 才 ("624D) in font nullfont!
Missing character: There is no 是 ("662F) in font nullfont!
Missing character: There is no 开 ("5F00) in font nullfont!
Missing character: There is no 。 ("3002) in font nullfont!
Missing character: There is no 图 ("56FE) in font nullfont!
! Undefined control sequence.
<write> ... Reference `fig:18_3' on page \thepage 
                                                  \space undefined\on@line .^^J
l.32 ...作用的输入的数目多 $k-1$ 个，系统的输出才是开。图\ref{fig:18_3}
                                                  (a)所表示元件，只有当输入 $a$ 和 $b$ 都...
The control sequence at the end of the top line
of your error message was never \def'ed. If you have
misspelled it (e.g., `\hobx'), type `I' and the correct
spelling (e.g., `I\hbox'). Otherwise just continue,
and I'll forget about whatever was undefined.


LaTeX Warning: Reference `fig:18_3' on page  undefined on input line 32.

Missing character: There is no ( ("28) in font nullfont!
Missing character: There is no a ("61) in font nullfont!
Missing character: There is no ) ("29) in font nullfont!
Missing character: There is no 所 ("6240) in font nullfont!
Missing character: There is no 表 ("8868) in font nullfont!
Missing character: There is no 示 ("793A) in font nullfont!
Missing character: There is no 元 ("5143) in font nullfont!
Missing character: There is no 件 ("4EF6) in font nullfont!
Missing character: There is no ， ("FF0C) in font nullfont!
Missing character: There is no 只 ("53EA) in font nullfont!
Missing character: There is no 有 ("6709) in font nullfont!
Missing character: There is no 当 ("5F53) in font nullfont!
Missing character: There is no 输 ("8F93) in font nullfont!
Missing character: There is no 入 ("5165) in font nullfont!
Missing character: There is no 和 ("548C) in font nullfont!
Missing character: There is no 都 ("90FD) in font nullfont!
Missing character: There is no 是 ("662F) in font nullfont!
Missing character: There is no 开 ("5F00) in font nullfont!
Missing character: There is no 的 ("7684) in font nullfont!
Missing character: There is no 时 ("65F6) in font nullfont!
Missing character: There is no 候 ("5019) in font nullfont!
Missing character: There is no ， ("FF0C) in font nullfont!
Missing character: There is no 输 ("8F93) in font nullfont!
Missing character: There is no 出 ("51FA) in font nullfont!
Missing character: There is no 才 ("624D) in font nullfont!
Missing character: There is no 是 ("662F) in font nullfont!
Missing character: There is no 开 ("5F00) in font nullfont!
Missing character: There is no ， ("FF0C) in font nullfont!
Missing character: There is no 这 ("8FD9) in font nullfont!
Missing character: There is no 可 ("53EF) in font nullfont!
Missing character: There is no 以 ("4EE5) in font nullfont!
Missing character: There is no 叫 ("53EB) in font nullfont!
Missing character: There is no 做 ("505A) in font nullfont!
Missing character: There is no 元 ("5143) in font nullfont!
Missing character: There is no 件 ("4EF6) in font nullfont!
Missing character: There is no 。 ("3002) in font nullfont!
Missing character: There is no 图 ("56FE) in font nullfont!
! Undefined control sequence.
<write> ... Reference `fig:18_3' on page \thepage 
                                                  \space undefined\on@line .^^J
l.32 ...都是开的时候，输出才是开，这可以叫做 $ab$ 元件。图\ref{fig:18_3}
                                                  (b)表示另一个元件，如果输入 $a$ 和 $b$ ...
The control sequence at the end of the top line
of your error message was never \def'ed. If you have
misspelled it (e.g., `\hobx'), type `I' and the correct
spelling (e.g., `I\hbox'). Otherwise just continue,
and I'll forget about whatever was undefined.


LaTeX Warning: Reference `fig:18_3' on page  undefined on input line 32.

Missing character: There is no ( ("28) in font nullfont!
Missing character: There is no b ("62) in font nullfont!
Missing character: There is no ) ("29) in font nullfont!
Missing character: There is no 表 ("8868) in font nullfont!
Missing character: There is no 示 ("793A) in font nullfont!
Missing character: There is no 另 ("53E6) in font nullfont!
Missing character: There is no 一 ("4E00) in font nullfont!
Missing character: There is no 个 ("4E2A) in font nullfont!
Missing character: There is no 元 ("5143) in font nullfont!
Missing character: There is no 件 ("4EF6) in font nullfont!
Missing character: There is no ， ("FF0C) in font nullfont!
Missing character: There is no 如 ("5982) in font nullfont!
Missing character: There is no 果 ("679C) in font nullfont!
Missing character: There is no 输 ("8F93) in font nullfont!
Missing character: There is no 入 ("5165) in font nullfont!
Missing character: There is no 和 ("548C) in font nullfont!
Missing character: There is no 之 ("4E4B) in font nullfont!
Missing character: There is no 中 ("4E2D) in font nullfont!
Missing character: There is no 有 ("6709) in font nullfont!
Missing character: There is no 一 ("4E00) in font nullfont!
Missing character: There is no 个 ("4E2A) in font nullfont!
Missing character: There is no 是 ("662F) in font nullfont!
Missing character: There is no 开 ("5F00) in font nullfont!
Missing character: There is no 那 ("90A3) in font nullfont!
Missing character: There is no 么 ("4E48) in font nullfont!
Missing character: There is no 它 ("5B83) in font nullfont!
Missing character: There is no 的 ("7684) in font nullfont!
Missing character: There is no 输 ("8F93) in font nullfont!
Missing character: There is no 出 ("51FA) in font nullfont!
Missing character: There is no 是 ("662F) in font nullfont!
Missing character: There is no 开 ("5F00) in font nullfont!
Missing character: There is no ， ("FF0C) in font nullfont!
Missing character: There is no 这 ("8FD9) in font nullfont!
Missing character: There is no 可 ("53EF) in font nullfont!
Missing character: There is no 以 ("4EE5) in font nullfont!
Missing character: There is no 叫 ("53EB) in font nullfont!
Missing character: There is no 做 ("505A) in font nullfont!
Missing character: There is no 元 ("5143) in font nullfont!
Missing character: There is no 件 ("4EF6) in font nullfont!
Missing character: There is no 。 ("3002) in font nullfont!
Missing character: There is no 图 ("56FE) in font nullfont!
! Undefined control sequence.
<write> ... Reference `fig:18_3' on page \thepage 
                                                  \space undefined\on@line .^^J
l.32 ...个是开那么它的输出是开，这可以叫做 $a+b$ 元件。图\ref{fig:18_3}
                                                  (c)表示只有当输入是关的时候输出才是开的元件，可以...
The control sequence at the end of the top line
of your error message was never \def'ed. If you have
misspelled it (e.g., `\hobx'), type `I' and the correct
spelling (e.g., `I\hbox'). Otherwise just continue,
and I'll forget about whatever was undefined.


LaTeX Warning: Reference `fig:18_3' on page  undefined on input line 32.

Missing character: There is no ( ("28) in font nullfont!
Missing character: There is no c ("63) in font nullfont!
Missing character: There is no ) ("29) in font nullfont!
Missing character: There is no 表 ("8868) in font nullfont!
Missing character: There is no 示 ("793A) in font nullfont!
Missing character: There is no 只 ("53EA) in font nullfont!
Missing character: There is no 有 ("6709) in font nullfont!
Missing character: There is no 当 ("5F53) in font nullfont!
Missing character: There is no 输 ("8F93) in font nullfont!
Missing character: There is no 入 ("5165) in font nullfont!
Missing character: There is no 是 ("662F) in font nullfont!
Missing character: There is no 关 ("5173) in font nullfont!
Missing character: There is no 的 ("7684) in font nullfont!
Missing character: There is no 时 ("65F6) in font nullfont!
Missing character: There is no 候 ("5019) in font nullfont!
Missing character: There is no 输 ("8F93) in font nullfont!
Missing character: There is no 出 ("51FA) in font nullfont!
Missing character: There is no 才 ("624D) in font nullfont!
Missing character: There is no 是 ("662F) in font nullfont!
Missing character: There is no 开 ("5F00) in font nullfont!
Missing character: There is no 的 ("7684) in font nullfont!
Missing character: There is no 元 ("5143) in font nullfont!
Missing character: There is no 件 ("4EF6) in font nullfont!
Missing character: There is no ， ("FF0C) in font nullfont!
Missing character: There is no 可 ("53EF) in font nullfont!
Missing character: There is no 以 ("4EE5) in font nullfont!
Missing character: There is no 叫 ("53EB) in font nullfont!
Missing character: There is no 做 ("505A) in font nullfont!
Missing character: There is no 元 ("5143) in font nullfont!
Missing character: There is no 件 ("4EF6) in font nullfont!
Missing character: There is no 。 ("3002) in font nullfont!

! LaTeX Error: Environment figure undefined.

See the LaTeX manual or LaTeX Companion for explanation.
Type  H <return>  for immediate help.
 ...                                              
                                                  
l.33 \begin{figure}
                   [h!]
Your command was ignored.
Type  I <command> <return>  to replace it with another command,
or  <return>  to continue without it.

Missing character: There is no [ ("5B) in font nullfont!
Missing character: There is no h ("68) in font nullfont!
Missing character: There is no ! ("21) in font nullfont!
Missing character: There is no ] ("5D) in font nullfont!
! Undefined control sequence.
l.35 \includegraphics
                     [width=0.7\textwidth]{图18.3.png}
The control sequence at the end of the top line
of your error message was never \def'ed. If you have
misspelled it (e.g., `\hobx'), type `I' and the correct
spelling (e.g., `I\hbox'). Otherwise just continue,
and I'll forget about whatever was undefined.

Missing character: There is no [ ("5B) in font nullfont!
Missing character: There is no w ("77) in font nullfont!
Missing character: There is no i ("69) in font nullfont!
Missing character: There is no d ("64) in font nullfont!
Missing character: There is no t ("74) in font nullfont!
Missing character: There is no h ("68) in font nullfont!
Missing character: There is no = ("3D) in font nullfont!
Missing character: There is no 0 ("30) in font nullfont!
Missing character: There is no . ("2E) in font nullfont!
Missing character: There is no 7 ("37) in font nullfont!
! Missing number, treated as zero.
<to be read again> 
                   ]
l.35 \includegraphics[width=0.7\textwidth]
                                          {图18.3.png}
A number should have been here; I inserted `0'.
(If you can't figure out why I needed to see a number,
look up `weird error' in the index to The TeXbook.)

! Illegal unit of measure (pt inserted).
<to be read again> 
                   ]
l.35 \includegraphics[width=0.7\textwidth]
                                          {图18.3.png}
Dimensions can be in units of em, ex, in, pt, pc,
cm, mm, dd, cc, bp, or sp; but yours is a new one!
I'll assume that you meant to say pt, for printer's points.
To recover gracefully from this error, it's best to
delete the erroneous units; e.g., type `2' to delete
two letters. (See Chapter 27 of The TeXbook.)

Missing character: There is no ] ("5D) in font nullfont!
Missing character: There is no 图 ("56FE) in font nullfont!
Missing character: There is no 1 ("31) in font nullfont!
Missing character: There is no 8 ("38) in font nullfont!
Missing character: There is no . ("2E) in font nullfont!
Missing character: There is no 3 ("33) in font nullfont!
Missing character: There is no . ("2E) in font nullfont!
Missing character: There is no p ("70) in font nullfont!
Missing character: There is no n ("6E) in font nullfont!
Missing character: There is no g ("67) in font nullfont!

! LaTeX Error: \caption outside float.

See the LaTeX manual or LaTeX Companion for explanation.
Type  H <return>  for immediate help.
 ...                                              
                                                  
l.36 \caption
             {}
You're in trouble here.  Try typing  <return>  to proceed.
If that doesn't work, type  X <return>  to quit.


! LaTeX Error: \begin{document} ended by \end{figure}.

See the LaTeX manual or LaTeX Companion for explanation.
Type  H <return>  for immediate help.
 ...                                              
                                                  
l.38 \end{figure}
                 
Your command was ignored.
Type  I <command> <return>  to replace it with another command,
or  <return>  to continue without it.

Missing character: There is no 如 ("5982) in font nullfont!
Missing character: There is no 果 ("679C) in font nullfont!
Missing character: There is no 我 ("6211) in font nullfont!
Missing character: There is no 们 ("4EEC) in font nullfont!
Missing character: There is no 考 ("8003) in font nullfont!
Missing character: There is no 虑 ("8651) in font nullfont!
Missing character: There is no 的 ("7684) in font nullfont!
Missing character: There is no 输 ("8F93) in font nullfont!
Missing character: There is no 入 ("5165) in font nullfont!
Missing character: There is no 是 ("662F) in font nullfont!
Missing character: There is no 表 ("8868) in font nullfont!
Missing character: There is no 示 ("793A) in font nullfont!
Missing character: There is no 某 ("67D0) in font nullfont!
Missing character: There is no 个 ("4E2A) in font nullfont!
Missing character: There is no 断 ("65AD) in font nullfont!
Missing character: There is no 言 ("8A00) in font nullfont!
Missing character: There is no 是 ("662F) in font nullfont!
Missing character: There is no 正 ("6B63) in font nullfont!
Missing character: There is no 确 ("786E) in font nullfont!
Missing character: There is no （ ("FF08) in font nullfont!
Missing character: There is no 开 ("5F00) in font nullfont!
Missing character: There is no ） ("FF09) in font nullfont!
Missing character: There is no 还 ("8FD8) in font nullfont!
Missing character: There is no 是 ("662F) in font nullfont!
Missing character: There is no 不 ("4E0D) in font nullfont!
Missing character: There is no 正 ("6B63) in font nullfont!
Missing character: There is no 确 ("786E) in font nullfont!
Missing character: There is no （ ("FF08) in font nullfont!
Missing character: There is no 关 ("5173) in font nullfont!
Missing character: There is no ） ("FF09) in font nullfont!
Missing character: There is no 的 ("7684) in font nullfont!
Missing character: There is no 条 ("6761) in font nullfont!
Missing character: There is no 件 ("4EF6) in font nullfont!
Missing character: There is no ， ("FF0C) in font nullfont!
Missing character: There is no 那 ("90A3) in font nullfont!
Missing character: There is no 么 ("4E48) in font nullfont!
Missing character: There is no ， ("FF0C) in font nullfont!
Missing character: There is no 图 ("56FE) in font nullfont!
! Undefined control sequence.
<write> ... Reference `fig:18_3' on page \thepage 
                                                  \space undefined\on@line .^^J
l.39 ...表示某个断言是正确（开）还是不正确（关）的条件，那么，图\ref{fig:18_3}
                                                  的三个元件恰好表示布尔(Boole)代数的三个基本运...
The control sequence at the end of the top line
of your error message was never \def'ed. If you have
misspelled it (e.g., `\hobx'), type `I' and the correct
spelling (e.g., `I\hbox'). Otherwise just continue,
and I'll forget about whatever was undefined.


LaTeX Warning: Reference `fig:18_3' on page  undefined on input line 39.

Missing character: There is no 的 ("7684) in font nullfont!
Missing character: There is no 三 ("4E09) in font nullfont!
Missing character: There is no 个 ("4E2A) in font nullfont!
Missing character: There is no 元 ("5143) in font nullfont!
Missing character: There is no 件 ("4EF6) in font nullfont!
Missing character: There is no 恰 ("6070) in font nullfont!
Missing character: There is no 好 ("597D) in font nullfont!
Missing character: There is no 表 ("8868) in font nullfont!
Missing character: There is no 示 ("793A) in font nullfont!
Missing character: There is no 布 ("5E03) in font nullfont!
Missing character: There is no 尔 ("5C14) in font nullfont!
Missing character: There is no ( ("28) in font nullfont!
Missing character: There is no B ("42) in font nullfont!
Missing character: There is no o ("6F) in font nullfont!
Missing character: There is no o ("6F) in font nullfont!
Missing character: There is no l ("6C) in font nullfont!
Missing character: There is no e ("65) in font nullfont!
Missing character: There is no ) ("29) in font nullfont!
Missing character: There is no 代 ("4EE3) in font nullfont!
Missing character: There is no 数 ("6570) in font nullfont!
Missing character: There is no 的 ("7684) in font nullfont!
Missing character: There is no 三 ("4E09) in font nullfont!
Missing character: There is no 个 ("4E2A) in font nullfont!
Missing character: There is no 基 ("57FA) in font nullfont!
Missing character: There is no 本 ("672C) in font nullfont!
Missing character: There is no 运 ("8FD0) in font nullfont!
Missing character: There is no 算 ("7B97) in font nullfont!
Missing character: There is no （ ("FF08) in font nullfont!
Missing character: There is no 这 ("8FD9) in font nullfont!
Missing character: There is no 些 ("4E9B) in font nullfont!
Missing character: There is no 元 ("5143) in font nullfont!
Missing character: There is no 件 ("4EF6) in font nullfont!
Missing character: There is no 有 ("6709) in font nullfont!
Missing character: There is no 时 ("65F6) in font nullfont!
Missing character: There is no 候 ("5019) in font nullfont!
Missing character: There is no 也 ("4E5F) in font nullfont!
Missing character: There is no 叫 ("53EB) in font nullfont!
Missing character: There is no 做 ("505A) in font nullfont!
Missing character: There is no 基 ("57FA) in font nullfont!
Missing character: There is no 本 ("672C) in font nullfont!
Missing character: There is no 逻 ("903B) in font nullfont!
Missing character: There is no 辑 ("8F91) in font nullfont!
Missing character: There is no 元 ("5143) in font nullfont!
Missing character: There is no 件 ("4EF6) in font nullfont!
Missing character: There is no ） ("FF09) in font nullfont!
Missing character: There is no 。 ("3002) in font nullfont!
Missing character: There is no 在 ("5728) in font nullfont!
Missing character: There is no 一 ("4E00) in font nullfont!
Missing character: There is no 个 ("4E2A) in font nullfont!
Missing character: There is no 采 ("91C7) in font nullfont!
Missing character: There is no 用 ("7528) in font nullfont!
Missing character: There is no 二 ("4E8C) in font nullfont!
Missing character: There is no 进 ("8FDB) in font nullfont!
Missing character: There is no 位 ("4F4D) in font nullfont!
Missing character: There is no 制 ("5236) in font nullfont!
Missing character: There is no 的 ("7684) in font nullfont!
Missing character: There is no 数 ("6570) in font nullfont!
Missing character: There is no 字 ("5B57) in font nullfont!
Missing character: There is no 计 ("8BA1) in font nullfont!
Missing character: There is no 算 ("7B97) in font nullfont!
Missing character: There is no 机 ("673A) in font nullfont!
Missing character: There is no 中 ("4E2D) in font nullfont!
Missing character: There is no ， ("FF0C) in font nullfont!
Missing character: There is no 这 ("8FD9) in font nullfont!
Missing character: There is no 些 ("4E9B) in font nullfont!
Missing character: There is no 元 ("5143) in font nullfont!
Missing character: There is no 素 ("7D20) in font nullfont!
Missing character: There is no 是 ("662F) in font nullfont!
Missing character: There is no 运 ("8FD0) in font nullfont!
Missing character: There is no 算 ("7B97) in font nullfont!
Missing character: There is no 的 ("7684) in font nullfont!
Missing character: There is no 基 ("57FA) in font nullfont!
Missing character: There is no 本 ("672C) in font nullfont!
Missing character: There is no 元 ("5143) in font nullfont!
Missing character: There is no 件 ("4EF6) in font nullfont!
Missing character: There is no 。 ("3002) in font nullfont!
Missing character: There is no 如 ("5982) in font nullfont!
Missing character: There is no 果 ("679C) in font nullfont!
Missing character: There is no 计 ("8BA1) in font nullfont!
Missing character: There is no 算 ("7B97) in font nullfont!
Missing character: There is no 运 ("8FD0) in font nullfont!
Missing character: There is no 算 ("7B97) in font nullfont!
Missing character: There is no 中 ("4E2D) in font nullfont!
Missing character: There is no 需 ("9700) in font nullfont!
Missing character: There is no 要 ("8981) in font nullfont!
Missing character: There is no 记 ("8BB0) in font nullfont!
Missing character: There is no 忆 ("5FC6) in font nullfont!
Missing character: There is no 装 ("88C5) in font nullfont!
Missing character: There is no 置 ("7F6E) in font nullfont!
Missing character: There is no ， ("FF0C) in font nullfont!
Missing character: There is no 这 ("8FD9) in font nullfont!
Missing character: There is no 种 ("79CD) in font nullfont!
Missing character: There is no 装 ("88C5) in font nullfont!
Missing character: There is no 置 ("7F6E) in font nullfont!
Missing character: There is no 可 ("53EF) in font nullfont!
Missing character: There is no 以 ("4EE5) in font nullfont!
Missing character: There is no 由 ("7531) in font nullfont!
Missing character: There is no 图 ("56FE) in font nullfont!
! Undefined control sequence.
<write> ... Reference `fig:18_3' on page \thepage 
                                                  \space undefined\on@line .^^J
l.39 ...的基本元件。如果计算运算中需要记忆装置，这种装置可以由图\ref{fig:18_3}
                                                  的元件经过反馈而得到，如图\ref{fig:18_4...
The control sequence at the end of the top line
of your error message was never \def'ed. If you have
misspelled it (e.g., `\hobx'), type `I' and the correct
spelling (e.g., `I\hbox'). Otherwise just continue,
and I'll forget about whatever was undefined.


LaTeX Warning: Reference `fig:18_3' on page  undefined on input line 39.

Missing character: There is no 的 ("7684) in font nullfont!
Missing character: There is no 元 ("5143) in font nullfont!
Missing character: There is no 件 ("4EF6) in font nullfont!
Missing character: There is no 经 ("7ECF) in font nullfont!
Missing character: There is no 过 ("8FC7) in font nullfont!
Missing character: There is no 反 ("53CD) in font nullfont!
Missing character: There is no 馈 ("9988) in font nullfont!
Missing character: There is no 而 ("800C) in font nullfont!
Missing character: There is no 得 ("5F97) in font nullfont!
Missing character: There is no 到 ("5230) in font nullfont!
Missing character: There is no ， ("FF0C) in font nullfont!
Missing character: There is no 如 ("5982) in font nullfont!
Missing character: There is no 图 ("56FE) in font nullfont!
! Undefined control sequence.
<write> ... Reference `fig:18_4' on page \thepage 
                                                  \space undefined\on@line .^^J
l.39 ...图\ref{fig:18_3}的元件经过反馈而得到，如图\ref{fig:18_4}
                                                  那样。原因是这样的：输入 $a$ 激发了一次以后，不...
The control sequence at the end of the top line
of your error message was never \def'ed. If you have
misspelled it (e.g., `\hobx'), type `I' and the correct
spelling (e.g., `I\hbox'). Otherwise just continue,
and I'll forget about whatever was undefined.


LaTeX Warning: Reference `fig:18_4' on page  undefined on input line 39.

Missing character: There is no 那 ("90A3) in font nullfont!
Missing character: There is no 样 ("6837) in font nullfont!
Missing character: There is no 。 ("3002) in font nullfont!
Missing character: There is no 原 ("539F) in font nullfont!
Missing character: There is no 因 ("56E0) in font nullfont!
Missing character: There is no 是 ("662F) in font nullfont!
Missing character: There is no 这 ("8FD9) in font nullfont!
Missing character: There is no 样 ("6837) in font nullfont!
Missing character: There is no 的 ("7684) in font nullfont!
Missing character: There is no ： ("FF1A) in font nullfont!
Missing character: There is no 输 ("8F93) in font nullfont!
Missing character: There is no 入 ("5165) in font nullfont!
Missing character: There is no 激 ("6FC0) in font nullfont!
Missing character: There is no 发 ("53D1) in font nullfont!
Missing character: There is no 了 ("4E86) in font nullfont!
Missing character: There is no 一 ("4E00) in font nullfont!
Missing character: There is no 次 ("6B21) in font nullfont!
Missing character: There is no 以 ("4EE5) in font nullfont!
Missing character: There is no 后 ("540E) in font nullfont!
Missing character: There is no ， ("FF0C) in font nullfont!
Missing character: There is no 不 ("4E0D) in font nullfont!
Missing character: There is no 论 ("8BBA) in font nullfont!
Missing character: There is no 在 ("5728) in font nullfont!
Missing character: There is no 下 ("4E0B) in font nullfont!
Missing character: There is no 一 ("4E00) in font nullfont!
Missing character: There is no 次 ("6B21) in font nullfont!
Missing character: There is no 运 ("8FD0) in font nullfont!
Missing character: There is no 算 ("7B97) in font nullfont!
Missing character: There is no 中 ("4E2D) in font nullfont!
Missing character: There is no 是 ("662F) in font nullfont!
Missing character: There is no 开 ("5F00) in font nullfont!
Missing character: There is no 还 ("8FD8) in font nullfont!
Missing character: There is no 是 ("662F) in font nullfont!
Missing character: There is no 关 ("5173) in font nullfont!
Missing character: There is no ， ("FF0C) in font nullfont!
Missing character: There is no 输 ("8F93) in font nullfont!
Missing character: There is no 入 ("5165) in font nullfont!
Missing character: There is no 总 ("603B) in font nullfont!
Missing character: There is no 是 ("662F) in font nullfont!
Missing character: There is no 开 ("5F00) in font nullfont!
Missing character: There is no 的 ("7684) in font nullfont!
Missing character: There is no 。 ("3002) in font nullfont!

Overfull \hbox (20.0pt too wide) in paragraph at lines 26--40
[]
 []


Overfull \hbox (10.86pt too wide) in paragraph at lines 26--40
[]
 []


Overfull \hbox (11.04169pt too wide) in paragraph at lines 26--40
\OML/cmm/m/it/10 k$$k$
 []


Overfull \hbox (13.29865pt too wide) in paragraph at lines 26--40
\OML/cmm/m/it/10 k \OMS/cmsy/m/n/10 ^^@
 []


Overfull \hbox (5.00002pt too wide) in paragraph at lines 26--40
\OT1/cmr/m/n/10 1$
 []


Overfull \hbox (10.86pt too wide) in paragraph at lines 26--40
[]
 []


Overfull \hbox (5.28589pt too wide) in paragraph at lines 26--40
\OML/cmm/m/it/10 a$
 []


Overfull \hbox (4.29166pt too wide) in paragraph at lines 26--40
\OML/cmm/m/it/10 b$
 []


Overfull \hbox (9.57755pt too wide) in paragraph at lines 26--40
\OML/cmm/m/it/10 ab$
 []


Overfull \hbox (10.86pt too wide) in paragraph at lines 26--40
[]
 []


Overfull \hbox (5.28589pt too wide) in paragraph at lines 26--40
\OML/cmm/m/it/10 a$
 []


Overfull \hbox (4.29166pt too wide) in paragraph at lines 26--40
\OML/cmm/m/it/10 b$
 []


Overfull \hbox (13.06369pt too wide) in paragraph at lines 26--40
\OML/cmm/m/it/10 a \OT1/cmr/m/n/10 +
 []


Overfull \hbox (4.29166pt too wide) in paragraph at lines 26--40
\OML/cmm/m/it/10 b$
 []


Overfull \hbox (10.86pt too wide) in paragraph at lines 26--40
[]
 []


Overfull \hbox (16.02203pt too wide) in paragraph at lines 26--40
\OML/cmm/m/it/10 a[]$
 []


Overfull \hbox (32.58pt too wide) in paragraph at lines 26--40
[][][]
 []


Overfull \hbox (5.28589pt too wide) in paragraph at lines 26--40
\OML/cmm/m/it/10 a$
 []


Overfull \hbox (5.28589pt too wide) in paragraph at lines 26--40
\OML/cmm/m/it/10 a$
 []


! LaTeX Error: Environment wrapfigure undefined.

See the LaTeX manual or LaTeX Companion for explanation.
Type  H <return>  for immediate help.
 ...                                              
                                                  
l.41 \begin{wrapfigure}
                       {r}{0.25\textwidth}
Your command was ignored.
Type  I <command> <return>  to replace it with another command,
or  <return>  to continue without it.


! LaTeX Error: Missing \begin{document}.

See the LaTeX manual or LaTeX Companion for explanation.
Type  H <return>  for immediate help.
 ...                                              
                                                  
l.41 \begin{wrapfigure}{r
                         }{0.25\textwidth}
You're in trouble here.  Try typing  <return>  to proceed.
If that doesn't work, type  X <return>  to quit.

Missing character: There is no r ("72) in font nullfont!
Missing character: There is no 0 ("30) in font nullfont!
Missing character: There is no . ("2E) in font nullfont!
Missing character: There is no 2 ("32) in font nullfont!
Missing character: There is no 5 ("35) in font nullfont!
! Missing number, treated as zero.
<to be read again> 
                   }
l.41 \begin{wrapfigure}{r}{0.25\textwidth}
                                          
A number should have been here; I inserted `0'.
(If you can't figure out why I needed to see a number,
look up `weird error' in the index to The TeXbook.)

! Illegal unit of measure (pt inserted).
<to be read again> 
                   }
l.41 \begin{wrapfigure}{r}{0.25\textwidth}
                                          
Dimensions can be in units of em, ex, in, pt, pc,
cm, mm, dd, cc, bp, or sp; but yours is a new one!
I'll assume that you meant to say pt, for printer's points.
To recover gracefully from this error, it's best to
delete the erroneous units; e.g., type `2' to delete
two letters. (See Chapter 27 of The TeXbook.)

! Undefined control sequence.
l.43     \includegraphics
                         [width=0.25\textwidth]{图18.4.png}
The control sequence at the end of the top line
of your error message was never \def'ed. If you have
misspelled it (e.g., `\hobx'), type `I' and the correct
spelling (e.g., `I\hbox'). Otherwise just continue,
and I'll forget about whatever was undefined.

Missing character: There is no [ ("5B) in font nullfont!
Missing character: There is no w ("77) in font nullfont!
Missing character: There is no i ("69) in font nullfont!
Missing character: There is no d ("64) in font nullfont!
Missing character: There is no t ("74) in font nullfont!
Missing character: There is no h ("68) in font nullfont!
Missing character: There is no = ("3D) in font nullfont!
Missing character: There is no 0 ("30) in font nullfont!
Missing character: There is no . ("2E) in font nullfont!
Missing character: There is no 2 ("32) in font nullfont!
Missing character: There is no 5 ("35) in font nullfont!
! Missing number, treated as zero.
<to be read again> 
                   ]
l.43     \includegraphics[width=0.25\textwidth]
                                               {图18.4.png}
A number should have been here; I inserted `0'.
(If you can't figure out why I needed to see a number,
look up `weird error' in the index to The TeXbook.)

! Illegal unit of measure (pt inserted).
<to be read again> 
                   ]
l.43     \includegraphics[width=0.25\textwidth]
                                               {图18.4.png}
Dimensions can be in units of em, ex, in, pt, pc,
cm, mm, dd, cc, bp, or sp; but yours is a new one!
I'll assume that you meant to say pt, for printer's points.
To recover gracefully from this error, it's best to
delete the erroneous units; e.g., type `2' to delete
two letters. (See Chapter 27 of The TeXbook.)

Missing character: There is no ] ("5D) in font nullfont!
Missing character: There is no 图 ("56FE) in font nullfont!
Missing character: There is no 1 ("31) in font nullfont!
Missing character: There is no 8 ("38) in font nullfont!
Missing character: There is no . ("2E) in font nullfont!
Missing character: There is no 4 ("34) in font nullfont!
Missing character: There is no . ("2E) in font nullfont!
Missing character: There is no p ("70) in font nullfont!
Missing character: There is no n ("6E) in font nullfont!
Missing character: There is no g ("67) in font nullfont!

! LaTeX Error: \caption outside float.

See the LaTeX manual or LaTeX Companion for explanation.
Type  H <return>  for immediate help.
 ...                                              
                                                  
l.44     \caption
                 { }
You're in trouble here.  Try typing  <return>  to proceed.
If that doesn't work, type  X <return>  to quit.


! LaTeX Error: \begin{document} ended by \end{wrapfigure}.

See the LaTeX manual or LaTeX Companion for explanation.
Type  H <return>  for immediate help.
 ...                                              
                                                  
l.46 \end{wrapfigure}
                     
Your command was ignored.
Type  I <command> <return>  to replace it with another command,
or  <return>  to continue without it.

Missing character: There is no 对 ("5BF9) in font nullfont!
Missing character: There is no 于 ("4E8E) in font nullfont!
Missing character: There is no 以 ("4EE5) in font nullfont!
Missing character: There is no 后 ("540E) in font nullfont!
Missing character: There is no 的 ("7684) in font nullfont!
Missing character: There is no 讨 ("8BA8) in font nullfont!
Missing character: There is no 论 ("8BBA) in font nullfont!
Missing character: There is no 来 ("6765) in font nullfont!
Missing character: There is no 说 ("8BF4) in font nullfont!
Missing character: There is no ， ("FF0C) in font nullfont!
Missing character: There is no 同 ("540C) in font nullfont!
Missing character: There is no 时 ("65F6) in font nullfont!
Missing character: There is no 用 ("7528) in font nullfont!
Missing character: There is no 三 ("4E09) in font nullfont!
Missing character: There is no 种 ("79CD) in font nullfont!
Missing character: There is no 基 ("57FA) in font nullfont!
Missing character: There is no 本 ("672C) in font nullfont!
Missing character: There is no 元 ("5143) in font nullfont!
Missing character: There is no 件 ("4EF6) in font nullfont!
Missing character: There is no 去 ("53BB) in font nullfont!
Missing character: There is no 处 ("5904) in font nullfont!
Missing character: There is no 理 ("7406) in font nullfont!
Missing character: There is no 问 ("95EE) in font nullfont!
Missing character: There is no 题 ("9898) in font nullfont!
Missing character: There is no 有 ("6709) in font nullfont!
Missing character: There is no 些 ("4E9B) in font nullfont!
Missing character: There is no 不 ("4E0D) in font nullfont!
Missing character: There is no 方 ("65B9) in font nullfont!
Missing character: There is no 便 ("4FBF) in font nullfont!
Missing character: There is no 。 ("3002) in font nullfont!
Missing character: There is no 但 ("4F46) in font nullfont!
Missing character: There is no 是 ("662F) in font nullfont!
Missing character: There is no ， ("FF0C) in font nullfont!
Missing character: There is no 所 ("6240) in font nullfont!
Missing character: There is no 有 ("6709) in font nullfont!
Missing character: There is no 这 ("8FD9) in font nullfont!
Missing character: There is no 三 ("4E09) in font nullfont!
Missing character: There is no 种 ("79CD) in font nullfont!
Missing character: There is no 元 ("5143) in font nullfont!
Missing character: There is no 件 ("4EF6) in font nullfont!
Missing character: There is no 实 ("5B9E) in font nullfont!
Missing character: There is no 际 ("9645) in font nullfont!
Missing character: There is no 上 ("4E0A) in font nullfont!
Missing character: There is no 是 ("662F) in font nullfont!
Missing character: There is no 一 ("4E00) in font nullfont!
Missing character: There is no 种 ("79CD) in font nullfont!
Missing character: There is no 基 ("57FA) in font nullfont!
Missing character: There is no 本 ("672C) in font nullfont!
Missing character: There is no 元 ("5143) in font nullfont!
Missing character: There is no 件 ("4EF6) in font nullfont!
Missing character: There is no 的 ("7684) in font nullfont!
Missing character: There is no 特 ("7279) in font nullfont!
Missing character: There is no 殊 ("6B8A) in font nullfont!
Missing character: There is no 情 ("60C5) in font nullfont!
Missing character: There is no 形 ("5F62) in font nullfont!
Missing character: There is no 。 ("3002) in font nullfont!
Missing character: There is no 考 ("8003) in font nullfont!
Missing character: There is no 虑 ("8651) in font nullfont!
Missing character: There is no 图 ("56FE) in font nullfont!
! Undefined control sequence.
<write> ... Reference `fig:18_5' on page \thepage 
                                                  \space undefined\on@line .^^J
l.47 ...是，所有这三种元件实际上是一种基本元件的特殊情形。考虑图\ref{fig:18_5}
                                                  所表示的\underline{谢弗元件}(Schef...
The control sequence at the end of the top line
of your error message was never \def'ed. If you have
misspelled it (e.g., `\hobx'), type `I' and the correct
spelling (e.g., `I\hbox'). Otherwise just continue,
and I'll forget about whatever was undefined.


LaTeX Warning: Reference `fig:18_5' on page  undefined on input line 47.

Missing character: There is no 所 ("6240) in font nullfont!
Missing character: There is no 表 ("8868) in font nullfont!
Missing character: There is no 示 ("793A) in font nullfont!
Missing character: There is no 的 ("7684) in font nullfont!
Missing character: There is no 谢 ("8C22) in font nullfont!
Missing character: There is no 弗 ("5F17) in font nullfont!
Missing character: There is no 元 ("5143) in font nullfont!
Missing character: There is no 件 ("4EF6) in font nullfont!
Missing character: There is no ( ("28) in font nullfont!
Missing character: There is no S ("53) in font nullfont!
Missing character: There is no c ("63) in font nullfont!
Missing character: There is no h ("68) in font nullfont!
Missing character: There is no e ("65) in font nullfont!
Missing character: There is no f ("66) in font nullfont!
Missing character: There is no f ("66) in font nullfont!
Missing character: There is no e ("65) in font nullfont!
Missing character: There is no r ("72) in font nullfont!
Missing character: There is no s ("73) in font nullfont!
Missing character: There is no t ("74) in font nullfont!
Missing character: There is no r ("72) in font nullfont!
Missing character: There is no o ("6F) in font nullfont!
Missing character: There is no k ("6B) in font nullfont!
Missing character: There is no e ("65) in font nullfont!
Missing character: There is no ) ("29) in font nullfont!
Missing character: There is no 。 ("3002) in font nullfont!
Missing character: There is no 因 ("56E0) in font nullfont!
Missing character: There is no 为 ("4E3A) in font nullfont!
Missing character: There is no 两 ("4E24) in font nullfont!
Missing character: There is no 条 ("6761) in font nullfont!
Missing character: There is no 恒 ("6052) in font nullfont!
Missing character: There is no 定 ("5B9A) in font nullfont!
Missing character: There is no 刺 ("523A) in font nullfont!
Missing character: There is no 激 ("6FC0) in font nullfont!
Missing character: There is no 输 ("8F93) in font nullfont!
Missing character: There is no 入 ("5165) in font nullfont!
Missing character: There is no 线 ("7EBF) in font nullfont!
Missing character: There is no 是 ("662F) in font nullfont!
Missing character: There is no 一 ("4E00) in font nullfont!
Missing character: There is no 起 ("8D77) in font nullfont!
Missing character: There is no 起 ("8D77) in font nullfont!
Missing character: There is no 作 ("4F5C) in font nullfont!
Missing character: There is no 用 ("7528) in font nullfont!
Missing character: There is no ， ("FF0C) in font nullfont!
Missing character: There is no 我 ("6211) in font nullfont!
Missing character: There is no 们 ("4EEC) in font nullfont!
Missing character: There is no 可 ("53EF) in font nullfont!
Missing character: There is no 以 ("4EE5) in font nullfont!
Missing character: There is no 把 ("628A) in font nullfont!
Missing character: There is no 他 ("4ED6) in font nullfont!
Missing character: There is no 们 ("4EEC) in font nullfont!
Missing character: There is no 从 ("4ECE) in font nullfont!
Missing character: There is no 图 ("56FE) in font nullfont!
Missing character: There is no 中 ("4E2D) in font nullfont!
Missing character: There is no 去 ("53BB) in font nullfont!
Missing character: There is no 掉 ("6389) in font nullfont!
Missing character: There is no ， ("FF0C) in font nullfont!
Missing character: There is no 把 ("628A) in font nullfont!
Missing character: There is no 谢 ("8C22) in font nullfont!
Missing character: There is no 弗 ("5F17) in font nullfont!
Missing character: There is no 元 ("5143) in font nullfont!
Missing character: There is no 件 ("4EF6) in font nullfont!
Missing character: There is no 用 ("7528) in font nullfont!
Missing character: There is no 下 ("4E0B) in font nullfont!
Missing character: There is no 面 ("9762) in font nullfont!
Missing character: There is no 的 ("7684) in font nullfont!
Missing character: There is no 图 ("56FE) in font nullfont!
Missing character: There is no 表 ("8868) in font nullfont!
Missing character: There is no 示 ("793A) in font nullfont!
Missing character: There is no 。 ("3002) in font nullfont!
Missing character: There is no 输 ("8F93) in font nullfont!
Missing character: There is no 出 ("51FA) in font nullfont!
Missing character: There is no 在 ("5728) in font nullfont!
Missing character: There is no 这 ("8FD9) in font nullfont!
Missing character: There is no 样 ("6837) in font nullfont!
Missing character: There is no 的 ("7684) in font nullfont!
Missing character: There is no 情 ("60C5) in font nullfont!
Missing character: There is no 形 ("5F62) in font nullfont!
Missing character: There is no 下 ("4E0B) in font nullfont!
Missing character: There is no 是 ("662F) in font nullfont!
Missing character: There is no 开 ("5F00) in font nullfont!
Missing character: There is no ， ("FF0C) in font nullfont!
Missing character: There is no 如 ("5982) in font nullfont!
Missing character: There is no 果 ("679C) in font nullfont!
Missing character: There is no 和 ("548C) in font nullfont!
Missing character: There is no 都 ("90FD) in font nullfont!
Missing character: There is no 不 ("4E0D) in font nullfont!
Missing character: There is no 是 ("662F) in font nullfont!
Missing character: There is no 开 ("5F00) in font nullfont!
Missing character: There is no ， ("FF0C) in font nullfont!
Missing character: There is no 或 ("6216) in font nullfont!
Missing character: There is no 者 ("8005) in font nullfont!
Missing character: There is no 中 ("4E2D) in font nullfont!
Missing character: There is no 有 ("6709) in font nullfont!
Missing character: There is no 一 ("4E00) in font nullfont!
Missing character: There is no 个 ("4E2A) in font nullfont!
Missing character: There is no 是 ("662F) in font nullfont!
Missing character: There is no 开 ("5F00) in font nullfont!
Missing character: There is no ， ("FF0C) in font nullfont!
Missing character: There is no 输 ("8F93) in font nullfont!
Missing character: There is no 出 ("51FA) in font nullfont!
Missing character: There is no 就 ("5C31) in font nullfont!
Missing character: There is no 是 ("662F) in font nullfont!
Missing character: There is no 开 ("5F00) in font nullfont!
Missing character: There is no 的 ("7684) in font nullfont!
Missing character: There is no 。 ("3002) in font nullfont!
Missing character: There is no 但 ("4F46) in font nullfont!
Missing character: There is no 是 ("662F) in font nullfont!
Missing character: There is no 如 ("5982) in font nullfont!
Missing character: There is no 果 ("679C) in font nullfont!
Missing character: There is no 和 ("548C) in font nullfont!
Missing character: There is no 都 ("90FD) in font nullfont!
Missing character: There is no 开 ("5F00) in font nullfont!
Missing character: There is no 那 ("90A3) in font nullfont!
Missing character: There is no 么 ("4E48) in font nullfont!
Missing character: There is no 输 ("8F93) in font nullfont!
Missing character: There is no 出 ("51FA) in font nullfont!
Missing character: There is no 就 ("5C31) in font nullfont!
Missing character: There is no 是 ("662F) in font nullfont!
Missing character: There is no 关 ("5173) in font nullfont!
Missing character: There is no 。 ("3002) in font nullfont!
Missing character: There is no 上 ("4E0A) in font nullfont!
Missing character: There is no 一 ("4E00) in font nullfont!
Missing character: There is no 段 ("6BB5) in font nullfont!
Missing character: There is no 谈 ("8C08) in font nullfont!
Missing character: There is no 到 ("5230) in font nullfont!
Missing character: There is no 的 ("7684) in font nullfont!
Missing character: There is no 三 ("4E09) in font nullfont!
Missing character: There is no 个 ("4E2A) in font nullfont!
Missing character: There is no 基 ("57FA) in font nullfont!
Missing character: There is no 本 ("672C) in font nullfont!
Missing character: There is no 元 ("5143) in font nullfont!
Missing character: There is no 件 ("4EF6) in font nullfont!
Missing character: There is no 可 ("53EF) in font nullfont!
Missing character: There is no 以 ("4EE5) in font nullfont!
Missing character: There is no 用 ("7528) in font nullfont!
Missing character: There is no 谢 ("8C22) in font nullfont!
Missing character: There is no 弗 ("5F17) in font nullfont!
Missing character: There is no 元 ("5143) in font nullfont!
Missing character: There is no 件 ("4EF6) in font nullfont!
Missing character: There is no 按 ("6309) in font nullfont!
Missing character: There is no 图 ("56FE) in font nullfont!
! Undefined control sequence.
<write> ... Reference `fig:18_6' on page \thepage 
                                                  \space undefined\on@line .^^J
l.47 ...么输出就是关。上一段谈到的三个基本元件可以用谢弗元件按图\ref{fig:18_6}
                                                  的方式构成。$ab$ 元件和 $a+b$ 元件都包含...
The control sequence at the end of the top line
of your error message was never \def'ed. If you have
misspelled it (e.g., `\hobx'), type `I' and the correct
spelling (e.g., `I\hbox'). Otherwise just continue,
and I'll forget about whatever was undefined.


LaTeX Warning: Reference `fig:18_6' on page  undefined on input line 47.

Missing character: There is no 的 ("7684) in font nullfont!
Missing character: There is no 方 ("65B9) in font nullfont!
Missing character: There is no 式 ("5F0F) in font nullfont!
Missing character: There is no 构 ("6784) in font nullfont!
Missing character: There is no 成 ("6210) in font nullfont!
Missing character: There is no 。 ("3002) in font nullfont!
Missing character: There is no 元 ("5143) in font nullfont!
Missing character: There is no 件 ("4EF6) in font nullfont!
Missing character: There is no 和 ("548C) in font nullfont!
Missing character: There is no 元 ("5143) in font nullfont!
Missing character: There is no 件 ("4EF6) in font nullfont!
Missing character: There is no 都 ("90FD) in font nullfont!
Missing character: There is no 包 ("5305) in font nullfont!
Missing character: There is no 含 ("542B) in font nullfont!
Missing character: There is no 两 ("4E24) in font nullfont!
Missing character: There is no 个 ("4E2A) in font nullfont!
Missing character: There is no 串 ("4E32) in font nullfont!
Missing character: There is no 联 ("8054) in font nullfont!
Missing character: There is no 的 ("7684) in font nullfont!
Missing character: There is no 谢 ("8C22) in font nullfont!
Missing character: There is no 弗 ("5F17) in font nullfont!
Missing character: There is no 元 ("5143) in font nullfont!
Missing character: There is no 件 ("4EF6) in font nullfont!
Missing character: There is no ； ("FF1B) in font nullfont!
Missing character: There is no 所 ("6240) in font nullfont!
Missing character: There is no 以 ("4EE5) in font nullfont!
Missing character: There is no 这 ("8FD9) in font nullfont!
Missing character: There is no 两 ("4E24) in font nullfont!
Missing character: There is no 种 ("79CD) in font nullfont!
Missing character: There is no 元 ("5143) in font nullfont!
Missing character: There is no 件 ("4EF6) in font nullfont!
Missing character: There is no 的 ("7684) in font nullfont!
Missing character: There is no 时 ("65F6) in font nullfont!
Missing character: There is no 滞 ("6EDE) in font nullfont!
Missing character: There is no 自 ("81EA) in font nullfont!
Missing character: There is no 然 ("7136) in font nullfont!
Missing character: There is no 等 ("7B49) in font nullfont!
Missing character: There is no 于 ("4E8E) in font nullfont!
Missing character: There is no 那 ("90A3) in font nullfont!
Missing character: There is no 种 ("79CD) in font nullfont!
Missing character: There is no 只 ("53EA) in font nullfont!
Missing character: There is no 包 ("5305) in font nullfont!
Missing character: There is no 含 ("542B) in font nullfont!
Missing character: There is no 一 ("4E00) in font nullfont!
Missing character: There is no 个 ("4E2A) in font nullfont!
Missing character: There is no 谢 ("8C22) in font nullfont!
Missing character: There is no 弗 ("5F17) in font nullfont!
Missing character: There is no 元 ("5143) in font nullfont!
Missing character: There is no 件 ("4EF6) in font nullfont!
Missing character: There is no 的 ("7684) in font nullfont!
Missing character: There is no 元 ("5143) in font nullfont!
Missing character: There is no 件 ("4EF6) in font nullfont!
Missing character: There is no 的 ("7684) in font nullfont!
Missing character: There is no 时 ("65F6) in font nullfont!
Missing character: There is no 滞 ("6EDE) in font nullfont!
Missing character: There is no 的 ("7684) in font nullfont!
Missing character: There is no 两 ("4E24) in font nullfont!
Missing character: There is no 倍 ("500D) in font nullfont!
Missing character: There is no 。 ("3002) in font nullfont!
Missing character: There is no 但 ("4F46) in font nullfont!
Missing character: There is no 是 ("662F) in font nullfont!
Missing character: There is no 因 ("56E0) in font nullfont!
Missing character: There is no 为 ("4E3A) in font nullfont!
Missing character: There is no 我 ("6211) in font nullfont!
Missing character: There is no 们 ("4EEC) in font nullfont!
Missing character: There is no 对 ("5BF9) in font nullfont!
Missing character: There is no 于 ("4E8E) in font nullfont!
Missing character: There is no 时 ("65F6) in font nullfont!
Missing character: There is no 滞 ("6EDE) in font nullfont!
Missing character: There is no 的 ("7684) in font nullfont!
Missing character: There is no 了 ("4E86) in font nullfont!
Missing character: There is no 解 ("89E3) in font nullfont!
Missing character: There is no 只 ("53EA) in font nullfont!
Missing character: There is no 在 ("5728) in font nullfont!
Missing character: There is no 于 ("4E8E) in font nullfont!
Missing character: There is no 指 ("6307) in font nullfont!
Missing character: There is no 出 ("51FA) in font nullfont!
Missing character: There is no 输 ("8F93) in font nullfont!
Missing character: There is no 入 ("5165) in font nullfont!
Missing character: There is no 的 ("7684) in font nullfont!
Missing character: There is no 作 ("4F5C) in font nullfont!
Missing character: There is no 用 ("7528) in font nullfont!
Missing character: There is no 先 ("5148) in font nullfont!
Missing character: There is no 于 ("4E8E) in font nullfont!
Missing character: There is no 输 ("8F93) in font nullfont!
Missing character: There is no 出 ("51FA) in font nullfont!
Missing character: There is no 若 ("82E5) in font nullfont!
Missing character: There is no 干 ("5E72) in font nullfont!
Missing character: There is no 时 ("65F6) in font nullfont!
Missing character: There is no 间 ("95F4) in font nullfont!
Missing character: There is no ， ("FF0C) in font nullfont!
Missing character: There is no 时 ("65F6) in font nullfont!
Missing character: There is no 滞 ("6EDE) in font nullfont!
Missing character: There is no 真 ("771F) in font nullfont!
Missing character: There is no 正 ("6B63) in font nullfont!
Missing character: There is no 的 ("7684) in font nullfont!
Missing character: There is no 大 ("5927) in font nullfont!
Missing character: There is no 小 ("5C0F) in font nullfont!
Missing character: There is no 并 ("5E76) in font nullfont!
Missing character: There is no 不 ("4E0D) in font nullfont!
Missing character: There is no 重 ("91CD) in font nullfont!
Missing character: There is no 要 ("8981) in font nullfont!
Missing character: There is no 。 ("3002) in font nullfont!
Missing character: There is no 因 ("56E0) in font nullfont!
Missing character: There is no 此 ("6B64) in font nullfont!
Missing character: There is no ， ("FF0C) in font nullfont!
Missing character: There is no 我 ("6211) in font nullfont!
Missing character: There is no 们 ("4EEC) in font nullfont!
Missing character: There is no 把 ("628A) in font nullfont!
Missing character: There is no 只 ("53EA) in font nullfont!
Missing character: There is no 在 ("5728) in font nullfont!
Missing character: There is no 时 ("65F6) in font nullfont!
Missing character: There is no 滞 ("6EDE) in font nullfont!
Missing character: There is no 的 ("7684) in font nullfont!
Missing character: There is no 大 ("5927) in font nullfont!
Missing character: There is no 小 ("5C0F) in font nullfont!
Missing character: There is no 上 ("4E0A) in font nullfont!
Missing character: There is no 有 ("6709) in font nullfont!
Missing character: There is no 差 ("5DEE) in font nullfont!
Missing character: There is no 别 ("522B) in font nullfont!
Missing character: There is no 的 ("7684) in font nullfont!
Missing character: There is no 运 ("8FD0) in font nullfont!
Missing character: There is no 算 ("7B97) in font nullfont!
Missing character: There is no 考 ("8003) in font nullfont!
Missing character: There is no 虑 ("8651) in font nullfont!
Missing character: There is no 作 ("4F5C) in font nullfont!
Missing character: There is no 等 ("7B49) in font nullfont!
Missing character: There is no 价 ("4EF7) in font nullfont!
Missing character: There is no 的 ("7684) in font nullfont!
Missing character: There is no 运 ("8FD0) in font nullfont!
Missing character: There is no 算 ("7B97) in font nullfont!
Missing character: There is no 。 ("3002) in font nullfont!
Missing character: There is no 所 ("6240) in font nullfont!
Missing character: There is no 以 ("4EE5) in font nullfont!
Missing character: There is no 这 ("8FD9) in font nullfont!
Missing character: There is no 三 ("4E09) in font nullfont!
Missing character: There is no 种 ("79CD) in font nullfont!
Missing character: There is no 运 ("8FD0) in font nullfont!
Missing character: There is no 算 ("7B97) in font nullfont!
Missing character: There is no 全 ("5168) in font nullfont!
Missing character: There is no 都 ("90FD) in font nullfont!
Missing character: There is no 可 ("53EF) in font nullfont!
Missing character: There is no 以 ("4EE5) in font nullfont!
Missing character: There is no 用 ("7528) in font nullfont!
Missing character: There is no 一 ("4E00) in font nullfont!
Missing character: There is no 种 ("79CD) in font nullfont!
Missing character: There is no 简 ("7B80) in font nullfont!
Missing character: There is no 单 ("5355) in font nullfont!
Missing character: There is no 的 ("7684) in font nullfont!
Missing character: There is no 谢 ("8C22) in font nullfont!
Missing character: There is no 弗 ("5F17) in font nullfont!
Missing character: There is no 元 ("5143) in font nullfont!
Missing character: There is no 件 ("4EF6) in font nullfont!
Missing character: There is no 表 ("8868) in font nullfont!
Missing character: There is no 示 ("793A) in font nullfont!
Missing character: There is no 。 ("3002) in font nullfont!

Overfull \hbox (20.0pt too wide) in paragraph at lines 41--48
[]
 []


Overfull \hbox (10.86pt too wide) in paragraph at lines 41--48
[]$[]$
 []


Overfull \hbox (5.28589pt too wide) in paragraph at lines 41--48
\OML/cmm/m/it/10 a$
 []


Overfull \hbox (4.29166pt too wide) in paragraph at lines 41--48
\OML/cmm/m/it/10 b$
 []


Overfull \hbox (14.02196pt too wide) in paragraph at lines 41--48
\OML/cmm/m/it/10 a; b$
 []


Overfull \hbox (5.28589pt too wide) in paragraph at lines 41--48
\OML/cmm/m/it/10 a$
 []


Overfull \hbox (4.29166pt too wide) in paragraph at lines 41--48
\OML/cmm/m/it/10 b$
 []


Overfull \hbox (20.43755pt too wide) in paragraph at lines 41--48
[]$\OML/cmm/m/it/10 ab$
 []


Overfull \hbox (13.06369pt too wide) in paragraph at lines 41--48
\OML/cmm/m/it/10 a \OT1/cmr/m/n/10 +
 []


Overfull \hbox (4.29166pt too wide) in paragraph at lines 41--48
\OML/cmm/m/it/10 b$
 []


Overfull \hbox (16.02203pt too wide) in paragraph at lines 41--48
\OML/cmm/m/it/10 a[]$
 []


! LaTeX Error: Environment figure undefined.

See the LaTeX manual or LaTeX Companion for explanation.
Type  H <return>  for immediate help.
 ...                                              
                                                  
l.49 \begin{figure}
                   [h!]
Your command was ignored.
Type  I <command> <return>  to replace it with another command,
or  <return>  to continue without it.


! LaTeX Error: Missing \begin{document}.

See the LaTeX manual or LaTeX Companion for explanation.
Type  H <return>  for immediate help.
 ...                                              
                                                  
l.49 \begin{figure}[
                    h!]
You're in trouble here.  Try typing  <return>  to proceed.
If that doesn't work, type  X <return>  to quit.

Missing character: There is no [ ("5B) in font nullfont!
Missing character: There is no h ("68) in font nullfont!
Missing character: There is no ! ("21) in font nullfont!
Missing character: There is no ] ("5D) in font nullfont!
! Undefined control sequence.
l.51 \includegraphics
                     [width=0.7\textwidth]{图18.5.png}
The control sequence at the end of the top line
of your error message was never \def'ed. If you have
misspelled it (e.g., `\hobx'), type `I' and the correct
spelling (e.g., `I\hbox'). Otherwise just continue,
and I'll forget about whatever was undefined.

Missing character: There is no [ ("5B) in font nullfont!
Missing character: There is no w ("77) in font nullfont!
Missing character: There is no i ("69) in font nullfont!
Missing character: There is no d ("64) in font nullfont!
Missing character: There is no t ("74) in font nullfont!
Missing character: There is no h ("68) in font nullfont!
Missing character: There is no = ("3D) in font nullfont!
Missing character: There is no 0 ("30) in font nullfont!
Missing character: There is no . ("2E) in font nullfont!
Missing character: There is no 7 ("37) in font nullfont!
! Missing number, treated as zero.
<to be read again> 
                   ]
l.51 \includegraphics[width=0.7\textwidth]
                                          {图18.5.png}
A number should have been here; I inserted `0'.
(If you can't figure out why I needed to see a number,
look up `weird error' in the index to The TeXbook.)

! Illegal unit of measure (pt inserted).
<to be read again> 
                   ]
l.51 \includegraphics[width=0.7\textwidth]
                                          {图18.5.png}
Dimensions can be in units of em, ex, in, pt, pc,
cm, mm, dd, cc, bp, or sp; but yours is a new one!
I'll assume that you meant to say pt, for printer's points.
To recover gracefully from this error, it's best to
delete the erroneous units; e.g., type `2' to delete
two letters. (See Chapter 27 of The TeXbook.)

Missing character: There is no ] ("5D) in font nullfont!
Missing character: There is no 图 ("56FE) in font nullfont!
Missing character: There is no 1 ("31) in font nullfont!
Missing character: There is no 8 ("38) in font nullfont!
Missing character: There is no . ("2E) in font nullfont!
Missing character: There is no 5 ("35) in font nullfont!
Missing character: There is no . ("2E) in font nullfont!
Missing character: There is no p ("70) in font nullfont!
Missing character: There is no n ("6E) in font nullfont!
Missing character: There is no g ("67) in font nullfont!

! LaTeX Error: \caption outside float.

See the LaTeX manual or LaTeX Companion for explanation.
Type  H <return>  for immediate help.
 ...                                              
                                                  
l.52 \caption
             {}
You're in trouble here.  Try typing  <return>  to proceed.
If that doesn't work, type  X <return>  to quit.


! LaTeX Error: \begin{document} ended by \end{figure}.

See the LaTeX manual or LaTeX Companion for explanation.
Type  H <return>  for immediate help.
 ...                                              
                                                  
l.54 \end{figure}
                 
Your command was ignored.
Type  I <command> <return>  to replace it with another command,
or  <return>  to continue without it.


Overfull \hbox (20.0pt too wide) in paragraph at lines 49--55
[]
 []


! LaTeX Error: Environment figure undefined.

See the LaTeX manual or LaTeX Companion for explanation.
Type  H <return>  for immediate help.
 ...                                              
                                                  
l.56 \begin{figure}
                   [h!]
Your command was ignored.
Type  I <command> <return>  to replace it with another command,
or  <return>  to continue without it.


! LaTeX Error: Missing \begin{document}.

See the LaTeX manual or LaTeX Companion for explanation.
Type  H <return>  for immediate help.
 ...                                              
                                                  
l.56 \begin{figure}[
                    h!]
You're in trouble here.  Try typing  <return>  to proceed.
If that doesn't work, type  X <return>  to quit.

Missing character: There is no [ ("5B) in font nullfont!
Missing character: There is no h ("68) in font nullfont!
Missing character: There is no ! ("21) in font nullfont!
Missing character: There is no ] ("5D) in font nullfont!
! Undefined control sequence.
l.58 \includegraphics
                     [width=0.7\textwidth]{图18.6.png}
The control sequence at the end of the top line
of your error message was never \def'ed. If you have
misspelled it (e.g., `\hobx'), type `I' and the correct
spelling (e.g., `I\hbox'). Otherwise just continue,
and I'll forget about whatever was undefined.

Missing character: There is no [ ("5B) in font nullfont!
Missing character: There is no w ("77) in font nullfont!
Missing character: There is no i ("69) in font nullfont!
Missing character: There is no d ("64) in font nullfont!
Missing character: There is no t ("74) in font nullfont!
Missing character: There is no h ("68) in font nullfont!
Missing character: There is no = ("3D) in font nullfont!
Missing character: There is no 0 ("30) in font nullfont!
Missing character: There is no . ("2E) in font nullfont!
Missing character: There is no 7 ("37) in font nullfont!
! Missing number, treated as zero.
<to be read again> 
                   ]
l.58 \includegraphics[width=0.7\textwidth]
                                          {图18.6.png}
A number should have been here; I inserted `0'.
(If you can't figure out why I needed to see a number,
look up `weird error' in the index to The TeXbook.)

! Illegal unit of measure (pt inserted).
<to be read again> 
                   ]
l.58 \includegraphics[width=0.7\textwidth]
                                          {图18.6.png}
Dimensions can be in units of em, ex, in, pt, pc,
cm, mm, dd, cc, bp, or sp; but yours is a new one!
I'll assume that you meant to say pt, for printer's points.
To recover gracefully from this error, it's best to
delete the erroneous units; e.g., type `2' to delete
two letters. (See Chapter 27 of The TeXbook.)

Missing character: There is no ] ("5D) in font nullfont!
Missing character: There is no 图 ("56FE) in font nullfont!
Missing character: There is no 1 ("31) in font nullfont!
Missing character: There is no 8 ("38) in font nullfont!
Missing character: There is no . ("2E) in font nullfont!
Missing character: There is no 6 ("36) in font nullfont!
Missing character: There is no . ("2E) in font nullfont!
Missing character: There is no p ("70) in font nullfont!
Missing character: There is no n ("6E) in font nullfont!
Missing character: There is no g ("67) in font nullfont!

! LaTeX Error: \caption outside float.

See the LaTeX manual or LaTeX Companion for explanation.
Type  H <return>  for immediate help.
 ...                                              
                                                  
l.59 \caption
             {}
You're in trouble here.  Try typing  <return>  to proceed.
If that doesn't work, type  X <return>  to quit.


! LaTeX Error: \begin{document} ended by \end{figure}.

See the LaTeX manual or LaTeX Companion for explanation.
Type  H <return>  for immediate help.
 ...                                              
                                                  
l.61 \end{figure}
                 
Your command was ignored.
Type  I <command> <return>  to replace it with another command,
or  <return>  to continue without it.


Overfull \hbox (20.0pt too wide) in paragraph at lines 56--62
[]
 []


! LaTeX Error: Missing \begin{document}.

See the LaTeX manual or LaTeX Companion for explanation.
Type  H <return>  for immediate help.
 ...                                              
                                                  
l.63 关
      于基本元件的选择方法自然并不是唯一的。除了谢弗元件外还可以选用其他的元件。但是，我们选择了谢弗元件，可以使以后的讨论方便。我们将首先考虑用谢...

You're in trouble here.  Try typing  <return>  to proceed.
If that doesn't work, type  X <return>  to quit.

Missing character: There is no 关 ("5173) in font nullfont!
Missing character: There is no 于 ("4E8E) in font nullfont!
Missing character: There is no 基 ("57FA) in font nullfont!
Missing character: There is no 本 ("672C) in font nullfont!
Missing character: There is no 元 ("5143) in font nullfont!
Missing character: There is no 件 ("4EF6) in font nullfont!
Missing character: There is no 的 ("7684) in font nullfont!
Missing character: There is no 选 ("9009) in font nullfont!
Missing character: There is no 择 ("62E9) in font nullfont!
Missing character: There is no 方 ("65B9) in font nullfont!
Missing character: There is no 法 ("6CD5) in font nullfont!
Missing character: There is no 自 ("81EA) in font nullfont!
Missing character: There is no 然 ("7136) in font nullfont!
Missing character: There is no 并 ("5E76) in font nullfont!
Missing character: There is no 不 ("4E0D) in font nullfont!
Missing character: There is no 是 ("662F) in font nullfont!
Missing character: There is no 唯 ("552F) in font nullfont!
Missing character: There is no 一 ("4E00) in font nullfont!
Missing character: There is no 的 ("7684) in font nullfont!
Missing character: There is no 。 ("3002) in font nullfont!
Missing character: There is no 除 ("9664) in font nullfont!
Missing character: There is no 了 ("4E86) in font nullfont!
Missing character: There is no 谢 ("8C22) in font nullfont!
Missing character: There is no 弗 ("5F17) in font nullfont!
Missing character: There is no 元 ("5143) in font nullfont!
Missing character: There is no 件 ("4EF6) in font nullfont!
Missing character: There is no 外 ("5916) in font nullfont!
Missing character: There is no 还 ("8FD8) in font nullfont!
Missing character: There is no 可 ("53EF) in font nullfont!
Missing character: There is no 以 ("4EE5) in font nullfont!
Missing character: There is no 选 ("9009) in font nullfont!
Missing character: There is no 用 ("7528) in font nullfont!
Missing character: There is no 其 ("5176) in font nullfont!
Missing character: There is no 他 ("4ED6) in font nullfont!
Missing character: There is no 的 ("7684) in font nullfont!
Missing character: There is no 元 ("5143) in font nullfont!
Missing character: There is no 件 ("4EF6) in font nullfont!
Missing character: There is no 。 ("3002) in font nullfont!
Missing character: There is no 但 ("4F46) in font nullfont!
Missing character: There is no 是 ("662F) in font nullfont!
Missing character: There is no ， ("FF0C) in font nullfont!
Missing character: There is no 我 ("6211) in font nullfont!
Missing character: There is no 们 ("4EEC) in font nullfont!
Missing character: There is no 选 ("9009) in font nullfont!
Missing character: There is no 择 ("62E9) in font nullfont!
Missing character: There is no 了 ("4E86) in font nullfont!
Missing character: There is no 谢 ("8C22) in font nullfont!
Missing character: There is no 弗 ("5F17) in font nullfont!
Missing character: There is no 元 ("5143) in font nullfont!
Missing character: There is no 件 ("4EF6) in font nullfont!
Missing character: There is no ， ("FF0C) in font nullfont!
Missing character: There is no 可 ("53EF) in font nullfont!
Missing character: There is no 以 ("4EE5) in font nullfont!
Missing character: There is no 使 ("4F7F) in font nullfont!
Missing character: There is no 以 ("4EE5) in font nullfont!
Missing character: There is no 后 ("540E) in font nullfont!
Missing character: There is no 的 ("7684) in font nullfont!
Missing character: There is no 讨 ("8BA8) in font nullfont!
Missing character: There is no 论 ("8BBA) in font nullfont!
Missing character: There is no 方 ("65B9) in font nullfont!
Missing character: There is no 便 ("4FBF) in font nullfont!
Missing character: There is no 。 ("3002) in font nullfont!
Missing character: There is no 我 ("6211) in font nullfont!
Missing character: There is no 们 ("4EEC) in font nullfont!
Missing character: There is no 将 ("5C06) in font nullfont!
Missing character: There is no 首 ("9996) in font nullfont!
Missing character: There is no 先 ("5148) in font nullfont!
Missing character: There is no 考 ("8003) in font nullfont!
Missing character: There is no 虑 ("8651) in font nullfont!
Missing character: There is no 用 ("7528) in font nullfont!
Missing character: There is no 谢 ("8C22) in font nullfont!
Missing character: There is no 弗 ("5F17) in font nullfont!
Missing character: There is no 元 ("5143) in font nullfont!
Missing character: There is no 件 ("4EF6) in font nullfont!
Missing character: There is no 表 ("8868) in font nullfont!
Missing character: There is no 示 ("793A) in font nullfont!
Missing character: There is no 的 ("7684) in font nullfont!
Missing character: There is no 一 ("4E00) in font nullfont!
Missing character: There is no 个 ("4E2A) in font nullfont!
Missing character: There is no 运 ("8FD0) in font nullfont!
Missing character: There is no 算 ("7B97) in font nullfont!
Missing character: There is no 中 ("4E2D) in font nullfont!
Missing character: There is no 的 ("7684) in font nullfont!
Missing character: There is no 误 ("8BEF) in font nullfont!
Missing character: There is no 差 ("5DEE) in font nullfont!
Missing character: There is no 控 ("63A7) in font nullfont!
Missing character: There is no 制 ("5236) in font nullfont!
Missing character: There is no 问 ("95EE) in font nullfont!
Missing character: There is no 题 ("9898) in font nullfont!
Missing character: There is no ； ("FF1B) in font nullfont!
Missing character: There is no 然 ("7136) in font nullfont!
Missing character: There is no 后 ("540E) in font nullfont!
Missing character: There is no ， ("FF0C) in font nullfont!
Missing character: There is no 由 ("7531) in font nullfont!
Missing character: There is no 谢 ("8C22) in font nullfont!
Missing character: There is no 弗 ("5F17) in font nullfont!
Missing character: There is no 元 ("5143) in font nullfont!
Missing character: There is no 件 ("4EF6) in font nullfont!
Missing character: There is no 组 ("7EC4) in font nullfont!
Missing character: There is no 成 ("6210) in font nullfont!
Missing character: There is no 的 ("7684) in font nullfont!
Missing character: There is no 任 ("4EFB) in font nullfont!
Missing character: There is no 何 ("4F55) in font nullfont!
Missing character: There is no 复 ("590D) in font nullfont!
Missing character: There is no 杂 ("6742) in font nullfont!
Missing character: There is no 运 ("8FD0) in font nullfont!
Missing character: There is no 算 ("7B97) in font nullfont!
Missing character: There is no 也 ("4E5F) in font nullfont!
Missing character: There is no 可 ("53EF) in font nullfont!
Missing character: There is no 以 ("4EE5) in font nullfont!
Missing character: There is no 类 ("7C7B) in font nullfont!
Missing character: There is no 似 ("4F3C) in font nullfont!
Missing character: There is no 地 ("5730) in font nullfont!
Missing character: There is no 进 ("8FDB) in font nullfont!
Missing character: There is no 行 ("884C) in font nullfont!
Missing character: There is no 设 ("8BBE) in font nullfont!
Missing character: There is no 计 ("8BA1) in font nullfont!
Missing character: There is no 。 ("3002) in font nullfont!

Overfull \hbox (20.0pt too wide) in paragraph at lines 63--64
[] 
 []

! Undefined control sequence.
l.67 \section
             {复合方法}
The control sequence at the end of the top line
of your error message was never \def'ed. If you have
misspelled it (e.g., `\hobx'), type `I' and the correct
spelling (e.g., `I\hbox'). Otherwise just continue,
and I'll forget about whatever was undefined.


! LaTeX Error: Missing \begin{document}.

See the LaTeX manual or LaTeX Companion for explanation.
Type  H <return>  for immediate help.
 ...                                              
                                                  
l.67 \section{复
               合方法}
You're in trouble here.  Try typing  <return>  to proceed.
If that doesn't work, type  X <return>  to quit.

Missing character: There is no 复 ("590D) in font nullfont!
Missing character: There is no 合 ("5408) in font nullfont!
Missing character: There is no 方 ("65B9) in font nullfont!
Missing character: There is no 法 ("6CD5) in font nullfont!

Overfull \hbox (20.0pt too wide) in paragraph at lines 67--68
[] 
 []


! LaTeX Error: Missing \begin{document}.

See the LaTeX manual or LaTeX Companion for explanation.
Type  H <return>  for immediate help.
 ...                                              
                                                  
l.69 利
      用增加元件数目来改善可靠性的这一个概念，我们用包含有 $n$ 根输入的一束输入代替一个输入。这样一来，在单独一个谢弗元件的系统中，对于 $a...

You're in trouble here.  Try typing  <return>  to proceed.
If that doesn't work, type  X <return>  to quit.

Missing character: There is no 利 ("5229) in font nullfont!
Missing character: There is no 用 ("7528) in font nullfont!
Missing character: There is no 增 ("589E) in font nullfont!
Missing character: There is no 加 ("52A0) in font nullfont!
Missing character: There is no 元 ("5143) in font nullfont!
Missing character: There is no 件 ("4EF6) in font nullfont!
Missing character: There is no 数 ("6570) in font nullfont!
Missing character: There is no 目 ("76EE) in font nullfont!
Missing character: There is no 来 ("6765) in font nullfont!
Missing character: There is no 改 ("6539) in font nullfont!
Missing character: There is no 善 ("5584) in font nullfont!
Missing character: There is no 可 ("53EF) in font nullfont!
Missing character: There is no 靠 ("9760) in font nullfont!
Missing character: There is no 性 ("6027) in font nullfont!
Missing character: There is no 的 ("7684) in font nullfont!
Missing character: There is no 这 ("8FD9) in font nullfont!
Missing character: There is no 一 ("4E00) in font nullfont!
Missing character: There is no 个 ("4E2A) in font nullfont!
Missing character: There is no 概 ("6982) in font nullfont!
Missing character: There is no 念 ("5FF5) in font nullfont!
Missing character: There is no ， ("FF0C) in font nullfont!
Missing character: There is no 我 ("6211) in font nullfont!
Missing character: There is no 们 ("4EEC) in font nullfont!
Missing character: There is no 用 ("7528) in font nullfont!
Missing character: There is no 包 ("5305) in font nullfont!
Missing character: There is no 含 ("542B) in font nullfont!
Missing character: There is no 有 ("6709) in font nullfont!
Missing character: There is no 根 ("6839) in font nullfont!
Missing character: There is no 输 ("8F93) in font nullfont!
Missing character: There is no 入 ("5165) in font nullfont!
Missing character: There is no 的 ("7684) in font nullfont!
Missing character: There is no 一 ("4E00) in font nullfont!
Missing character: There is no 束 ("675F) in font nullfont!
Missing character: There is no 输 ("8F93) in font nullfont!
Missing character: There is no 入 ("5165) in font nullfont!
Missing character: There is no 代 ("4EE3) in font nullfont!
Missing character: There is no 替 ("66FF) in font nullfont!
Missing character: There is no 一 ("4E00) in font nullfont!
Missing character: There is no 个 ("4E2A) in font nullfont!
Missing character: There is no 输 ("8F93) in font nullfont!
Missing character: There is no 入 ("5165) in font nullfont!
Missing character: There is no 。 ("3002) in font nullfont!
Missing character: There is no 这 ("8FD9) in font nullfont!
Missing character: There is no 样 ("6837) in font nullfont!
Missing character: There is no 一 ("4E00) in font nullfont!
Missing character: There is no 来 ("6765) in font nullfont!
Missing character: There is no ， ("FF0C) in font nullfont!
Missing character: There is no 在 ("5728) in font nullfont!
Missing character: There is no 单 ("5355) in font nullfont!
Missing character: There is no 独 ("72EC) in font nullfont!
Missing character: There is no 一 ("4E00) in font nullfont!
Missing character: There is no 个 ("4E2A) in font nullfont!
Missing character: There is no 谢 ("8C22) in font nullfont!
Missing character: There is no 弗 ("5F17) in font nullfont!
Missing character: There is no 元 ("5143) in font nullfont!
Missing character: There is no 件 ("4EF6) in font nullfont!
Missing character: There is no 的 ("7684) in font nullfont!
Missing character: There is no 系 ("7CFB) in font nullfont!
Missing character: There is no 统 ("7EDF) in font nullfont!
Missing character: There is no 中 ("4E2D) in font nullfont!
Missing character: There is no ， ("FF0C) in font nullfont!
Missing character: There is no 对 ("5BF9) in font nullfont!
Missing character: There is no 于 ("4E8E) in font nullfont!
Missing character: There is no 输 ("8F93) in font nullfont!
Missing character: There is no 入 ("5165) in font nullfont!
Missing character: There is no 线 ("7EBF) in font nullfont!
Missing character: There is no 我 ("6211) in font nullfont!
Missing character: There is no 们 ("4EEC) in font nullfont!
Missing character: There is no 将 ("5C06) in font nullfont!
Missing character: There is no 有 ("6709) in font nullfont!
Missing character: There is no 根 ("6839) in font nullfont!
Missing character: There is no 线 ("7EBF) in font nullfont!
Missing character: There is no ， ("FF0C) in font nullfont!
Missing character: There is no 写 ("5199) in font nullfont!
Missing character: There is no 作 ("4F5C) in font nullfont!
Missing character: There is no ， ("FF0C) in font nullfont!
Missing character: There is no 其 ("5176) in font nullfont!
Missing character: There is no 中 ("4E2D) in font nullfont!
Missing character: There is no ； ("FF1B) in font nullfont!
Missing character: There is no 对 ("5BF9) in font nullfont!
Missing character: There is no 于 ("4E8E) in font nullfont!
Missing character: There is no 输 ("8F93) in font nullfont!
Missing character: There is no 入 ("5165) in font nullfont!
Missing character: There is no 线 ("7EBF) in font nullfont!
Missing character: There is no 也 ("4E5F) in font nullfont!
Missing character: There is no 有 ("6709) in font nullfont!
Missing character: There is no 根 ("6839) in font nullfont!
Missing character: There is no ， ("FF0C) in font nullfont!
Missing character: There is no 写 ("5199) in font nullfont!
Missing character: There is no 作 ("4F5C) in font nullfont!
Missing character: There is no ， ("FF0C) in font nullfont!
Missing character: There is no 其 ("5176) in font nullfont!
Missing character: There is no 中 ("4E2D) in font nullfont!
Missing character: There is no ； ("FF1B) in font nullfont!
Missing character: There is no 输 ("8F93) in font nullfont!
Missing character: There is no 出 ("51FA) in font nullfont!
Missing character: There is no 也 ("4E5F) in font nullfont!
Missing character: There is no 是 ("662F) in font nullfont!
Missing character: There is no 有 ("6709) in font nullfont!
Missing character: There is no 根 ("6839) in font nullfont!
Missing character: There is no 的 ("7684) in font nullfont!
Missing character: There is no 一 ("4E00) in font nullfont!
Missing character: There is no 束 ("675F) in font nullfont!
Missing character: There is no 线 ("7EBF) in font nullfont!
Missing character: There is no ， ("FF0C) in font nullfont!
Missing character: There is no 然 ("7136) in font nullfont!
Missing character: There is no 后 ("540E) in font nullfont!
Missing character: There is no 我 ("6211) in font nullfont!
Missing character: There is no 们 ("4EEC) in font nullfont!
Missing character: There is no 规 ("89C4) in font nullfont!
Missing character: There is no 定 ("5B9A) in font nullfont!
Missing character: There is no 一 ("4E00) in font nullfont!
Missing character: There is no 个 ("4E2A) in font nullfont!
Missing character: There is no 分 ("5206) in font nullfont!
Missing character: There is no 数 ("6570) in font nullfont!
Missing character: There is no ， ("FF0C) in font nullfont!
! Undefined control sequence.
l.69 ...根的一束线，然后我们规定一个分数 $\delta$，$0<\delta<\dfrac
                                                  {1}{2}$，如果输出线束中超过 $(1-\del...
The control sequence at the end of the top line
of your error message was never \def'ed. If you have
misspelled it (e.g., `\hobx'), type `I' and the correct
spelling (e.g., `I\hbox'). Otherwise just continue,
and I'll forget about whatever was undefined.

Missing character: There is no ， ("FF0C) in font nullfont!
Missing character: There is no 如 ("5982) in font nullfont!
Missing character: There is no 果 ("679C) in font nullfont!
Missing character: There is no 输 ("8F93) in font nullfont!
Missing character: There is no 出 ("51FA) in font nullfont!
Missing character: There is no 线 ("7EBF) in font nullfont!
Missing character: There is no 束 ("675F) in font nullfont!
Missing character: There is no 中 ("4E2D) in font nullfont!
Missing character: There is no 超 ("8D85) in font nullfont!
Missing character: There is no 过 ("8FC7) in font nullfont!
Missing character: There is no 根 ("6839) in font nullfont!
Missing character: There is no 线 ("7EBF) in font nullfont!
Missing character: There is no 是 ("662F) in font nullfont!
Missing character: There is no 开 ("5F00) in font nullfont!
Missing character: There is no （ ("FF08) in font nullfont!
Missing character: There is no 或 ("6216) in font nullfont!
Missing character: There is no 者 ("8005) in font nullfont!
Missing character: There is no 关 ("5173) in font nullfont!
Missing character: There is no ） ("FF09) in font nullfont!
Missing character: There is no ， ("FF0C) in font nullfont!
Missing character: There is no 我 ("6211) in font nullfont!
Missing character: There is no 们 ("4EEC) in font nullfont!
Missing character: There is no 就 ("5C31) in font nullfont!
Missing character: There is no 认 ("8BA4) in font nullfont!
Missing character: There is no 为 ("4E3A) in font nullfont!
Missing character: There is no 从 ("4ECE) in font nullfont!
Missing character: There is no 整 ("6574) in font nullfont!
Missing character: There is no 体 ("4F53) in font nullfont!
Missing character: There is no 来 ("6765) in font nullfont!
Missing character: There is no 看 ("770B) in font nullfont!
Missing character: There is no 输 ("8F93) in font nullfont!
Missing character: There is no 出 ("51FA) in font nullfont!
Missing character: There is no 就 ("5C31) in font nullfont!
Missing character: There is no 是 ("662F) in font nullfont!
Missing character: There is no 开 ("5F00) in font nullfont!
Missing character: There is no （ ("FF08) in font nullfont!
Missing character: There is no 或 ("6216) in font nullfont!
Missing character: There is no 者 ("8005) in font nullfont!
Missing character: There is no 关 ("5173) in font nullfont!
Missing character: There is no ） ("FF09) in font nullfont!
Missing character: There is no 。 ("3002) in font nullfont!
Missing character: There is no 如 ("5982) in font nullfont!
Missing character: There is no 果 ("679C) in font nullfont!
Missing character: There is no 输 ("8F93) in font nullfont!
Missing character: There is no 出 ("51FA) in font nullfont!
Missing character: There is no 线 ("7EBF) in font nullfont!
Missing character: There is no 束 ("675F) in font nullfont!
Missing character: There is no 中 ("4E2D) in font nullfont!
Missing character: There is no 有 ("6709) in font nullfont!
Missing character: There is no 不 ("4E0D) in font nullfont!
Missing character: There is no 到 ("5230) in font nullfont!
Missing character: There is no 根 ("6839) in font nullfont!
Missing character: There is no 线 ("7EBF) in font nullfont!
Missing character: There is no 是 ("662F) in font nullfont!
Missing character: There is no 开 ("5F00) in font nullfont!
Missing character: There is no （ ("FF08) in font nullfont!
Missing character: There is no 或 ("6216) in font nullfont!
Missing character: There is no 者 ("8005) in font nullfont!
Missing character: There is no 关 ("5173) in font nullfont!
Missing character: There is no ） ("FF09) in font nullfont!
Missing character: There is no ， ("FF0C) in font nullfont!
Missing character: There is no 作 ("4F5C) in font nullfont!
Missing character: There is no 为 ("4E3A) in font nullfont!
Missing character: There is no 一 ("4E00) in font nullfont!
Missing character: There is no 个 ("4E2A) in font nullfont!
Missing character: There is no 整 ("6574) in font nullfont!
Missing character: There is no 体 ("4F53) in font nullfont!
Missing character: There is no 来 ("6765) in font nullfont!
Missing character: There is no 看 ("770B) in font nullfont!
Missing character: There is no 就 ("5C31) in font nullfont!
Missing character: There is no 被 ("88AB) in font nullfont!
Missing character: There is no 考 ("8003) in font nullfont!
Missing character: There is no 虑 ("8651) in font nullfont!
Missing character: There is no 为 ("4E3A) in font nullfont!
Missing character: There is no 关 ("5173) in font nullfont!
Missing character: There is no （ ("FF08) in font nullfont!
Missing character: There is no 或 ("6216) in font nullfont!
Missing character: There is no 者 ("8005) in font nullfont!
Missing character: There is no 开 ("5F00) in font nullfont!
Missing character: There is no ） ("FF09) in font nullfont!
Missing character: There is no 。 ("3002) in font nullfont!
Missing character: There is no 其 ("5176) in font nullfont!
Missing character: There is no 他 ("4ED6) in font nullfont!
Missing character: There is no 任 ("4EFB) in font nullfont!
Missing character: There is no 何 ("4F55) in font nullfont!
Missing character: There is no 中 ("4E2D) in font nullfont!
Missing character: There is no 间 ("95F4) in font nullfont!
Missing character: There is no 情 ("60C5) in font nullfont!
Missing character: There is no 况 ("51B5) in font nullfont!
Missing character: There is no 都 ("90FD) in font nullfont!
Missing character: There is no 当 ("5F53) in font nullfont!
Missing character: There is no 作 ("4F5C) in font nullfont!
Missing character: There is no 是 ("662F) in font nullfont!
Missing character: There is no 失 ("5931) in font nullfont!
Missing character: There is no 灵 ("7075) in font nullfont!
Missing character: There is no 现 ("73B0) in font nullfont!
Missing character: There is no 象 ("8C61) in font nullfont!
Missing character: There is no 。 ("3002) in font nullfont!
Missing character: There is no 就 ("5C31) in font nullfont!
Missing character: There is no 是 ("662F) in font nullfont!
Missing character: There is no 置 ("7F6E) in font nullfont!
Missing character: There is no 信 ("4FE1) in font nullfont!
Missing character: There is no 水 ("6C34) in font nullfont!
Missing character: There is no 平 ("5E73) in font nullfont!
Missing character: There is no 。 ("3002) in font nullfont!
Missing character: There is no 问 ("95EE) in font nullfont!
Missing character: There is no 题 ("9898) in font nullfont!
Missing character: There is no 在 ("5728) in font nullfont!
Missing character: There is no 于 ("4E8E) in font nullfont!
Missing character: There is no 如 ("5982) in font nullfont!
Missing character: There is no 何 ("4F55) in font nullfont!
Missing character: There is no 利 ("5229) in font nullfont!
Missing character: There is no 用 ("7528) in font nullfont!
Missing character: There is no 谢 ("8C22) in font nullfont!
Missing character: There is no 弗 ("5F17) in font nullfont!
Missing character: There is no 元 ("5143) in font nullfont!
Missing character: There is no 件 ("4EF6) in font nullfont!
Missing character: There is no 组 ("7EC4) in font nullfont!
Missing character: There is no 成 ("6210) in font nullfont!
Missing character: There is no 一 ("4E00) in font nullfont!
Missing character: There is no 个 ("4E2A) in font nullfont!
Missing character: There is no 系 ("7CFB) in font nullfont!
Missing character: There is no 统 ("7EDF) in font nullfont!
Missing character: There is no ， ("FF0C) in font nullfont!
Missing character: There is no 当 ("5F53) in font nullfont!
Missing character: There is no 输 ("8F93) in font nullfont!
Missing character: There is no 入 ("5165) in font nullfont!
Missing character: There is no 线 ("7EBF) in font nullfont!
Missing character: There is no 束 ("675F) in font nullfont!
Missing character: There is no 中 ("4E2D) in font nullfont!
Missing character: There is no 误 ("8BEF) in font nullfont!
Missing character: There is no 差 ("5DEE) in font nullfont!
Missing character: There is no 的 ("7684) in font nullfont!
Missing character: There is no 概 ("6982) in font nullfont!
Missing character: There is no 率 ("7387) in font nullfont!
Missing character: There is no 一 ("4E00) in font nullfont!
Missing character: There is no 定 ("5B9A) in font nullfont!
Missing character: There is no ， ("FF0C) in font nullfont!
Missing character: There is no 以 ("4EE5) in font nullfont!
Missing character: There is no 及 ("53CA) in font nullfont!
Missing character: There is no 单 ("5355) in font nullfont!
Missing character: There is no 独 ("72EC) in font nullfont!
Missing character: There is no 元 ("5143) in font nullfont!
Missing character: There is no 件 ("4EF6) in font nullfont!
Missing character: There is no 发 ("53D1) in font nullfont!
Missing character: There is no 生 ("751F) in font nullfont!
Missing character: There is no 失 ("5931) in font nullfont!
Missing character: There is no 灵 ("7075) in font nullfont!
Missing character: There is no 现 ("73B0) in font nullfont!
Missing character: There is no 象 ("8C61) in font nullfont!
Missing character: There is no 的 ("7684) in font nullfont!
Missing character: There is no 概 ("6982) in font nullfont!
Missing character: There is no 率 ("7387) in font nullfont!
Missing character: There is no 一 ("4E00) in font nullfont!
Missing character: There is no 定 ("5B9A) in font nullfont!
Missing character: There is no 的 ("7684) in font nullfont!
Missing character: There is no 时 ("65F6) in font nullfont!
Missing character: There is no 候 ("5019) in font nullfont!
Missing character: There is no ， ("FF0C) in font nullfont!
Missing character: There is no 可 ("53EF) in font nullfont!
Missing character: There is no 以 ("4EE5) in font nullfont!
Missing character: There is no 使 ("4F7F) in font nullfont!
Missing character: There is no 得 ("5F97) in font nullfont!
Missing character: There is no 整 ("6574) in font nullfont!
Missing character: There is no 个 ("4E2A) in font nullfont!
Missing character: There is no 系 ("7CFB) in font nullfont!
Missing character: There is no 统 ("7EDF) in font nullfont!
Missing character: There is no 发 ("53D1) in font nullfont!
Missing character: There is no 生 ("751F) in font nullfont!
Missing character: There is no 失 ("5931) in font nullfont!
Missing character: There is no 灵 ("7075) in font nullfont!
Missing character: There is no 的 ("7684) in font nullfont!
Missing character: There is no 概 ("6982) in font nullfont!
Missing character: There is no 率 ("7387) in font nullfont!
Missing character: There is no 减 ("51CF) in font nullfont!
Missing character: There is no 小 ("5C0F) in font nullfont!
Missing character: There is no 。 ("3002) in font nullfont!

Overfull \hbox (20.0pt too wide) in paragraph at lines 69--70
[]
 []


Overfull \hbox (6.00235pt too wide) in paragraph at lines 69--70
\OML/cmm/m/it/10 n$
 []


Overfull \hbox (5.28589pt too wide) in paragraph at lines 69--70
\OML/cmm/m/it/10 a$
 []


Overfull \hbox (6.00235pt too wide) in paragraph at lines 69--70
\OML/cmm/m/it/10 n$
 []


Overfull \hbox (8.61517pt too wide) in paragraph at lines 69--70
\OML/cmm/m/it/10 a[]$
 []


Overfull \hbox (14.00064pt too wide) in paragraph at lines 69--70
\OML/cmm/m/it/10 i \OT1/cmr/m/n/10 =
 []


Overfull \hbox (42.66885pt too wide) in paragraph at lines 69--70
\OT1/cmr/m/n/10 1\OML/cmm/m/it/10 ; \OT1/cmr/m/n/10 2\OML/cmm/m/it/10 ; [] ; n$

 []


Overfull \hbox (4.29166pt too wide) in paragraph at lines 69--70
\OML/cmm/m/it/10 b$
 []


Overfull \hbox (6.00235pt too wide) in paragraph at lines 69--70
\OML/cmm/m/it/10 n$
 []


Overfull \hbox (7.62094pt too wide) in paragraph at lines 69--70
\OML/cmm/m/it/10 b[]$
 []


Overfull \hbox (14.00064pt too wide) in paragraph at lines 69--70
\OML/cmm/m/it/10 i \OT1/cmr/m/n/10 =
 []


Overfull \hbox (42.66885pt too wide) in paragraph at lines 69--70
\OT1/cmr/m/n/10 1\OML/cmm/m/it/10 ; \OT1/cmr/m/n/10 2\OML/cmm/m/it/10 ; [] ; n$

 []


Overfull \hbox (6.00235pt too wide) in paragraph at lines 69--70
\OML/cmm/m/it/10 n$
 []


Overfull \hbox (20.37843pt too wide) in paragraph at lines 69--70
\OML/cmm/m/it/10 ^^N$$\OT1/cmr/m/n/10 0 \OML/cmm/m/it/10 <
 []


Overfull \hbox (15.37842pt too wide) in paragraph at lines 69--70
\OML/cmm/m/it/10 ^^N <
 []


Overfull \hbox (10.00003pt too wide) in paragraph at lines 69--70
\OT1/cmr/m/n/10 12$
 []


Overfull \hbox (16.66672pt too wide) in paragraph at lines 69--70
\OT1/cmr/m/n/10 (1 \OMS/cmsy/m/n/10 ^^@
 []


Overfull \hbox (14.71416pt too wide) in paragraph at lines 69--70
\OML/cmm/m/it/10 ^^N\OT1/cmr/m/n/10 )\OML/cmm/m/it/10 n$
 []


Overfull \hbox (10.82526pt too wide) in paragraph at lines 69--70
\OML/cmm/m/it/10 ^^Nn$
 []


Overfull \hbox (4.8229pt too wide) in paragraph at lines 69--70
\OML/cmm/m/it/10 ^^N$
 []


! LaTeX Error: Environment figure undefined.

See the LaTeX manual or LaTeX Companion for explanation.
Type  H <return>  for immediate help.
 ...                                              
                                                  
l.71 \begin{figure}
                   [h!]
Your command was ignored.
Type  I <command> <return>  to replace it with another command,
or  <return>  to continue without it.


! LaTeX Error: Missing \begin{document}.

See the LaTeX manual or LaTeX Companion for explanation.
Type  H <return>  for immediate help.
 ...                                              
                                                  
l.71 \begin{figure}[
                    h!]
You're in trouble here.  Try typing  <return>  to proceed.
If that doesn't work, type  X <return>  to quit.

Missing character: There is no [ ("5B) in font nullfont!
Missing character: There is no h ("68) in font nullfont!
Missing character: There is no ! ("21) in font nullfont!
Missing character: There is no ] ("5D) in font nullfont!
! Undefined control sequence.
l.73 \includegraphics
                     [width=0.7\textwidth]{图18.7.png}
The control sequence at the end of the top line
of your error message was never \def'ed. If you have
misspelled it (e.g., `\hobx'), type `I' and the correct
spelling (e.g., `I\hbox'). Otherwise just continue,
and I'll forget about whatever was undefined.

Missing character: There is no [ ("5B) in font nullfont!
Missing character: There is no w ("77) in font nullfont!
Missing character: There is no i ("69) in font nullfont!
Missing character: There is no d ("64) in font nullfont!
Missing character: There is no t ("74) in font nullfont!
Missing character: There is no h ("68) in font nullfont!
Missing character: There is no = ("3D) in font nullfont!
Missing character: There is no 0 ("30) in font nullfont!
Missing character: There is no . ("2E) in font nullfont!
Missing character: There is no 7 ("37) in font nullfont!
! Missing number, treated as zero.
<to be read again> 
                   ]
l.73 \includegraphics[width=0.7\textwidth]
                                          {图18.7.png}
A number should have been here; I inserted `0'.
(If you can't figure out why I needed to see a number,
look up `weird error' in the index to The TeXbook.)

! Illegal unit of measure (pt inserted).
<to be read again> 
                   ]
l.73 \includegraphics[width=0.7\textwidth]
                                          {图18.7.png}
Dimensions can be in units of em, ex, in, pt, pc,
cm, mm, dd, cc, bp, or sp; but yours is a new one!
I'll assume that you meant to say pt, for printer's points.
To recover gracefully from this error, it's best to
delete the erroneous units; e.g., type `2' to delete
two letters. (See Chapter 27 of The TeXbook.)

Missing character: There is no ] ("5D) in font nullfont!
Missing character: There is no 图 ("56FE) in font nullfont!
Missing character: There is no 1 ("31) in font nullfont!
Missing character: There is no 8 ("38) in font nullfont!
Missing character: There is no . ("2E) in font nullfont!
Missing character: There is no 7 ("37) in font nullfont!
Missing character: There is no . ("2E) in font nullfont!
Missing character: There is no p ("70) in font nullfont!
Missing character: There is no n ("6E) in font nullfont!
Missing character: There is no g ("67) in font nullfont!

! LaTeX Error: \caption outside float.

See the LaTeX manual or LaTeX Companion for explanation.
Type  H <return>  for immediate help.
 ...                                              
                                                  
l.74 \caption
             {}
You're in trouble here.  Try typing  <return>  to proceed.
If that doesn't work, type  X <return>  to quit.


! LaTeX Error: \begin{document} ended by \end{figure}.

See the LaTeX manual or LaTeX Companion for explanation.
Type  H <return>  for immediate help.
 ...                                              
                                                  
l.76 \end{figure}
                 
Your command was ignored.
Type  I <command> <return>  to replace it with another command,
or  <return>  to continue without it.


Overfull \hbox (20.0pt too wide) in paragraph at lines 71--77
[]
 []


! LaTeX Error: Missing \begin{document}.

See the LaTeX manual or LaTeX Companion for explanation.
Type  H <return>  for immediate help.
 ...                                              
                                                  
l.78 作
      为问题的初步处理，我们从输入线束 $a$ 中取出一根线 $a_i$，从输入线束 $b$ 中取出一根线 $b_i$，把这两根线当作一个谢弗元件...

You're in trouble here.  Try typing  <return>  to proceed.
If that doesn't work, type  X <return>  to quit.

Missing character: There is no 作 ("4F5C) in font nullfont!
Missing character: There is no 为 ("4E3A) in font nullfont!
Missing character: There is no 问 ("95EE) in font nullfont!
Missing character: There is no 题 ("9898) in font nullfont!
Missing character: There is no 的 ("7684) in font nullfont!
Missing character: There is no 初 ("521D) in font nullfont!
Missing character: There is no 步 ("6B65) in font nullfont!
Missing character: There is no 处 ("5904) in font nullfont!
Missing character: There is no 理 ("7406) in font nullfont!
Missing character: There is no ， ("FF0C) in font nullfont!
Missing character: There is no 我 ("6211) in font nullfont!
Missing character: There is no 们 ("4EEC) in font nullfont!
Missing character: There is no 从 ("4ECE) in font nullfont!
Missing character: There is no 输 ("8F93) in font nullfont!
Missing character: There is no 入 ("5165) in font nullfont!
Missing character: There is no 线 ("7EBF) in font nullfont!
Missing character: There is no 束 ("675F) in font nullfont!
Missing character: There is no 中 ("4E2D) in font nullfont!
Missing character: There is no 取 ("53D6) in font nullfont!
Missing character: There is no 出 ("51FA) in font nullfont!
Missing character: There is no 一 ("4E00) in font nullfont!
Missing character: There is no 根 ("6839) in font nullfont!
Missing character: There is no 线 ("7EBF) in font nullfont!
Missing character: There is no ， ("FF0C) in font nullfont!
Missing character: There is no 从 ("4ECE) in font nullfont!
Missing character: There is no 输 ("8F93) in font nullfont!
Missing character: There is no 入 ("5165) in font nullfont!
Missing character: There is no 线 ("7EBF) in font nullfont!
Missing character: There is no 束 ("675F) in font nullfont!
Missing character: There is no 中 ("4E2D) in font nullfont!
Missing character: There is no 取 ("53D6) in font nullfont!
Missing character: There is no 出 ("51FA) in font nullfont!
Missing character: There is no 一 ("4E00) in font nullfont!
Missing character: There is no 根 ("6839) in font nullfont!
Missing character: There is no 线 ("7EBF) in font nullfont!
Missing character: There is no ， ("FF0C) in font nullfont!
Missing character: There is no 把 ("628A) in font nullfont!
Missing character: There is no 这 ("8FD9) in font nullfont!
Missing character: There is no 两 ("4E24) in font nullfont!
Missing character: There is no 根 ("6839) in font nullfont!
Missing character: There is no 线 ("7EBF) in font nullfont!
Missing character: There is no 当 ("5F53) in font nullfont!
Missing character: There is no 作 ("4F5C) in font nullfont!
Missing character: There is no 一 ("4E00) in font nullfont!
Missing character: There is no 个 ("4E2A) in font nullfont!
Missing character: There is no 谢 ("8C22) in font nullfont!
Missing character: There is no 弗 ("5F17) in font nullfont!
Missing character: There is no 元 ("5143) in font nullfont!
Missing character: There is no 件 ("4EF6) in font nullfont!
Missing character: There is no 的 ("7684) in font nullfont!
Missing character: There is no 输 ("8F93) in font nullfont!
Missing character: There is no 入 ("5165) in font nullfont!
Missing character: There is no 线 ("7EBF) in font nullfont!
Missing character: There is no 。 ("3002) in font nullfont!
Missing character: There is no 系 ("7CFB) in font nullfont!
Missing character: There is no 统 ("7EDF) in font nullfont!
Missing character: There is no 的 ("7684) in font nullfont!
Missing character: There is no 组 ("7EC4) in font nullfont!
Missing character: There is no 成 ("6210) in font nullfont!
Missing character: There is no 情 ("60C5) in font nullfont!
Missing character: There is no 况 ("51B5) in font nullfont!
Missing character: There is no 像 ("50CF) in font nullfont!
Missing character: There is no 图 ("56FE) in font nullfont!
! Undefined control sequence.
<write> ... Reference `fig:18_7' on page \thepage 
                                                  \space undefined\on@line .^^J
l.78 ...，把这两根线当作一个谢弗元件的输入线。系统的组成情况像图\ref{fig:18_7}
                                                  那样。很明显，如果两束输入线中差不多所有的线都是开，...
The control sequence at the end of the top line
of your error message was never \def'ed. If you have
misspelled it (e.g., `\hobx'), type `I' and the correct
spelling (e.g., `I\hbox'). Otherwise just continue,
and I'll forget about whatever was undefined.


LaTeX Warning: Reference `fig:18_7' on page  undefined on input line 78.

Missing character: There is no 那 ("90A3) in font nullfont!
Missing character: There is no 样 ("6837) in font nullfont!
Missing character: There is no 。 ("3002) in font nullfont!
Missing character: There is no 很 ("5F88) in font nullfont!
Missing character: There is no 明 ("660E) in font nullfont!
Missing character: There is no 显 ("663E) in font nullfont!
Missing character: There is no ， ("FF0C) in font nullfont!
Missing character: There is no 如 ("5982) in font nullfont!
Missing character: There is no 果 ("679C) in font nullfont!
Missing character: There is no 两 ("4E24) in font nullfont!
Missing character: There is no 束 ("675F) in font nullfont!
Missing character: There is no 输 ("8F93) in font nullfont!
Missing character: There is no 入 ("5165) in font nullfont!
Missing character: There is no 线 ("7EBF) in font nullfont!
Missing character: There is no 中 ("4E2D) in font nullfont!
Missing character: There is no 差 ("5DEE) in font nullfont!
Missing character: There is no 不 ("4E0D) in font nullfont!
Missing character: There is no 多 ("591A) in font nullfont!
Missing character: There is no 所 ("6240) in font nullfont!
Missing character: There is no 有 ("6709) in font nullfont!
Missing character: There is no 的 ("7684) in font nullfont!
Missing character: There is no 线 ("7EBF) in font nullfont!
Missing character: There is no 都 ("90FD) in font nullfont!
Missing character: There is no 是 ("662F) in font nullfont!
Missing character: There is no 开 ("5F00) in font nullfont!
Missing character: There is no ， ("FF0C) in font nullfont!
Missing character: There is no 那 ("90A3) in font nullfont!
Missing character: There is no 么 ("4E48) in font nullfont!
Missing character: There is no 输 ("8F93) in font nullfont!
Missing character: There is no 出 ("51FA) in font nullfont!
Missing character: There is no 线 ("7EBF) in font nullfont!
Missing character: There is no 束 ("675F) in font nullfont!
Missing character: There is no 中 ("4E2D) in font nullfont!
Missing character: There is no 差 ("5DEE) in font nullfont!
Missing character: There is no 不 ("4E0D) in font nullfont!
Missing character: There is no 多 ("591A) in font nullfont!
Missing character: There is no 所 ("6240) in font nullfont!
Missing character: There is no 有 ("6709) in font nullfont!
Missing character: There is no 的 ("7684) in font nullfont!
Missing character: There is no 线 ("7EBF) in font nullfont!
Missing character: There is no 都 ("90FD) in font nullfont!
Missing character: There is no 是 ("662F) in font nullfont!
Missing character: There is no 关 ("5173) in font nullfont!
Missing character: There is no 。 ("3002) in font nullfont!
Missing character: There is no 如 ("5982) in font nullfont!
Missing character: There is no 果 ("679C) in font nullfont!
Missing character: There is no 两 ("4E24) in font nullfont!
Missing character: There is no 束 ("675F) in font nullfont!
Missing character: There is no 输 ("8F93) in font nullfont!
Missing character: There is no 入 ("5165) in font nullfont!
Missing character: There is no 线 ("7EBF) in font nullfont!
Missing character: There is no 中 ("4E2D) in font nullfont!
Missing character: There is no 差 ("5DEE) in font nullfont!
Missing character: There is no 不 ("4E0D) in font nullfont!
Missing character: There is no 多 ("591A) in font nullfont!
Missing character: There is no 所 ("6240) in font nullfont!
Missing character: There is no 有 ("6709) in font nullfont!
Missing character: There is no 的 ("7684) in font nullfont!
Missing character: There is no 线 ("7EBF) in font nullfont!
Missing character: There is no 都 ("90FD) in font nullfont!
Missing character: There is no 是 ("662F) in font nullfont!
Missing character: There is no 关 ("5173) in font nullfont!
Missing character: There is no ， ("FF0C) in font nullfont!
Missing character: There is no 那 ("90A3) in font nullfont!
Missing character: There is no 么 ("4E48) in font nullfont!
Missing character: There is no 输 ("8F93) in font nullfont!
Missing character: There is no 出 ("51FA) in font nullfont!
Missing character: There is no 线 ("7EBF) in font nullfont!
Missing character: There is no 束 ("675F) in font nullfont!
Missing character: There is no 中 ("4E2D) in font nullfont!
Missing character: There is no 差 ("5DEE) in font nullfont!
Missing character: There is no 不 ("4E0D) in font nullfont!
Missing character: There is no 多 ("591A) in font nullfont!
Missing character: There is no 所 ("6240) in font nullfont!
Missing character: There is no 有 ("6709) in font nullfont!
Missing character: There is no 的 ("7684) in font nullfont!
Missing character: There is no 线 ("7EBF) in font nullfont!
Missing character: There is no 都 ("90FD) in font nullfont!
Missing character: There is no 是 ("662F) in font nullfont!
Missing character: There is no 开 ("5F00) in font nullfont!
Missing character: There is no 。 ("3002) in font nullfont!
Missing character: There is no 这 ("8FD9) in font nullfont!
Missing character: There is no 样 ("6837) in font nullfont!
Missing character: There is no 一 ("4E00) in font nullfont!
Missing character: There is no 个 ("4E2A) in font nullfont!
Missing character: There is no 总 ("603B) in font nullfont!
Missing character: There is no 的 ("7684) in font nullfont!
Missing character: There is no 运 ("8FD0) in font nullfont!
Missing character: There is no 转 ("8F6C) in font nullfont!
Missing character: There is no 状 ("72B6) in font nullfont!
Missing character: There is no 态 ("6001) in font nullfont!
Missing character: There is no 看 ("770B) in font nullfont!
Missing character: There is no 起 ("8D77) in font nullfont!
Missing character: There is no 来 ("6765) in font nullfont!
Missing character: There is no 似 ("4F3C) in font nullfont!
Missing character: There is no 乎 ("4E4E) in font nullfont!
Missing character: There is no 是 ("662F) in font nullfont!
Missing character: There is no 合 ("5408) in font nullfont!
Missing character: There is no 乎 ("4E4E) in font nullfont!
Missing character: There is no 需 ("9700) in font nullfont!
Missing character: There is no 要 ("8981) in font nullfont!
Missing character: There is no 的 ("7684) in font nullfont!
Missing character: There is no ， ("FF0C) in font nullfont!
Missing character: There is no 但 ("4F46) in font nullfont!
Missing character: There is no 是 ("662F) in font nullfont!
Missing character: There is no 更 ("66F4) in font nullfont!
Missing character: There is no 仔 ("4ED4) in font nullfont!
Missing character: There is no 细 ("7EC6) in font nullfont!
Missing character: There is no 地 ("5730) in font nullfont!
Missing character: There is no 考 ("8003) in font nullfont!
Missing character: There is no 虑 ("8651) in font nullfont!
Missing character: There is no 一 ("4E00) in font nullfont!
Missing character: There is no 下 ("4E0B) in font nullfont!
Missing character: There is no 就 ("5C31) in font nullfont!
Missing character: There is no 会 ("4F1A) in font nullfont!
Missing character: There is no 发 ("53D1) in font nullfont!
Missing character: There is no 现 ("73B0) in font nullfont!
Missing character: There is no 实 ("5B9E) in font nullfont!
Missing character: There is no 际 ("9645) in font nullfont!
Missing character: There is no 情 ("60C5) in font nullfont!
Missing character: There is no 况 ("51B5) in font nullfont!
Missing character: There is no 并 ("5E76) in font nullfont!
Missing character: There is no 不 ("4E0D) in font nullfont!
Missing character: There is no 是 ("662F) in font nullfont!
Missing character: There is no 像 ("50CF) in font nullfont!
Missing character: There is no 上 ("4E0A) in font nullfont!
Missing character: There is no 面 ("9762) in font nullfont!
Missing character: There is no 所 ("6240) in font nullfont!
Missing character: There is no 说 ("8BF4) in font nullfont!
Missing character: There is no 那 ("90A3) in font nullfont!
Missing character: There is no 样 ("6837) in font nullfont!
Missing character: There is no 。 ("3002) in font nullfont!
Missing character: There is no 因 ("56E0) in font nullfont!
Missing character: There is no 为 ("4E3A) in font nullfont!
Missing character: There is no ， ("FF0C) in font nullfont!
Missing character: There is no 如 ("5982) in font nullfont!
Missing character: There is no 果 ("679C) in font nullfont!
Missing character: There is no 要 ("8981) in font nullfont!
Missing character: There is no 求 ("6C42) in font nullfont!
Missing character: There is no 谢 ("8C22) in font nullfont!
Missing character: There is no 弗 ("5F17) in font nullfont!
Missing character: There is no 元 ("5143) in font nullfont!
Missing character: There is no 件 ("4EF6) in font nullfont!
Missing character: There is no 的 ("7684) in font nullfont!
Missing character: There is no 输 ("8F93) in font nullfont!
Missing character: There is no 出 ("51FA) in font nullfont!
Missing character: There is no 是 ("662F) in font nullfont!
Missing character: There is no 关 ("5173) in font nullfont!
Missing character: There is no ， ("FF0C) in font nullfont!
Missing character: There is no 那 ("90A3) in font nullfont!
Missing character: There is no 么 ("4E48) in font nullfont!
Missing character: There is no 两 ("4E24) in font nullfont!
Missing character: There is no 根 ("6839) in font nullfont!
Missing character: There is no 输 ("8F93) in font nullfont!
Missing character: There is no 入 ("5165) in font nullfont!
Missing character: There is no 线 ("7EBF) in font nullfont!
Missing character: There is no 都 ("90FD) in font nullfont!
Missing character: There is no 必 ("5FC5) in font nullfont!
Missing character: There is no 须 ("987B) in font nullfont!
Missing character: There is no 是 ("662F) in font nullfont!
Missing character: There is no 开 ("5F00) in font nullfont!
Missing character: There is no 才 ("624D) in font nullfont!
Missing character: There is no 行 ("884C) in font nullfont!
Missing character: There is no 。 ("3002) in font nullfont!
Missing character: There is no 在 ("5728) in font nullfont!
Missing character: There is no 束 ("675F) in font nullfont!
Missing character: There is no 或 ("6216) in font nullfont!
Missing character: There is no 者 ("8005) in font nullfont!
Missing character: There is no 束 ("675F) in font nullfont!
Missing character: There is no 中 ("4E2D) in font nullfont!
Missing character: There is no 发 ("53D1) in font nullfont!
Missing character: There is no 生 ("751F) in font nullfont!
Missing character: There is no 一 ("4E00) in font nullfont!
Missing character: There is no 个 ("4E2A) in font nullfont!
Missing character: There is no 误 ("8BEF) in font nullfont!
Missing character: There is no 差 ("5DEE) in font nullfont!
Missing character: There is no 将 ("5C06) in font nullfont!
Missing character: There is no 使 ("4F7F) in font nullfont!
Missing character: There is no 得 ("5F97) in font nullfont!
Missing character: There is no 输 ("8F93) in font nullfont!
Missing character: There is no 出 ("51FA) in font nullfont!
Missing character: There is no 线 ("7EBF) in font nullfont!
Missing character: There is no 束 ("675F) in font nullfont!
Missing character: There is no 中 ("4E2D) in font nullfont!
Missing character: There is no 也 ("4E5F) in font nullfont!
Missing character: There is no 产 ("4EA7) in font nullfont!
Missing character: There is no 生 ("751F) in font nullfont!
Missing character: There is no 一 ("4E00) in font nullfont!
Missing character: There is no 个 ("4E2A) in font nullfont!
Missing character: There is no 误 ("8BEF) in font nullfont!
Missing character: There is no 差 ("5DEE) in font nullfont!
Missing character: There is no 。 ("3002) in font nullfont!
Missing character: There is no 所 ("6240) in font nullfont!
Missing character: There is no 以 ("4EE5) in font nullfont!
Missing character: There is no ， ("FF0C) in font nullfont!
Missing character: There is no 对 ("5BF9) in font nullfont!
Missing character: There is no 于 ("4E8E) in font nullfont!
Missing character: There is no 输 ("8F93) in font nullfont!
Missing character: There is no 出 ("51FA) in font nullfont!
Missing character: There is no 是 ("662F) in font nullfont!
Missing character: There is no 关 ("5173) in font nullfont!
Missing character: There is no 的 ("7684) in font nullfont!
Missing character: There is no 情 ("60C5) in font nullfont!
Missing character: There is no 形 ("5F62) in font nullfont!
Missing character: There is no 来 ("6765) in font nullfont!
Missing character: There is no 说 ("8BF4) in font nullfont!
Missing character: There is no 在 ("5728) in font nullfont!
Missing character: There is no 输 ("8F93) in font nullfont!
Missing character: There is no 出 ("51FA) in font nullfont!
Missing character: There is no 线 ("7EBF) in font nullfont!
Missing character: There is no 束 ("675F) in font nullfont!
Missing character: There is no 中 ("4E2D) in font nullfont!
Missing character: There is no 产 ("4EA7) in font nullfont!
Missing character: There is no 生 ("751F) in font nullfont!
Missing character: There is no 的 ("7684) in font nullfont!
Missing character: There is no 误 ("8BEF) in font nullfont!
Missing character: There is no 差 ("5DEE) in font nullfont!
Missing character: There is no 相 ("76F8) in font nullfont!
Missing character: There is no 当 ("5F53) in font nullfont!
Missing character: There is no 于 ("4E8E) in font nullfont!
Missing character: There is no 输 ("8F93) in font nullfont!
Missing character: There is no 入 ("5165) in font nullfont!
Missing character: There is no 线 ("7EBF) in font nullfont!
Missing character: There is no 束 ("675F) in font nullfont!
Missing character: There is no 中 ("4E2D) in font nullfont!
Missing character: There is no 所 ("6240) in font nullfont!
Missing character: There is no 产 ("4EA7) in font nullfont!
Missing character: There is no 生 ("751F) in font nullfont!
Missing character: There is no 的 ("7684) in font nullfont!
Missing character: There is no 那 ("90A3) in font nullfont!
Missing character: There is no 些 ("4E9B) in font nullfont!
Missing character: There is no 误 ("8BEF) in font nullfont!
Missing character: There is no 差 ("5DEE) in font nullfont!
Missing character: There is no 的 ("7684) in font nullfont!
Missing character: There is no 总 ("603B) in font nullfont!
Missing character: There is no 和 ("548C) in font nullfont!
Missing character: There is no 。 ("3002) in font nullfont!
Missing character: There is no 同 ("540C) in font nullfont!
Missing character: There is no 样 ("6837) in font nullfont!
Missing character: There is no ， ("FF0C) in font nullfont!
Missing character: There is no 在 ("5728) in font nullfont!
Missing character: There is no 只 ("53EA) in font nullfont!
Missing character: There is no 有 ("6709) in font nullfont!
Missing character: There is no 一 ("4E00) in font nullfont!
Missing character: There is no 根 ("6839) in font nullfont!
Missing character: There is no 输 ("8F93) in font nullfont!
Missing character: There is no 入 ("5165) in font nullfont!
Missing character: There is no 是 ("662F) in font nullfont!
Missing character: There is no 关 ("5173) in font nullfont!
Missing character: There is no 而 ("800C) in font nullfont!
Missing character: There is no 输 ("8F93) in font nullfont!
Missing character: There is no 出 ("51FA) in font nullfont!
Missing character: There is no 是 ("662F) in font nullfont!
Missing character: There is no 开 ("5F00) in font nullfont!
Missing character: There is no 的 ("7684) in font nullfont!
Missing character: There is no 情 ("60C5) in font nullfont!
Missing character: There is no 况 ("51B5) in font nullfont!
Missing character: There is no 下 ("4E0B) in font nullfont!
Missing character: There is no ， ("FF0C) in font nullfont!
Missing character: There is no 输 ("8F93) in font nullfont!
Missing character: There is no 出 ("51FA) in font nullfont!
Missing character: There is no 线 ("7EBF) in font nullfont!
Missing character: There is no 束 ("675F) in font nullfont!
Missing character: There is no 中 ("4E2D) in font nullfont!
Missing character: There is no 所 ("6240) in font nullfont!
Missing character: There is no 产 ("4EA7) in font nullfont!
Missing character: There is no 生 ("751F) in font nullfont!
Missing character: There is no 的 ("7684) in font nullfont!
Missing character: There is no 误 ("8BEF) in font nullfont!
Missing character: There is no 差 ("5DEE) in font nullfont!
Missing character: There is no 和 ("548C) in font nullfont!
Missing character: There is no 输 ("8F93) in font nullfont!
Missing character: There is no 入 ("5165) in font nullfont!
Missing character: There is no 线 ("7EBF) in font nullfont!
Missing character: There is no 束 ("675F) in font nullfont!
Missing character: There is no 中 ("4E2D) in font nullfont!
Missing character: There is no 产 ("4EA7) in font nullfont!
Missing character: There is no 生 ("751F) in font nullfont!
Missing character: There is no 的 ("7684) in font nullfont!
Missing character: There is no 误 ("8BEF) in font nullfont!
Missing character: There is no 差 ("5DEE) in font nullfont!
Missing character: There is no 相 ("76F8) in font nullfont!
Missing character: There is no 等 ("7B49) in font nullfont!
Missing character: There is no 。 ("3002) in font nullfont!
Missing character: There is no 在 ("5728) in font nullfont!
Missing character: There is no 两 ("4E24) in font nullfont!
Missing character: There is no 根 ("6839) in font nullfont!
Missing character: There is no 输 ("8F93) in font nullfont!
Missing character: There is no 入 ("5165) in font nullfont!
Missing character: There is no 线 ("7EBF) in font nullfont!
Missing character: There is no 都 ("90FD) in font nullfont!
Missing character: There is no 是 ("662F) in font nullfont!
Missing character: There is no 关 ("5173) in font nullfont!
Missing character: There is no 而 ("800C) in font nullfont!
Missing character: There is no 输 ("8F93) in font nullfont!
Missing character: There is no 出 ("51FA) in font nullfont!
Missing character: There is no 是 ("662F) in font nullfont!
Missing character: There is no 开 ("5F00) in font nullfont!
Missing character: There is no 的 ("7684) in font nullfont!
Missing character: There is no 情 ("60C5) in font nullfont!
Missing character: There is no 况 ("51B5) in font nullfont!
Missing character: There is no 下 ("4E0B) in font nullfont!
Missing character: There is no ， ("FF0C) in font nullfont!
Missing character: There is no 只 ("53EA) in font nullfont!
Missing character: There is no 有 ("6709) in font nullfont!
Missing character: There is no 两 ("4E24) in font nullfont!
Missing character: There is no 束 ("675F) in font nullfont!
Missing character: There is no 输 ("8F93) in font nullfont!
Missing character: There is no 入 ("5165) in font nullfont!
Missing character: There is no 线 ("7EBF) in font nullfont!
Missing character: There is no 束 ("675F) in font nullfont!
Missing character: There is no 同 ("540C) in font nullfont!
Missing character: There is no 时 ("65F6) in font nullfont!
Missing character: There is no 产 ("4EA7) in font nullfont!
Missing character: There is no 生 ("751F) in font nullfont!
Missing character: There is no 误 ("8BEF) in font nullfont!
Missing character: There is no 差 ("5DEE) in font nullfont!
Missing character: There is no 那 ("90A3) in font nullfont!
Missing character: There is no 么 ("4E48) in font nullfont!
Missing character: There is no 输 ("8F93) in font nullfont!
Missing character: There is no 出 ("51FA) in font nullfont!
Missing character: There is no 才 ("624D) in font nullfont!
Missing character: There is no 产 ("4EA7) in font nullfont!
Missing character: There is no 生 ("751F) in font nullfont!
Missing character: There is no 误 ("8BEF) in font nullfont!
Missing character: There is no 差 ("5DEE) in font nullfont!
Missing character: There is no ； ("FF1B) in font nullfont!
Missing character: There is no 所 ("6240) in font nullfont!
Missing character: There is no 以 ("4EE5) in font nullfont!
Missing character: There is no ， ("FF0C) in font nullfont!
Missing character: There is no 输 ("8F93) in font nullfont!
Missing character: There is no 出 ("51FA) in font nullfont!
Missing character: There is no 线 ("7EBF) in font nullfont!
Missing character: There is no 束 ("675F) in font nullfont!
Missing character: There is no 发 ("53D1) in font nullfont!
Missing character: There is no 生 ("751F) in font nullfont!
Missing character: There is no 误 ("8BEF) in font nullfont!
Missing character: There is no 差 ("5DEE) in font nullfont!
Missing character: There is no 的 ("7684) in font nullfont!
Missing character: There is no 情 ("60C5) in font nullfont!
Missing character: There is no 形 ("5F62) in font nullfont!
Missing character: There is no 比 ("6BD4) in font nullfont!
Missing character: There is no 较 ("8F83) in font nullfont!
Missing character: There is no 输 ("8F93) in font nullfont!
Missing character: There is no 入 ("5165) in font nullfont!
Missing character: There is no 线 ("7EBF) in font nullfont!
Missing character: There is no 束 ("675F) in font nullfont!
Missing character: There is no 发 ("53D1) in font nullfont!
Missing character: There is no 生 ("751F) in font nullfont!
Missing character: There is no 误 ("8BEF) in font nullfont!
Missing character: There is no 差 ("5DEE) in font nullfont!
Missing character: There is no 的 ("7684) in font nullfont!
Missing character: There is no 情 ("60C5) in font nullfont!
Missing character: There is no 况 ("51B5) in font nullfont!
Missing character: There is no 要 ("8981) in font nullfont!
Missing character: There is no 少 ("5C11) in font nullfont!
Missing character: There is no 。 ("3002) in font nullfont!
Missing character: There is no 因 ("56E0) in font nullfont!
Missing character: There is no 此 ("6B64) in font nullfont!
Missing character: There is no ， ("FF0C) in font nullfont!
Missing character: There is no 输 ("8F93) in font nullfont!
Missing character: There is no 出 ("51FA) in font nullfont!
Missing character: There is no 的 ("7684) in font nullfont!
Missing character: There is no 误 ("8BEF) in font nullfont!
Missing character: There is no 差 ("5DEE) in font nullfont!
Missing character: There is no 和 ("548C) in font nullfont!
Missing character: There is no 输 ("8F93) in font nullfont!
Missing character: There is no 入 ("5165) in font nullfont!
Missing character: There is no 的 ("7684) in font nullfont!
Missing character: There is no 误 ("8BEF) in font nullfont!
Missing character: There is no 差 ("5DEE) in font nullfont!
Missing character: There is no 并 ("5E76) in font nullfont!
Missing character: There is no 不 ("4E0D) in font nullfont!
Missing character: There is no 是 ("662F) in font nullfont!
Missing character: There is no 一 ("4E00) in font nullfont!
Missing character: There is no 致 ("81F4) in font nullfont!
Missing character: There is no ， ("FF0C) in font nullfont!
Missing character: There is no 有 ("6709) in font nullfont!
Missing character: There is no 时 ("65F6) in font nullfont!
Missing character: There is no 误 ("8BEF) in font nullfont!
Missing character: There is no 差 ("5DEE) in font nullfont!
Missing character: There is no 增 ("589E) in font nullfont!
Missing character: There is no 加 ("52A0) in font nullfont!
Missing character: There is no ， ("FF0C) in font nullfont!
Missing character: There is no 也 ("4E5F) in font nullfont!
Missing character: There is no 有 ("6709) in font nullfont!
Missing character: There is no 时 ("65F6) in font nullfont!
Missing character: There is no 误 ("8BEF) in font nullfont!
Missing character: There is no 差 ("5DEE) in font nullfont!
Missing character: There is no 减 ("51CF) in font nullfont!
Missing character: There is no 少 ("5C11) in font nullfont!
Missing character: There is no 。 ("3002) in font nullfont!
Missing character: There is no 于 ("4E8E) in font nullfont!
Missing character: There is no 是 ("662F) in font nullfont!
Missing character: There is no ， ("FF0C) in font nullfont!
Missing character: There is no 就 ("5C31) in font nullfont!
Missing character: There is no 发 ("53D1) in font nullfont!
Missing character: There is no 生 ("751F) in font nullfont!
Missing character: There is no 了 ("4E86) in font nullfont!
Missing character: There is no 误 ("8BEF) in font nullfont!
Missing character: There is no 差 ("5DEE) in font nullfont!
Missing character: There is no 的 ("7684) in font nullfont!
Missing character: There is no 分 ("5206) in font nullfont!
Missing character: There is no 散 ("6563) in font nullfont!
Missing character: There is no 情 ("60C5) in font nullfont!
Missing character: There is no 况 ("51B5) in font nullfont!
Missing character: There is no 。 ("3002) in font nullfont!
Missing character: There is no 这 ("8FD9) in font nullfont!
Missing character: There is no 是 ("662F) in font nullfont!
Missing character: There is no 我 ("6211) in font nullfont!
Missing character: There is no 们 ("4EEC) in font nullfont!
Missing character: There is no 所 ("6240) in font nullfont!
Missing character: There is no 不 ("4E0D) in font nullfont!
Missing character: There is no 希 ("5E0C) in font nullfont!
Missing character: There is no 望 ("671B) in font nullfont!
Missing character: There is no 发 ("53D1) in font nullfont!
Missing character: There is no 生 ("751F) in font nullfont!
Missing character: There is no 的 ("7684) in font nullfont!
Missing character: There is no 情 ("60C5) in font nullfont!
Missing character: There is no 况 ("51B5) in font nullfont!
Missing character: There is no ， ("FF0C) in font nullfont!
Missing character: There is no 因 ("56E0) in font nullfont!
Missing character: There is no 为 ("4E3A) in font nullfont!
Missing character: There is no 误 ("8BEF) in font nullfont!
Missing character: There is no 差 ("5DEE) in font nullfont!
Missing character: There is no 的 ("7684) in font nullfont!
Missing character: There is no 分 ("5206) in font nullfont!
Missing character: There is no 散 ("6563) in font nullfont!
Missing character: There is no 现 ("73B0) in font nullfont!
Missing character: There is no 象 ("8C61) in font nullfont!
Missing character: There is no 会 ("4F1A) in font nullfont!
Missing character: There is no 使 ("4F7F) in font nullfont!
Missing character: There is no 得 ("5F97) in font nullfont!
Missing character: There is no 输 ("8F93) in font nullfont!
Missing character: There is no 出 ("51FA) in font nullfont!
Missing character: There is no 线 ("7EBF) in font nullfont!
Missing character: There is no 束 ("675F) in font nullfont!
Missing character: There is no 中 ("4E2D) in font nullfont!
Missing character: There is no 激 ("6FC0) in font nullfont!
Missing character: There is no 发 ("53D1) in font nullfont!
Missing character: There is no 线 ("7EBF) in font nullfont!
Missing character: There is no 的 ("7684) in font nullfont!
Missing character: There is no 数 ("6570) in font nullfont!
Missing character: There is no 目 ("76EE) in font nullfont!
Missing character: There is no 在 ("5728) in font nullfont!
Missing character: There is no 根 ("6839) in font nullfont!
Missing character: There is no 线 ("7EBF) in font nullfont!
Missing character: There is no 和 ("548C) in font nullfont!
Missing character: There is no 根 ("6839) in font nullfont!
Missing character: There is no 线 ("7EBF) in font nullfont!
Missing character: There is no 这 ("8FD9) in font nullfont!
Missing character: There is no 个 ("4E2A) in font nullfont!
Missing character: There is no 区 ("533A) in font nullfont!
Missing character: There is no 域 ("57DF) in font nullfont!
Missing character: There is no 中 ("4E2D) in font nullfont!
Missing character: There is no 间 ("95F4) in font nullfont!
Missing character: There is no ， ("FF0C) in font nullfont!
Missing character: There is no 这 ("8FD9) in font nullfont!
Missing character: There is no 样 ("6837) in font nullfont!
Missing character: There is no 一 ("4E00) in font nullfont!
Missing character: There is no 来 ("6765) in font nullfont!
Missing character: There is no 就 ("5C31) in font nullfont!
Missing character: There is no 增 ("589E) in font nullfont!
Missing character: There is no 加 ("52A0) in font nullfont!
Missing character: There is no 了 ("4E86) in font nullfont!
Missing character: There is no 系 ("7CFB) in font nullfont!
Missing character: There is no 统 ("7EDF) in font nullfont!
Missing character: There is no 运 ("8FD0) in font nullfont!
Missing character: There is no 转 ("8F6C) in font nullfont!
Missing character: There is no 失 ("5931) in font nullfont!
Missing character: There is no 灵 ("7075) in font nullfont!
Missing character: There is no 的 ("7684) in font nullfont!
Missing character: There is no 机 ("673A) in font nullfont!
Missing character: There is no 会 ("4F1A) in font nullfont!
Missing character: There is no 。 ("3002) in font nullfont!

Overfull \hbox (20.0pt too wide) in paragraph at lines 78--79
[]
 []


Overfull \hbox (5.28589pt too wide) in paragraph at lines 78--79
\OML/cmm/m/it/10 a$
 []


Overfull \hbox (8.61517pt too wide) in paragraph at lines 78--79
\OML/cmm/m/it/10 a[]$
 []


Overfull \hbox (4.29166pt too wide) in paragraph at lines 78--79
\OML/cmm/m/it/10 b$
 []


Overfull \hbox (18.48094pt too wide) in paragraph at lines 78--79
\OML/cmm/m/it/10 b[]$[]
 []


Overfull \hbox (5.28589pt too wide) in paragraph at lines 78--79
\OML/cmm/m/it/10 a$
 []


Overfull \hbox (4.29166pt too wide) in paragraph at lines 78--79
\OML/cmm/m/it/10 b$
 []


Overfull \hbox (10.82526pt too wide) in paragraph at lines 78--79
\OML/cmm/m/it/10 ^^Nn$
 []


Overfull \hbox (16.66672pt too wide) in paragraph at lines 78--79
\OT1/cmr/m/n/10 (1 \OMS/cmsy/m/n/10 ^^@
 []


Overfull \hbox (14.71416pt too wide) in paragraph at lines 78--79
\OML/cmm/m/it/10 ^^N\OT1/cmr/m/n/10 )\OML/cmm/m/it/10 n$
 []


! LaTeX Error: Missing \begin{document}.

See the LaTeX manual or LaTeX Companion for explanation.
Type  H <return>  for immediate help.
 ...                                              
                                                  
l.80 为
      了抵制误差的分散现象，我们按照以下的方式引入系统的一个\underline{复原机构}，我们从图\ref{fig:18_7}所表示的\und...

You're in trouble here.  Try typing  <return>  to proceed.
If that doesn't work, type  X <return>  to quit.

Missing character: There is no 为 ("4E3A) in font nullfont!
Missing character: There is no 了 ("4E86) in font nullfont!
Missing character: There is no 抵 ("62B5) in font nullfont!
Missing character: There is no 制 ("5236) in font nullfont!
Missing character: There is no 误 ("8BEF) in font nullfont!
Missing character: There is no 差 ("5DEE) in font nullfont!
Missing character: There is no 的 ("7684) in font nullfont!
Missing character: There is no 分 ("5206) in font nullfont!
Missing character: There is no 散 ("6563) in font nullfont!
Missing character: There is no 现 ("73B0) in font nullfont!
Missing character: There is no 象 ("8C61) in font nullfont!
Missing character: There is no ， ("FF0C) in font nullfont!
Missing character: There is no 我 ("6211) in font nullfont!
Missing character: There is no 们 ("4EEC) in font nullfont!
Missing character: There is no 按 ("6309) in font nullfont!
Missing character: There is no 照 ("7167) in font nullfont!
Missing character: There is no 以 ("4EE5) in font nullfont!
Missing character: There is no 下 ("4E0B) in font nullfont!
Missing character: There is no 的 ("7684) in font nullfont!
Missing character: There is no 方 ("65B9) in font nullfont!
Missing character: There is no 式 ("5F0F) in font nullfont!
Missing character: There is no 引 ("5F15) in font nullfont!
Missing character: There is no 入 ("5165) in font nullfont!
Missing character: There is no 系 ("7CFB) in font nullfont!
Missing character: There is no 统 ("7EDF) in font nullfont!
Missing character: There is no 的 ("7684) in font nullfont!
Missing character: There is no 一 ("4E00) in font nullfont!
Missing character: There is no 个 ("4E2A) in font nullfont!
Missing character: There is no 复 ("590D) in font nullfont!
Missing character: There is no 原 ("539F) in font nullfont!
Missing character: There is no 机 ("673A) in font nullfont!
Missing character: There is no 构 ("6784) in font nullfont!
Missing character: There is no ， ("FF0C) in font nullfont!
Missing character: There is no 我 ("6211) in font nullfont!
Missing character: There is no 们 ("4EEC) in font nullfont!
Missing character: There is no 从 ("4ECE) in font nullfont!
Missing character: There is no 图 ("56FE) in font nullfont!
! Undefined control sequence.
<write> ... Reference `fig:18_7' on page \thepage 
                                                  \space undefined\on@line .^^J
l.80 ...引入系统的一个\underline{复原机构}，我们从图\ref{fig:18_7}
                                                  所表示的\underline{执行机构}中（“执行”...
The control sequence at the end of the top line
of your error message was never \def'ed. If you have
misspelled it (e.g., `\hobx'), type `I' and the correct
spelling (e.g., `I\hbox'). Otherwise just continue,
and I'll forget about whatever was undefined.


LaTeX Warning: Reference `fig:18_7' on page  undefined on input line 80.

Missing character: There is no 所 ("6240) in font nullfont!
Missing character: There is no 表 ("8868) in font nullfont!
Missing character: There is no 示 ("793A) in font nullfont!
Missing character: There is no 的 ("7684) in font nullfont!
Missing character: There is no 执 ("6267) in font nullfont!
Missing character: There is no 行 ("884C) in font nullfont!
Missing character: There is no 机 ("673A) in font nullfont!
Missing character: There is no 构 ("6784) in font nullfont!
Missing character: There is no 中 ("4E2D) in font nullfont!
Missing character: There is no （ ("FF08) in font nullfont!
Missing character: There is no “ ("201C) in font nullfont!
Missing character: There is no 执 ("6267) in font nullfont!
Missing character: There is no 行 ("884C) in font nullfont!
Missing character: There is no ” ("201D) in font nullfont!
Missing character: There is no 的 ("7684) in font nullfont!
Missing character: There is no 意 ("610F) in font nullfont!
Missing character: There is no 思 ("601D) in font nullfont!
Missing character: There is no 就 ("5C31) in font nullfont!
Missing character: There is no 是 ("662F) in font nullfont!
Missing character: There is no 整 ("6574) in font nullfont!
Missing character: There is no 个 ("4E2A) in font nullfont!
Missing character: There is no 系 ("7CFB) in font nullfont!
Missing character: There is no 统 ("7EDF) in font nullfont!
Missing character: There is no 的 ("7684) in font nullfont!
Missing character: There is no 这 ("8FD9) in font nullfont!
Missing character: There is no 种 ("79CD) in font nullfont!
Missing character: There is no 用 ("7528) in font nullfont!
Missing character: There is no 谢 ("8C22) in font nullfont!
Missing character: There is no 弗 ("5F17) in font nullfont!
Missing character: There is no 元 ("5143) in font nullfont!
Missing character: There is no 件 ("4EF6) in font nullfont!
Missing character: There is no 表 ("8868) in font nullfont!
Missing character: There is no 示 ("793A) in font nullfont!
Missing character: There is no 的 ("7684) in font nullfont!
Missing character: There is no 运 ("8FD0) in font nullfont!
Missing character: There is no 算 ("7B97) in font nullfont!
Missing character: There is no 方 ("65B9) in font nullfont!
Missing character: There is no 式 ("5F0F) in font nullfont!
Missing character: There is no ） ("FF09) in font nullfont!
Missing character: There is no 取 ("53D6) in font nullfont!
Missing character: There is no 出 ("51FA) in font nullfont!
Missing character: There is no 每 ("6BCF) in font nullfont!
Missing character: There is no 一 ("4E00) in font nullfont!
Missing character: There is no 根 ("6839) in font nullfont!
Missing character: There is no 输 ("8F93) in font nullfont!
Missing character: There is no 出 ("51FA) in font nullfont!
Missing character: There is no 线 ("7EBF) in font nullfont!
Missing character: There is no ， ("FF0C) in font nullfont!
Missing character: There is no 然 ("7136) in font nullfont!
Missing character: There is no 后 ("540E) in font nullfont!
Missing character: There is no 把 ("628A) in font nullfont!
Missing character: There is no 它 ("5B83) in font nullfont!
Missing character: There is no 分 ("5206) in font nullfont!
Missing character: There is no 成 ("6210) in font nullfont!
Missing character: There is no 两 ("4E24) in font nullfont!
Missing character: There is no 根 ("6839) in font nullfont!
Missing character: There is no 线 ("7EBF) in font nullfont!
Missing character: There is no ， ("FF0C) in font nullfont!
Missing character: There is no 于 ("4E8E) in font nullfont!
Missing character: There is no 是 ("662F) in font nullfont!
Missing character: There is no 我 ("6211) in font nullfont!
Missing character: There is no 们 ("4EEC) in font nullfont!
Missing character: There is no 得 ("5F97) in font nullfont!
Missing character: There is no 到 ("5230) in font nullfont!
Missing character: There is no 了 ("4E86) in font nullfont!
Missing character: There is no 根 ("6839) in font nullfont!
Missing character: There is no 线 ("7EBF) in font nullfont!
Missing character: There is no ， ("FF0C) in font nullfont!
Missing character: There is no 然 ("7136) in font nullfont!
Missing character: There is no 后 ("540E) in font nullfont!
Missing character: There is no 再 ("518D) in font nullfont!
Missing character: There is no 把 ("628A) in font nullfont!
Missing character: There is no 这 ("8FD9) in font nullfont!
Missing character: There is no 根 ("6839) in font nullfont!
Missing character: There is no 线 ("7EBF) in font nullfont!
Missing character: There is no 排 ("6392) in font nullfont!
Missing character: There is no 列 ("5217) in font nullfont!
Missing character: There is no 起 ("8D77) in font nullfont!
Missing character: There is no 来 ("6765) in font nullfont!
Missing character: There is no ， ("FF0C) in font nullfont!
Missing character: There is no 排 ("6392) in font nullfont!
Missing character: There is no 列 ("5217) in font nullfont!
Missing character: There is no 的 ("7684) in font nullfont!
Missing character: There is no 次 ("6B21) in font nullfont!
Missing character: There is no 序 ("5E8F) in font nullfont!
Missing character: There is no 是 ("662F) in font nullfont!
Missing character: There is no 随 ("968F) in font nullfont!
Missing character: There is no 机 ("673A) in font nullfont!
Missing character: There is no 的 ("7684) in font nullfont!
Missing character: There is no 。 ("3002) in font nullfont!
Missing character: There is no 相 ("76F8) in font nullfont!
Missing character: There is no 继 ("7EE7) in font nullfont!
Missing character: There is no 取 ("53D6) in font nullfont!
Missing character: There is no 出 ("51FA) in font nullfont!
Missing character: There is no 一 ("4E00) in font nullfont!
Missing character: There is no 对 ("5BF9) in font nullfont!
Missing character: There is no 对 ("5BF9) in font nullfont!
Missing character: There is no 的 ("7684) in font nullfont!
Missing character: There is no 线 ("7EBF) in font nullfont!
Missing character: There is no 来 ("6765) in font nullfont!
Missing character: There is no ， ("FF0C) in font nullfont!
Missing character: There is no 把 ("628A) in font nullfont!
Missing character: There is no 这 ("8FD9) in font nullfont!
Missing character: There is no 样 ("6837) in font nullfont!
Missing character: There is no 的 ("7684) in font nullfont!
Missing character: There is no 每 ("6BCF) in font nullfont!
Missing character: There is no 一 ("4E00) in font nullfont!
Missing character: There is no 对 ("5BF9) in font nullfont!
Missing character: There is no 线 ("7EBF) in font nullfont!
Missing character: There is no 作 ("4F5C) in font nullfont!
Missing character: There is no 为 ("4E3A) in font nullfont!
Missing character: There is no 一 ("4E00) in font nullfont!
Missing character: There is no 个 ("4E2A) in font nullfont!
Missing character: There is no 谢 ("8C22) in font nullfont!
Missing character: There is no 弗 ("5F17) in font nullfont!
Missing character: There is no 元 ("5143) in font nullfont!
Missing character: There is no 件 ("4EF6) in font nullfont!
Missing character: There is no 的 ("7684) in font nullfont!
Missing character: There is no 输 ("8F93) in font nullfont!
Missing character: There is no 入 ("5165) in font nullfont!
Missing character: There is no ， ("FF0C) in font nullfont!
Missing character: There is no 于 ("4E8E) in font nullfont!
Missing character: There is no 是 ("662F) in font nullfont!
Missing character: There is no 我 ("6211) in font nullfont!
Missing character: There is no 们 ("4EEC) in font nullfont!
Missing character: There is no 又 ("53C8) in font nullfont!
Missing character: There is no 得 ("5F97) in font nullfont!
Missing character: There is no 到 ("5230) in font nullfont!
Missing character: There is no 包 ("5305) in font nullfont!
Missing character: There is no 含 ("542B) in font nullfont!
Missing character: There is no 有 ("6709) in font nullfont!
Missing character: There is no 根 ("6839) in font nullfont!
Missing character: There is no 的 ("7684) in font nullfont!
Missing character: There is no 一 ("4E00) in font nullfont!
Missing character: There is no 束 ("675F) in font nullfont!
Missing character: There is no 输 ("8F93) in font nullfont!
Missing character: There is no 出 ("51FA) in font nullfont!
Missing character: There is no 线 ("7EBF) in font nullfont!
Missing character: There is no 。 ("3002) in font nullfont!
Missing character: There is no 这 ("8FD9) in font nullfont!
Missing character: There is no 种 ("79CD) in font nullfont!
Missing character: There is no 做 ("505A) in font nullfont!
Missing character: There is no 法 ("6CD5) in font nullfont!
Missing character: There is no 用 ("7528) in font nullfont!
Missing character: There is no 图 ("56FE) in font nullfont!
Missing character: There is no 表 ("8868) in font nullfont!
Missing character: There is no 示 ("793A) in font nullfont!
Missing character: There is no 成 ("6210) in font nullfont!
Missing character: There is no 图 ("56FE) in font nullfont!
! Undefined control sequence.
<write> ... Reference `fig:18_8' on page \thepage 
                                                  \space undefined\on@line .^^J
l.80 ...得到包含有 $n$ 根的一束输出线。这种做法用图表示成图\ref{fig:18_8}
                                                  的样子。如果原来的线束中有 $\alpha_0n$ ...
The control sequence at the end of the top line
of your error message was never \def'ed. If you have
misspelled it (e.g., `\hobx'), type `I' and the correct
spelling (e.g., `I\hbox'). Otherwise just continue,
and I'll forget about whatever was undefined.


LaTeX Warning: Reference `fig:18_8' on page  undefined on input line 80.

Missing character: There is no 的 ("7684) in font nullfont!
Missing character: There is no 样 ("6837) in font nullfont!
Missing character: There is no 子 ("5B50) in font nullfont!
Missing character: There is no 。 ("3002) in font nullfont!
Missing character: There is no 如 ("5982) in font nullfont!
Missing character: There is no 果 ("679C) in font nullfont!
Missing character: There is no 原 ("539F) in font nullfont!
Missing character: There is no 来 ("6765) in font nullfont!
Missing character: There is no 的 ("7684) in font nullfont!
Missing character: There is no 线 ("7EBF) in font nullfont!
Missing character: There is no 束 ("675F) in font nullfont!
Missing character: There is no 中 ("4E2D) in font nullfont!
Missing character: There is no 有 ("6709) in font nullfont!
Missing character: There is no 根 ("6839) in font nullfont!
Missing character: There is no 激 ("6FC0) in font nullfont!
Missing character: There is no 发 ("53D1) in font nullfont!
Missing character: There is no 线 ("7EBF) in font nullfont!
Missing character: There is no ， ("FF0C) in font nullfont!
Missing character: There is no 那 ("90A3) in font nullfont!
Missing character: There is no 么 ("4E48) in font nullfont!
Missing character: There is no ， ("FF0C) in font nullfont!
Missing character: There is no 在 ("5728) in font nullfont!
Missing character: There is no 统 ("7EDF) in font nullfont!
Missing character: There is no 计 ("8BA1) in font nullfont!
Missing character: There is no 的 ("7684) in font nullfont!
Missing character: There is no 意 ("610F) in font nullfont!
Missing character: There is no 义 ("4E49) in font nullfont!
Missing character: There is no 上 ("4E0A) in font nullfont!
Missing character: There is no 输 ("8F93) in font nullfont!
Missing character: There is no 出 ("51FA) in font nullfont!
Missing character: There is no 中 ("4E2D) in font nullfont!
Missing character: There is no 未 ("672A) in font nullfont!
Missing character: There is no 激 ("6FC0) in font nullfont!
Missing character: There is no 发 ("53D1) in font nullfont!
Missing character: There is no 线 ("7EBF) in font nullfont!
Missing character: There is no 所 ("6240) in font nullfont!
Missing character: There is no 占 ("5360) in font nullfont!
Missing character: There is no 的 ("7684) in font nullfont!
Missing character: There is no 百 ("767E) in font nullfont!
Missing character: There is no 分 ("5206) in font nullfont!
Missing character: There is no 数 ("6570) in font nullfont!
Missing character: There is no 是 ("662F) in font nullfont!
Missing character: There is no 。 ("3002) in font nullfont!
Missing character: There is no 输 ("8F93) in font nullfont!
Missing character: There is no 出 ("51FA) in font nullfont!
Missing character: There is no 中 ("4E2D) in font nullfont!
Missing character: There is no 激 ("6FC0) in font nullfont!
Missing character: There is no 发 ("53D1) in font nullfont!
Missing character: There is no 线 ("7EBF) in font nullfont!
Missing character: There is no 所 ("6240) in font nullfont!
Missing character: There is no 占 ("5360) in font nullfont!
Missing character: There is no 的 ("7684) in font nullfont!
Missing character: There is no 百 ("767E) in font nullfont!
Missing character: There is no 分 ("5206) in font nullfont!
Missing character: There is no 数 ("6570) in font nullfont!
Missing character: There is no 就 ("5C31) in font nullfont!
Missing character: There is no 是 ("662F) in font nullfont!

Overfull \hbox (30.86pt too wide) in paragraph at lines 80--81
[]$[]$[]$[]$
 []


Overfull \hbox (11.00237pt too wide) in paragraph at lines 80--81
\OT1/cmr/m/n/10 2\OML/cmm/m/it/10 n$
 []


Overfull \hbox (11.00237pt too wide) in paragraph at lines 80--81
\OT1/cmr/m/n/10 2\OML/cmm/m/it/10 n$
 []


Overfull \hbox (6.00235pt too wide) in paragraph at lines 80--81
\OML/cmm/m/it/10 n$
 []


Overfull \hbox (10.86pt too wide) in paragraph at lines 80--81
[]
 []


Overfull \hbox (16.8855pt too wide) in paragraph at lines 80--81
\OML/cmm/m/it/10 ^^K[]n$
 []


Overfull \hbox (32.32181pt too wide) in paragraph at lines 80--81
\OML/cmm/m/it/10 ^^K[]^^K[] \OT1/cmr/m/n/10 =
 []


Overfull \hbox (10.92017pt too wide) in paragraph at lines 80--81
\OML/cmm/m/it/10 ^^K[]$ 
 []




! LaTeX Error: The font size command \normalsize is not defined:
               there is probably something wrong with the class file.

See the LaTeX manual or LaTeX Companion for explanation.
Type  H <return>  for immediate help.
 ...                                              
                                                  
l.81 \begin{equation}
                     
Your command was ignored.
Type  I <command> <return>  to replace it with another command,
or  <return>  to continue without it.

[1
! Undefined control sequence.
<write> \newlabel{fig:18_1}{{}{\thepage 
                                        }{}{}{}}
l.81 \begin{equation}
                     
The control sequence at the end of the top line
of your error message was never \def'ed. If you have
misspelled it (e.g., `\hobx'), type `I' and the correct
spelling (e.g., `I\hbox'). Otherwise just continue,
and I'll forget about whatever was undefined.

\newlabel{fig:18_1}{{}{}{}{}{}}
! Undefined control sequence.
<write> \newlabel{fig:18_2}{{}{\thepage 
                                        }{}{}{}}
l.81 \begin{equation}
                     
The control sequence at the end of the top line
of your error message was never \def'ed. If you have
misspelled it (e.g., `\hobx'), type `I' and the correct
spelling (e.g., `I\hbox'). Otherwise just continue,
and I'll forget about whatever was undefined.

\newlabel{fig:18_2}{{}{}{}{}{}}
! Undefined control sequence.
<write> \newlabel{fig:18_3}{{}{\thepage 
                                        }{}{}{}}
l.81 \begin{equation}
                     
The control sequence at the end of the top line
of your error message was never \def'ed. If you have
misspelled it (e.g., `\hobx'), type `I' and the correct
spelling (e.g., `I\hbox'). Otherwise just continue,
and I'll forget about whatever was undefined.

\newlabel{fig:18_3}{{}{}{}{}{}}
! Undefined control sequence.
<write> \newlabel{fig:18_4}{{}{\thepage 
                                        }{}{}{}}
l.81 \begin{equation}
                     
The control sequence at the end of the top line
of your error message was never \def'ed. If you have
misspelled it (e.g., `\hobx'), type `I' and the correct
spelling (e.g., `I\hbox'). Otherwise just continue,
and I'll forget about whatever was undefined.

\newlabel{fig:18_4}{{}{}{}{}{}}
! Undefined control sequence.
<write> \newlabel{fig:18_5}{{}{\thepage 
                                        }{}{}{}}
l.81 \begin{equation}
                     
The control sequence at the end of the top line
of your error message was never \def'ed. If you have
misspelled it (e.g., `\hobx'), type `I' and the correct
spelling (e.g., `I\hbox'). Otherwise just continue,
and I'll forget about whatever was undefined.

\newlabel{fig:18_5}{{}{}{}{}{}}
! Undefined control sequence.
<write> \newlabel{fig:18_6}{{}{\thepage 
                                        }{}{}{}}
l.81 \begin{equation}
                     
The control sequence at the end of the top line
of your error message was never \def'ed. If you have
misspelled it (e.g., `\hobx'), type `I' and the correct
spelling (e.g., `I\hbox'). Otherwise just continue,
and I'll forget about whatever was undefined.

\newlabel{fig:18_6}{{}{}{}{}{}}
! Undefined control sequence.
<write> \newlabel{fig:18_7}{{}{\thepage 
                                        }{}{}{}}
l.81 \begin{equation}
                     
The control sequence at the end of the top line
of your error message was never \def'ed. If you have
misspelled it (e.g., `\hobx'), type `I' and the correct
spelling (e.g., `I\hbox'). Otherwise just continue,
and I'll forget about whatever was undefined.

\newlabel{fig:18_7}{{}{}{}{}{}}
]
Missing character: There is no 。 ("3002) in font cmr10!

Overfull \hbox (47.91435pt too wide) detected at line 84
\OML/cmm/m/it/10 ^^K[] \OT1/cmr/m/n/10 = 1 \OMS/cmsy/m/n/10 ^^@ \OML/cmm/m/it/1
0 ^^K[][]
 []


! LaTeX Error: Environment figure undefined.

See the LaTeX manual or LaTeX Companion for explanation.
Type  H <return>  for immediate help.
 ...                                              
                                                  
l.86 \begin{figure}
                   [h!]
Your command was ignored.
Type  I <command> <return>  to replace it with another command,
or  <return>  to continue without it.


! LaTeX Error: Missing \begin{document}.

See the LaTeX manual or LaTeX Companion for explanation.
Type  H <return>  for immediate help.
 ...                                              
                                                  
l.86 \begin{figure}[
                    h!]
You're in trouble here.  Try typing  <return>  to proceed.
If that doesn't work, type  X <return>  to quit.

Missing character: There is no [ ("5B) in font nullfont!
Missing character: There is no h ("68) in font nullfont!
Missing character: There is no ! ("21) in font nullfont!
Missing character: There is no ] ("5D) in font nullfont!
! Undefined control sequence.
l.88 \includegraphics
                     [width=0.5\textwidth]{图18.8.png}
The control sequence at the end of the top line
of your error message was never \def'ed. If you have
misspelled it (e.g., `\hobx'), type `I' and the correct
spelling (e.g., `I\hbox'). Otherwise just continue,
and I'll forget about whatever was undefined.

Missing character: There is no [ ("5B) in font nullfont!
Missing character: There is no w ("77) in font nullfont!
Missing character: There is no i ("69) in font nullfont!
Missing character: There is no d ("64) in font nullfont!
Missing character: There is no t ("74) in font nullfont!
Missing character: There is no h ("68) in font nullfont!
Missing character: There is no = ("3D) in font nullfont!
Missing character: There is no 0 ("30) in font nullfont!
Missing character: There is no . ("2E) in font nullfont!
Missing character: There is no 5 ("35) in font nullfont!
! Missing number, treated as zero.
<to be read again> 
                   ]
l.88 \includegraphics[width=0.5\textwidth]
                                          {图18.8.png}
A number should have been here; I inserted `0'.
(If you can't figure out why I needed to see a number,
look up `weird error' in the index to The TeXbook.)

! Illegal unit of measure (pt inserted).
<to be read again> 
                   ]
l.88 \includegraphics[width=0.5\textwidth]
                                          {图18.8.png}
Dimensions can be in units of em, ex, in, pt, pc,
cm, mm, dd, cc, bp, or sp; but yours is a new one!
I'll assume that you meant to say pt, for printer's points.
To recover gracefully from this error, it's best to
delete the erroneous units; e.g., type `2' to delete
two letters. (See Chapter 27 of The TeXbook.)

Missing character: There is no ] ("5D) in font nullfont!
Missing character: There is no 图 ("56FE) in font nullfont!
Missing character: There is no 1 ("31) in font nullfont!
Missing character: There is no 8 ("38) in font nullfont!
Missing character: There is no . ("2E) in font nullfont!
Missing character: There is no 8 ("38) in font nullfont!
Missing character: There is no . ("2E) in font nullfont!
Missing character: There is no p ("70) in font nullfont!
Missing character: There is no n ("6E) in font nullfont!
Missing character: There is no g ("67) in font nullfont!

! LaTeX Error: \caption outside float.

See the LaTeX manual or LaTeX Companion for explanation.
Type  H <return>  for immediate help.
 ...                                              
                                                  
l.89 \caption
             {}
You're in trouble here.  Try typing  <return>  to proceed.
If that doesn't work, type  X <return>  to quit.


! LaTeX Error: \begin{document} ended by \end{figure}.

See the LaTeX manual or LaTeX Companion for explanation.
Type  H <return>  for immediate help.
 ...                                              
                                                  
l.91 \end{figure}
                 
Your command was ignored.
Type  I <command> <return>  to replace it with another command,
or  <return>  to continue without it.


Overfull \hbox (20.0pt too wide) in paragraph at lines 86--92
[]
 []


! LaTeX Error: Missing \begin{document}.

See the LaTeX manual or LaTeX Companion for explanation.
Type  H <return>  for immediate help.
 ...                                              
                                                  
l.93 假
      设开初的那些线中激发的概率是 $\alpha_0$，那么，只要 $n$ 很大，使得变换后的激发线的概率就是 $\alpha_1$，所以这还不...

You're in trouble here.  Try typing  <return>  to proceed.
If that doesn't work, type  X <return>  to quit.

Missing character: There is no 假 ("5047) in font nullfont!
Missing character: There is no 设 ("8BBE) in font nullfont!
Missing character: There is no 开 ("5F00) in font nullfont!
Missing character: There is no 初 ("521D) in font nullfont!
Missing character: There is no 的 ("7684) in font nullfont!
Missing character: There is no 那 ("90A3) in font nullfont!
Missing character: There is no 些 ("4E9B) in font nullfont!
Missing character: There is no 线 ("7EBF) in font nullfont!
Missing character: There is no 中 ("4E2D) in font nullfont!
Missing character: There is no 激 ("6FC0) in font nullfont!
Missing character: There is no 发 ("53D1) in font nullfont!
Missing character: There is no 的 ("7684) in font nullfont!
Missing character: There is no 概 ("6982) in font nullfont!
Missing character: There is no 率 ("7387) in font nullfont!
Missing character: There is no 是 ("662F) in font nullfont!
Missing character: There is no ， ("FF0C) in font nullfont!
Missing character: There is no 那 ("90A3) in font nullfont!
Missing character: There is no 么 ("4E48) in font nullfont!
Missing character: There is no ， ("FF0C) in font nullfont!
Missing character: There is no 只 ("53EA) in font nullfont!
Missing character: There is no 要 ("8981) in font nullfont!
Missing character: There is no 很 ("5F88) in font nullfont!
Missing character: There is no 大 ("5927) in font nullfont!
Missing character: There is no ， ("FF0C) in font nullfont!
Missing character: There is no 使 ("4F7F) in font nullfont!
Missing character: There is no 得 ("5F97) in font nullfont!
Missing character: There is no 变 ("53D8) in font nullfont!
Missing character: There is no 换 ("6362) in font nullfont!
Missing character: There is no 后 ("540E) in font nullfont!
Missing character: There is no 的 ("7684) in font nullfont!
Missing character: There is no 激 ("6FC0) in font nullfont!
Missing character: There is no 发 ("53D1) in font nullfont!
Missing character: There is no 线 ("7EBF) in font nullfont!
Missing character: There is no 的 ("7684) in font nullfont!
Missing character: There is no 概 ("6982) in font nullfont!
Missing character: There is no 率 ("7387) in font nullfont!
Missing character: There is no 就 ("5C31) in font nullfont!
Missing character: There is no 是 ("662F) in font nullfont!
Missing character: There is no ， ("FF0C) in font nullfont!
Missing character: There is no 所 ("6240) in font nullfont!
Missing character: There is no 以 ("4EE5) in font nullfont!
Missing character: There is no 这 ("8FD9) in font nullfont!
Missing character: There is no 还 ("8FD8) in font nullfont!
Missing character: There is no 不 ("4E0D) in font nullfont!
Missing character: There is no 是 ("662F) in font nullfont!
Missing character: There is no 一 ("4E00) in font nullfont!
Missing character: There is no 个 ("4E2A) in font nullfont!
Missing character: There is no 复 ("590D) in font nullfont!
Missing character: There is no 原 ("539F) in font nullfont!
Missing character: There is no 机 ("673A) in font nullfont!
Missing character: There is no 构 ("6784) in font nullfont!
Missing character: There is no 。 ("3002) in font nullfont!
Missing character: There is no 但 ("4F46) in font nullfont!
Missing character: There is no 是 ("662F) in font nullfont!
Missing character: There is no ， ("FF0C) in font nullfont!
Missing character: There is no 如 ("5982) in font nullfont!
Missing character: There is no 果 ("679C) in font nullfont!
Missing character: There is no 我 ("6211) in font nullfont!
Missing character: There is no 们 ("4EEC) in font nullfont!
Missing character: There is no 把 ("628A) in font nullfont!
Missing character: There is no 这 ("8FD9) in font nullfont!
Missing character: There is no 样 ("6837) in font nullfont!
Missing character: There is no 的 ("7684) in font nullfont!
Missing character: There is no 两 ("4E24) in font nullfont!
Missing character: There is no 个 ("4E2A) in font nullfont!
Missing character: There is no 单 ("5355) in font nullfont!
Missing character: There is no 元 ("5143) in font nullfont!
Missing character: There is no 串 ("4E32) in font nullfont!
Missing character: There is no 联 ("8054) in font nullfont!
Missing character: There is no 起 ("8D77) in font nullfont!
Missing character: There is no 来 ("6765) in font nullfont!
Missing character: There is no ， ("FF0C) in font nullfont!
Missing character: There is no 那 ("90A3) in font nullfont!
Missing character: There is no 么 ("4E48) in font nullfont!
Missing character: There is no 最 ("6700) in font nullfont!
Missing character: There is no 后 ("540E) in font nullfont!
Missing character: There is no 那 ("90A3) in font nullfont!
Missing character: There is no 些 ("4E9B) in font nullfont!
Missing character: There is no 线 ("7EBF) in font nullfont!
Missing character: There is no 激 ("6FC0) in font nullfont!
Missing character: There is no 发 ("53D1) in font nullfont!
Missing character: There is no 的 ("7684) in font nullfont!
Missing character: There is no 概 ("6982) in font nullfont!
Missing character: There is no 率 ("7387) in font nullfont!
Missing character: There is no 可 ("53EF) in font nullfont!
Missing character: There is no 以 ("4EE5) in font nullfont!
Missing character: There is no 写 ("5199) in font nullfont!
Missing character: There is no 成 ("6210) in font nullfont!

Overfull \hbox (20.0pt too wide) in paragraph at lines 93--94
[]
 []


Overfull \hbox (10.88315pt too wide) in paragraph at lines 93--94
\OML/cmm/m/it/10 ^^K[]$
 []


Overfull \hbox (6.00235pt too wide) in paragraph at lines 93--94
\OML/cmm/m/it/10 n$
 []


Overfull \hbox (10.88315pt too wide) in paragraph at lines 93--94
\OML/cmm/m/it/10 ^^K[]$
 []


Overfull \hbox (10.88315pt too wide) in paragraph at lines 93--94
\OML/cmm/m/it/10 ^^K[]$
 []

Missing character: There is no 。 ("3002) in font cmr10!

Overfull \hbox (157.93867pt too wide) detected at line 97
\OML/cmm/m/it/10 ^^K[] \OT1/cmr/m/n/10 = 1 \OMS/cmsy/m/n/10 ^^@ \OML/cmm/m/it/1
0 ^^K[] \OT1/cmr/m/n/10 = 1 \OMS/cmsy/m/n/10 ^^@ \OT1/cmr/m/n/10 (1 \OMS/cmsy/m
/n/10 ^^@ \OML/cmm/m/it/10 ^^K[]\OT1/cmr/m/n/10 )[] = 2\OML/cmm/m/it/10 ^^K[] \
OMS/cmsy/m/n/10 ^^@ \OML/cmm/m/it/10 ^^K[][]
 []


! LaTeX Error: Environment wrapfigure undefined.

See the LaTeX manual or LaTeX Companion for explanation.
Type  H <return>  for immediate help.
 ...                                              
                                                  
l.99 \begin{wrapfigure}
                       {r}{0.25\textwidth}
Your command was ignored.
Type  I <command> <return>  to replace it with another command,
or  <return>  to continue without it.


! LaTeX Error: Missing \begin{document}.

See the LaTeX manual or LaTeX Companion for explanation.
Type  H <return>  for immediate help.
 ...                                              
                                                  
l.99 \begin{wrapfigure}{r
                         }{0.25\textwidth}
You're in trouble here.  Try typing  <return>  to proceed.
If that doesn't work, type  X <return>  to quit.

Missing character: There is no r ("72) in font nullfont!
Missing character: There is no 0 ("30) in font nullfont!
Missing character: There is no . ("2E) in font nullfont!
Missing character: There is no 2 ("32) in font nullfont!
Missing character: There is no 5 ("35) in font nullfont!
! Missing number, treated as zero.
<to be read again> 
                   }
l.99 \begin{wrapfigure}{r}{0.25\textwidth}
                                          
A number should have been here; I inserted `0'.
(If you can't figure out why I needed to see a number,
look up `weird error' in the index to The TeXbook.)

! Illegal unit of measure (pt inserted).
<to be read again> 
                   }
l.99 \begin{wrapfigure}{r}{0.25\textwidth}
                                          
Dimensions can be in units of em, ex, in, pt, pc,
cm, mm, dd, cc, bp, or sp; but yours is a new one!
I'll assume that you meant to say pt, for printer's points.
To recover gracefully from this error, it's best to
delete the erroneous units; e.g., type `2' to delete
two letters. (See Chapter 27 of The TeXbook.)

! Undefined control sequence.
l.101     \includegraphics
                          [width=0.25\textwidth]{图18.9.png}
The control sequence at the end of the top line
of your error message was never \def'ed. If you have
misspelled it (e.g., `\hobx'), type `I' and the correct
spelling (e.g., `I\hbox'). Otherwise just continue,
and I'll forget about whatever was undefined.

Missing character: There is no [ ("5B) in font nullfont!
Missing character: There is no w ("77) in font nullfont!
Missing character: There is no i ("69) in font nullfont!
Missing character: There is no d ("64) in font nullfont!
Missing character: There is no t ("74) in font nullfont!
Missing character: There is no h ("68) in font nullfont!
Missing character: There is no = ("3D) in font nullfont!
Missing character: There is no 0 ("30) in font nullfont!
Missing character: There is no . ("2E) in font nullfont!
Missing character: There is no 2 ("32) in font nullfont!
Missing character: There is no 5 ("35) in font nullfont!
! Missing number, treated as zero.
<to be read again> 
                   ]
l.101     \includegraphics[width=0.25\textwidth]
                                                {图18.9.png}
A number should have been here; I inserted `0'.
(If you can't figure out why I needed to see a number,
look up `weird error' in the index to The TeXbook.)

! Illegal unit of measure (pt inserted).
<to be read again> 
                   ]
l.101     \includegraphics[width=0.25\textwidth]
                                                {图18.9.png}
Dimensions can be in units of em, ex, in, pt, pc,
cm, mm, dd, cc, bp, or sp; but yours is a new one!
I'll assume that you meant to say pt, for printer's points.
To recover gracefully from this error, it's best to
delete the erroneous units; e.g., type `2' to delete
two letters. (See Chapter 27 of The TeXbook.)

Missing character: There is no ] ("5D) in font nullfont!
Missing character: There is no 图 ("56FE) in font nullfont!
Missing character: There is no 1 ("31) in font nullfont!
Missing character: There is no 8 ("38) in font nullfont!
Missing character: There is no . ("2E) in font nullfont!
Missing character: There is no 9 ("39) in font nullfont!
Missing character: There is no . ("2E) in font nullfont!
Missing character: There is no p ("70) in font nullfont!
Missing character: There is no n ("6E) in font nullfont!
Missing character: There is no g ("67) in font nullfont!

! LaTeX Error: \caption outside float.

See the LaTeX manual or LaTeX Companion for explanation.
Type  H <return>  for immediate help.
 ...                                              
                                                  
l.102     \caption
                  { }
You're in trouble here.  Try typing  <return>  to proceed.
If that doesn't work, type  X <return>  to quit.


! LaTeX Error: \begin{document} ended by \end{wrapfigure}.

See the LaTeX manual or LaTeX Companion for explanation.
Type  H <return>  for immediate help.
 ...                                              
                                                  
l.104 \end{wrapfigure}
                      
Your command was ignored.
Type  I <command> <return>  to replace it with another command,
or  <return>  to continue without it.

Missing character: There is no 由 ("7531) in font nullfont!
Missing character: There is no 于 ("4E8E) in font nullfont!
Missing character: There is no 以 ("4EE5) in font nullfont!
Missing character: There is no 下 ("4E0B) in font nullfont!
Missing character: There is no 的 ("7684) in font nullfont!
Missing character: There is no 理 ("7406) in font nullfont!
Missing character: There is no 由 ("7531) in font nullfont!
Missing character: There is no ， ("FF0C) in font nullfont!
Missing character: There is no 可 ("53EF) in font nullfont!
Missing character: There is no 以 ("4EE5) in font nullfont!
Missing character: There is no 知 ("77E5) in font nullfont!
Missing character: There is no 道 ("9053) in font nullfont!
Missing character: There is no 串 ("4E32) in font nullfont!
Missing character: There is no 联 ("8054) in font nullfont!
Missing character: There is no 起 ("8D77) in font nullfont!
Missing character: There is no 来 ("6765) in font nullfont!
Missing character: There is no 的 ("7684) in font nullfont!
Missing character: There is no 两 ("4E24) in font nullfont!
Missing character: There is no 个 ("4E2A) in font nullfont!
Missing character: There is no 单 ("5355) in font nullfont!
Missing character: There is no 元 ("5143) in font nullfont!
Missing character: There is no 是 ("662F) in font nullfont!
Missing character: There is no 一 ("4E00) in font nullfont!
Missing character: There is no 个 ("4E2A) in font nullfont!
Missing character: There is no 复 ("590D) in font nullfont!
Missing character: There is no 原 ("539F) in font nullfont!
Missing character: There is no 机 ("673A) in font nullfont!
Missing character: There is no 构 ("6784) in font nullfont!
Missing character: There is no ， ("FF0C) in font nullfont!
Missing character: There is no 图 ("56FE) in font nullfont!
! Undefined control sequence.
<write> ... Reference `fig:18_9' on page \thepage 
                                                  \space undefined\on@line .^^J
l.105 由于以下的理由，可以知道串联起来的两个单元是一个复原机构，图\ref{fig:18_9}
                                                  表示出 $\alpha_0$ 和 $\alpha_2...
The control sequence at the end of the top line
of your error message was never \def'ed. If you have
misspelled it (e.g., `\hobx'), type `I' and the correct
spelling (e.g., `I\hbox'). Otherwise just continue,
and I'll forget about whatever was undefined.


LaTeX Warning: Reference `fig:18_9' on page  undefined on input line 105.

Missing character: There is no 表 ("8868) in font nullfont!
Missing character: There is no 示 ("793A) in font nullfont!
Missing character: There is no 出 ("51FA) in font nullfont!
Missing character: There is no 和 ("548C) in font nullfont!
Missing character: There is no 之 ("4E4B) in font nullfont!
Missing character: There is no 间 ("95F4) in font nullfont!
Missing character: There is no 的 ("7684) in font nullfont!
Missing character: There is no 关 ("5173) in font nullfont!
Missing character: There is no 系 ("7CFB) in font nullfont!
Missing character: There is no ， ("FF0C) in font nullfont!
Missing character: There is no 当 ("5F53) in font nullfont!
Missing character: There is no 下 ("4E0B) in font nullfont!
Missing character: There is no 面 ("9762) in font nullfont!
Missing character: There is no 关 ("5173) in font nullfont!
Missing character: There is no 系 ("7CFB) in font nullfont!
Missing character: There is no 式 ("5F0F) in font nullfont!
Missing character: There is no 成 ("6210) in font nullfont!
Missing character: There is no 立 ("7ACB) in font nullfont!
Missing character: There is no 的 ("7684) in font nullfont!
Missing character: There is no 时 ("65F6) in font nullfont!
Missing character: There is no 候 ("5019) in font nullfont!
Missing character: There is no 等 ("7B49) in font nullfont!
Missing character: There is no 于 ("4E8E) in font nullfont!
Missing character: There is no ， ("FF0C) in font nullfont!

! LaTeX Error: Environment equation* undefined.

See the LaTeX manual or LaTeX Companion for explanation.
Type  H <return>  for immediate help.
 ...                                              
                                                  
l.106 \begin{equation*}
                       
Your command was ignored.
Type  I <command> <return>  to replace it with another command,
or  <return>  to continue without it.

! Missing $ inserted.
<inserted text> 
                $
l.107 \alpha
            _0^4-2\alpha_0^2+\alpha_0 = 0，
I've inserted a begin-math/end-math symbol since I think
you left one out. Proceed, with fingers crossed.


! LaTeX Error: \begin{document} ended by \end{equation*}.

See the LaTeX manual or LaTeX Companion for explanation.
Type  H <return>  for immediate help.
 ...                                              
                                                  
l.108 \end{equation*}
                     
Your command was ignored.
Type  I <command> <return>  to replace it with another command,
or  <return>  to continue without it.

! Missing $ inserted.
<inserted text> 
                $
l.108 \end{equation*}
                     
I've inserted something that you may have forgotten.
(See the <inserted text> above.)
With luck, this will get me unwedged. But if you
really didn't forget anything, try typing `2' now; then
my insertion and my current dilemma will both disappear.

Missing character: There is no ， ("FF0C) in font cmr10!
Missing character: There is no 或 ("6216) in font nullfont!
Missing character: There is no 者 ("8005) in font nullfont!
Missing character: There is no 说 ("8BF4) in font nullfont!
Missing character: There is no ， ("FF0C) in font nullfont!
Missing character: There is no ， ("FF0C) in font nullfont!
Missing character: There is no 或 ("6216) in font nullfont!
Missing character: There is no 者 ("8005) in font nullfont!
Missing character: There is no 。 ("3002) in font nullfont!
Missing character: There is no 所 ("6240) in font nullfont!
Missing character: There is no 以 ("4EE5) in font nullfont!
Missing character: There is no ， ("FF0C) in font nullfont!
Missing character: There is no 如 ("5982) in font nullfont!
Missing character: There is no 果 ("679C) in font nullfont!
Missing character: There is no 在 ("5728) in font nullfont!
Missing character: There is no 和 ("548C) in font nullfont!
Missing character: There is no 之 ("4E4B) in font nullfont!
Missing character: There is no 间 ("95F4) in font nullfont!
Missing character: There is no ， ("FF0C) in font nullfont!

! LaTeX Error: Environment equation* undefined.

See the LaTeX manual or LaTeX Companion for explanation.
Type  H <return>  for immediate help.
 ...                                              
                                                  
l.110 \begin{equation*}
                       
Your command was ignored.
Type  I <command> <return>  to replace it with another command,
or  <return>  to continue without it.

Missing character: There is no 1 ("31) in font nullfont!
! Missing $ inserted.
<inserted text> 
                $
l.111 \frac{1}{2}
                 (\sqrt{5}-1)=0.618034，
I've inserted a begin-math/end-math symbol since I think
you left one out. Proceed, with fingers crossed.

! Extra }, or forgotten $.
\frac  #1#2->{\begingroup #1\endgroup \over #2}
                                               
l.111 \frac{1}{2}
                 (\sqrt{5}-1)=0.618034，
I've deleted a group-closing symbol because it seems to be
spurious, as in `$x}$'. But perhaps the } is legitimate and
you forgot something else, as in `\hbox{$x}'. In such cases
the way to recover is to insert both the forgotten and the
deleted material, e.g., by typing `I$}'.


! LaTeX Error: \begin{document} ended by \end{equation*}.

See the LaTeX manual or LaTeX Companion for explanation.
Type  H <return>  for immediate help.
 ...                                              
                                                  
l.112 \end{equation*}
                     
Your command was ignored.
Type  I <command> <return>  to replace it with another command,
or  <return>  to continue without it.

! Missing $ inserted.
<inserted text> 
                $
l.112 \end{equation*}
                     
I've inserted something that you may have forgotten.
(See the <inserted text> above.)
With luck, this will get me unwedged. But if you
really didn't forget anything, try typing `2' now; then
my insertion and my current dilemma will both disappear.

Missing character: There is no ， ("FF0C) in font cmr7!
! Missing } inserted.
<inserted text> 
                }
l.112 \end{equation*}
                     
I've inserted something that you may have forgotten.
(See the <inserted text> above.)
With luck, this will get me unwedged. But if you
really didn't forget anything, try typing `2' now; then
my insertion and my current dilemma will both disappear.

Missing character: There is no 就 ("5C31) in font nullfont!
Missing character: There is no 比 ("6BD4) in font nullfont!
Missing character: There is no 小 ("5C0F) in font nullfont!
Missing character: There is no ； ("FF1B) in font nullfont!
Missing character: There is no 如 ("5982) in font nullfont!
Missing character: There is no 果 ("679C) in font nullfont!
Missing character: There is no 在 ("5728) in font nullfont!
Missing character: There is no 和 ("548C) in font nullfont!
Missing character: There is no 之 ("4E4B) in font nullfont!
Missing character: There is no 间 ("95F4) in font nullfont!
Missing character: There is no ， ("FF0C) in font nullfont!
Missing character: There is no 就 ("5C31) in font nullfont!
Missing character: There is no 比 ("6BD4) in font nullfont!
Missing character: There is no 大 ("5927) in font nullfont!
Missing character: There is no ， ("FF0C) in font nullfont!
Missing character: There is no 因 ("56E0) in font nullfont!
Missing character: There is no 此 ("6B64) in font nullfont!
Missing character: There is no 复 ("590D) in font nullfont!
Missing character: There is no 原 ("539F) in font nullfont!
Missing character: There is no 机 ("673A) in font nullfont!
Missing character: There is no 构 ("6784) in font nullfont!
Missing character: There is no 的 ("7684) in font nullfont!
Missing character: There is no 作 ("4F5C) in font nullfont!
Missing character: There is no 用 ("7528) in font nullfont!
Missing character: There is no 在 ("5728) in font nullfont!
Missing character: There is no 于 ("4E8E) in font nullfont!
Missing character: There is no 使 ("4F7F) in font nullfont!
Missing character: There is no 得 ("5F97) in font nullfont!
Missing character: There is no 输 ("8F93) in font nullfont!
Missing character: There is no 出 ("51FA) in font nullfont!
Missing character: There is no 中 ("4E2D) in font nullfont!
Missing character: There is no 激 ("6FC0) in font nullfont!
Missing character: There is no 发 ("53D1) in font nullfont!
Missing character: There is no 线 ("7EBF) in font nullfont!
Missing character: There is no 的 ("7684) in font nullfont!
Missing character: There is no 概 ("6982) in font nullfont!
Missing character: There is no 率 ("7387) in font nullfont!
Missing character: There is no 趋 ("8D8B) in font nullfont!
Missing character: There is no 向 ("5411) in font nullfont!
Missing character: There is no 和 ("548C) in font nullfont!
Missing character: There is no ， ("FF0C) in font nullfont!
Missing character: There is no 因 ("56E0) in font nullfont!
Missing character: There is no 此 ("6B64) in font nullfont!
Missing character: There is no ， ("FF0C) in font nullfont!
Missing character: There is no 就 ("5C31) in font nullfont!
Missing character: There is no 减 ("51CF) in font nullfont!
Missing character: There is no 小 ("5C0F) in font nullfont!
Missing character: There is no 了 ("4E86) in font nullfont!
Missing character: There is no 执 ("6267) in font nullfont!
Missing character: There is no 行 ("884C) in font nullfont!
Missing character: There is no 机 ("673A) in font nullfont!
Missing character: There is no 构 ("6784) in font nullfont!
Missing character: There is no 所 ("6240) in font nullfont!
Missing character: There is no 引 ("5F15) in font nullfont!
Missing character: There is no 起 ("8D77) in font nullfont!
Missing character: There is no 的 ("7684) in font nullfont!
Missing character: There is no 误 ("8BEF) in font nullfont!
Missing character: There is no 差 ("5DEE) in font nullfont!
Missing character: There is no 分 ("5206) in font nullfont!
Missing character: There is no 散 ("6563) in font nullfont!
Missing character: There is no 现 ("73B0) in font nullfont!
Missing character: There is no 象 ("8C61) in font nullfont!
Missing character: There is no 。 ("3002) in font nullfont!

Overfull \hbox (20.0pt too wide) in paragraph at lines 99--114
[]
 []


Overfull \hbox (10.86pt too wide) in paragraph at lines 99--114
[]
 []


Overfull \hbox (10.88315pt too wide) in paragraph at lines 99--114
\OML/cmm/m/it/10 ^^K[]$
 []


Overfull \hbox (10.88315pt too wide) in paragraph at lines 99--114
\OML/cmm/m/it/10 ^^K[]$
 []


Overfull \hbox (10.88315pt too wide) in paragraph at lines 99--114
\OML/cmm/m/it/10 ^^K[]$
 []


Overfull \hbox (10.88315pt too wide) in paragraph at lines 99--114
\OML/cmm/m/it/10 ^^K[]$
 []


Overfull \hbox (18.69797pt too wide) in paragraph at lines 99--114
\OML/cmm/m/it/10 ^^K[] \OMS/cmsy/m/n/10 ^^@
 []


Overfull \hbox (23.69798pt too wide) in paragraph at lines 99--114
\OT1/cmr/m/n/10 2\OML/cmm/m/it/10 ^^K[] \OT1/cmr/m/n/10 +
 []


Overfull \hbox (21.43866pt too wide) in paragraph at lines 99--114
\OML/cmm/m/it/10 ^^K[] \OT1/cmr/m/n/10 =
 []


Overfull \hbox (5.00002pt too wide) in paragraph at lines 99--114
\OT1/cmr/m/n/10 0$
 []


Overfull \hbox (21.43866pt too wide) in paragraph at lines 99--114
\OML/cmm/m/it/10 ^^K[] \OT1/cmr/m/n/10 =
 []


Overfull \hbox (42.49725pt too wide) in paragraph at lines 99--114
\OT1/cmr/m/n/10 0\OML/cmm/m/it/10 ;  []\OT1/cmr/m/n/10 ([] \OMS/cmsy/m/n/10 ^^@

 []


Overfull \hbox (8.88892pt too wide) in paragraph at lines 99--114
\OT1/cmr/m/n/10 1)$
 []


Overfull \hbox (5.00002pt too wide) in paragraph at lines 99--114
\OT1/cmr/m/n/10 1$
 []


Overfull \hbox (10.88315pt too wide) in paragraph at lines 99--114
\OML/cmm/m/it/10 ^^K[]$
 []


Overfull \hbox (5.00002pt too wide) in paragraph at lines 99--114
\OT1/cmr/m/n/10 0$
 []


Overfull \hbox (31.3862pt too wide) in paragraph at lines 99--114
[]\OT1/cmr/m/n/10 ([] \OMS/cmsy/m/n/10 ^^@
 []


Overfull \hbox (8.88892pt too wide) in paragraph at lines 99--114
\OT1/cmr/m/n/10 1)$
 []


Overfull \hbox (69.84473pt too wide) in paragraph at lines 99--114
[]$
 []


Overfull \hbox (10.88315pt too wide) in paragraph at lines 99--114
\OML/cmm/m/it/10 ^^K[]$
 []


Overfull \hbox (10.88315pt too wide) in paragraph at lines 99--114
\OML/cmm/m/it/10 ^^K[]$
 []


Overfull \hbox (10.88315pt too wide) in paragraph at lines 99--114
\OML/cmm/m/it/10 ^^K[]$
 []


Overfull \hbox (31.3862pt too wide) in paragraph at lines 99--114
[]\OT1/cmr/m/n/10 ([] \OMS/cmsy/m/n/10 ^^@
 []


Overfull \hbox (8.88892pt too wide) in paragraph at lines 99--114
\OT1/cmr/m/n/10 1)$
 []


Overfull \hbox (5.00002pt too wide) in paragraph at lines 99--114
\OT1/cmr/m/n/10 1$
 []


Overfull \hbox (10.88315pt too wide) in paragraph at lines 99--114
\OML/cmm/m/it/10 ^^K[]$
 []


Overfull \hbox (10.88315pt too wide) in paragraph at lines 99--114
\OML/cmm/m/it/10 ^^K[]$
 []


Overfull \hbox (5.00002pt too wide) in paragraph at lines 99--114
\OT1/cmr/m/n/10 0$
 []


Overfull \hbox (5.00002pt too wide) in paragraph at lines 99--114
\OT1/cmr/m/n/10 1$ 
 []


! LaTeX Error: Missing \begin{document}.

See the LaTeX manual or LaTeX Companion for explanation.
Type  H <return>  for immediate help.
 ...                                              
                                                  
l.115 根
       据上面的讨论的基础，控制误差的系统就是由包含 $n$ 个谢弗元件的一个执行机构和一个复原机构组成的，复原机构是由图\ref{fig:18_...

You're in trouble here.  Try typing  <return>  to proceed.
If that doesn't work, type  X <return>  to quit.

Missing character: There is no 根 ("6839) in font nullfont!
Missing character: There is no 据 ("636E) in font nullfont!
Missing character: There is no 上 ("4E0A) in font nullfont!
Missing character: There is no 面 ("9762) in font nullfont!
Missing character: There is no 的 ("7684) in font nullfont!
Missing character: There is no 讨 ("8BA8) in font nullfont!
Missing character: There is no 论 ("8BBA) in font nullfont!
Missing character: There is no 的 ("7684) in font nullfont!
Missing character: There is no 基 ("57FA) in font nullfont!
Missing character: There is no 础 ("7840) in font nullfont!
Missing character: There is no ， ("FF0C) in font nullfont!
Missing character: There is no 控 ("63A7) in font nullfont!
Missing character: There is no 制 ("5236) in font nullfont!
Missing character: There is no 误 ("8BEF) in font nullfont!
Missing character: There is no 差 ("5DEE) in font nullfont!
Missing character: There is no 的 ("7684) in font nullfont!
Missing character: There is no 系 ("7CFB) in font nullfont!
Missing character: There is no 统 ("7EDF) in font nullfont!
Missing character: There is no 就 ("5C31) in font nullfont!
Missing character: There is no 是 ("662F) in font nullfont!
Missing character: There is no 由 ("7531) in font nullfont!
Missing character: There is no 包 ("5305) in font nullfont!
Missing character: There is no 含 ("542B) in font nullfont!
Missing character: There is no 个 ("4E2A) in font nullfont!
Missing character: There is no 谢 ("8C22) in font nullfont!
Missing character: There is no 弗 ("5F17) in font nullfont!
Missing character: There is no 元 ("5143) in font nullfont!
Missing character: There is no 件 ("4EF6) in font nullfont!
Missing character: There is no 的 ("7684) in font nullfont!
Missing character: There is no 一 ("4E00) in font nullfont!
Missing character: There is no 个 ("4E2A) in font nullfont!
Missing character: There is no 执 ("6267) in font nullfont!
Missing character: There is no 行 ("884C) in font nullfont!
Missing character: There is no 机 ("673A) in font nullfont!
Missing character: There is no 构 ("6784) in font nullfont!
Missing character: There is no 和 ("548C) in font nullfont!
Missing character: There is no 一 ("4E00) in font nullfont!
Missing character: There is no 个 ("4E2A) in font nullfont!
Missing character: There is no 复 ("590D) in font nullfont!
Missing character: There is no 原 ("539F) in font nullfont!
Missing character: There is no 机 ("673A) in font nullfont!
Missing character: There is no 构 ("6784) in font nullfont!
Missing character: There is no 组 ("7EC4) in font nullfont!
Missing character: There is no 成 ("6210) in font nullfont!
Missing character: There is no 的 ("7684) in font nullfont!
Missing character: There is no ， ("FF0C) in font nullfont!
Missing character: There is no 复 ("590D) in font nullfont!
Missing character: There is no 原 ("539F) in font nullfont!
Missing character: There is no 机 ("673A) in font nullfont!
Missing character: There is no 构 ("6784) in font nullfont!
Missing character: There is no 是 ("662F) in font nullfont!
Missing character: There is no 由 ("7531) in font nullfont!
Missing character: There is no 图 ("56FE) in font nullfont!
! Undefined control sequence.
<write> ... Reference `fig:18_7' on page \thepage 
                                                  \space undefined\on@line .^^J
l.115 ...元件的一个执行机构和一个复原机构组成的，复原机构是由图\ref{fig:18_7}
                                                  表示的两个单元（每个单元包括 $n$ 个谢弗元件和一...
The control sequence at the end of the top line
of your error message was never \def'ed. If you have
misspelled it (e.g., `\hobx'), type `I' and the correct
spelling (e.g., `I\hbox'). Otherwise just continue,
and I'll forget about whatever was undefined.


LaTeX Warning: Reference `fig:18_7' on page  undefined on input line 115.

Missing character: There is no 表 ("8868) in font nullfont!
Missing character: There is no 示 ("793A) in font nullfont!
Missing character: There is no 的 ("7684) in font nullfont!
Missing character: There is no 两 ("4E24) in font nullfont!
Missing character: There is no 个 ("4E2A) in font nullfont!
Missing character: There is no 单 ("5355) in font nullfont!
Missing character: There is no 元 ("5143) in font nullfont!
Missing character: There is no （ ("FF08) in font nullfont!
Missing character: There is no 每 ("6BCF) in font nullfont!
Missing character: There is no 个 ("4E2A) in font nullfont!
Missing character: There is no 单 ("5355) in font nullfont!
Missing character: There is no 元 ("5143) in font nullfont!
Missing character: There is no 包 ("5305) in font nullfont!
Missing character: There is no 括 ("62EC) in font nullfont!
Missing character: There is no 个 ("4E2A) in font nullfont!
Missing character: There is no 谢 ("8C22) in font nullfont!
Missing character: There is no 弗 ("5F17) in font nullfont!
Missing character: There is no 元 ("5143) in font nullfont!
Missing character: There is no 件 ("4EF6) in font nullfont!
Missing character: There is no 和 ("548C) in font nullfont!
Missing character: There is no 一 ("4E00) in font nullfont!
Missing character: There is no 个 ("4E2A) in font nullfont!
Missing character: There is no 随 ("968F) in font nullfont!
Missing character: There is no 机 ("673A) in font nullfont!
Missing character: There is no 排 ("6392) in font nullfont!
Missing character: There is no 列 ("5217) in font nullfont!
Missing character: There is no 的 ("7684) in font nullfont!
Missing character: There is no 装 ("88C5) in font nullfont!
Missing character: There is no 置 ("7F6E) in font nullfont!
Missing character: There is no ） ("FF09) in font nullfont!
Missing character: There is no 组 ("7EC4) in font nullfont!
Missing character: There is no 成 ("6210) in font nullfont!
Missing character: There is no 。 ("3002) in font nullfont!
Missing character: There is no 所 ("6240) in font nullfont!
Missing character: There is no 以 ("4EE5) in font nullfont!
Missing character: There is no ， ("FF0C) in font nullfont!
Missing character: There is no 对 ("5BF9) in font nullfont!
Missing character: There is no 于 ("4E8E) in font nullfont!
Missing character: There is no 每 ("6BCF) in font nullfont!
Missing character: There is no 个 ("4E2A) in font nullfont!
Missing character: There is no 谢 ("8C22) in font nullfont!
Missing character: There is no 弗 ("5F17) in font nullfont!
Missing character: There is no 元 ("5143) in font nullfont!
Missing character: There is no 件 ("4EF6) in font nullfont!
Missing character: There is no 都 ("90FD) in font nullfont!
Missing character: There is no 完 ("5B8C) in font nullfont!
Missing character: There is no 全 ("5168) in font nullfont!
Missing character: There is no 精 ("7CBE) in font nullfont!
Missing character: There is no 确 ("786E) in font nullfont!
Missing character: There is no 的 ("7684) in font nullfont!
Missing character: There is no 情 ("60C5) in font nullfont!
Missing character: There is no 况 ("51B5) in font nullfont!
Missing character: There is no ， ("FF0C) in font nullfont!
Missing character: There is no 我 ("6211) in font nullfont!
Missing character: There is no 们 ("4EEC) in font nullfont!
Missing character: There is no 必 ("5FC5) in font nullfont!
Missing character: There is no 须 ("987B) in font nullfont!
Missing character: There is no 把 ("628A) in font nullfont!
Missing character: There is no 系 ("7CFB) in font nullfont!
Missing character: There is no 统 ("7EDF) in font nullfont!
Missing character: There is no 扩 ("6269) in font nullfont!
Missing character: There is no 大 ("5927) in font nullfont!
Missing character: There is no 到 ("5230) in font nullfont!
Missing character: There is no 包 ("5305) in font nullfont!
Missing character: There is no 含 ("542B) in font nullfont!
Missing character: There is no 个 ("4E2A) in font nullfont!
Missing character: There is no 谢 ("8C22) in font nullfont!
Missing character: There is no 弗 ("5F17) in font nullfont!
Missing character: There is no 元 ("5143) in font nullfont!
Missing character: There is no 件 ("4EF6) in font nullfont!
Missing character: There is no 。 ("3002) in font nullfont!
Missing character: There is no 我 ("6211) in font nullfont!
Missing character: There is no 们 ("4EEC) in font nullfont!
Missing character: There is no 看 ("770B) in font nullfont!
Missing character: There is no 到 ("5230) in font nullfont!
Missing character: There is no ， ("FF0C) in font nullfont!
Missing character: There is no 当 ("5F53) in font nullfont!
Missing character: There is no 给 ("7ED9) in font nullfont!
Missing character: There is no 定 ("5B9A) in font nullfont!
Missing character: There is no 了 ("4E86) in font nullfont!
Missing character: There is no 某 ("67D0) in font nullfont!
Missing character: There is no 个 ("4E2A) in font nullfont!
Missing character: There is no 置 ("7F6E) in font nullfont!
Missing character: There is no 信 ("4FE1) in font nullfont!
Missing character: There is no 水 ("6C34) in font nullfont!
Missing character: There is no 平 ("5E73) in font nullfont!
Missing character: There is no ， ("FF0C) in font nullfont!
Missing character: There is no 给 ("7ED9) in font nullfont!
Missing character: There is no 出 ("51FA) in font nullfont!
Missing character: There is no 输 ("8F93) in font nullfont!
Missing character: There is no 入 ("5165) in font nullfont!
Missing character: There is no 线 ("7EBF) in font nullfont!
Missing character: There is no 束 ("675F) in font nullfont!
Missing character: There is no 中 ("4E2D) in font nullfont!
Missing character: There is no 产 ("4EA7) in font nullfont!
Missing character: There is no 生 ("751F) in font nullfont!
Missing character: There is no 误 ("8BEF) in font nullfont!
Missing character: There is no 差 ("5DEE) in font nullfont!
Missing character: There is no 的 ("7684) in font nullfont!
Missing character: There is no 概 ("6982) in font nullfont!
Missing character: There is no 率 ("7387) in font nullfont!
Missing character: There is no 以 ("4EE5) in font nullfont!
Missing character: There is no 及 ("53CA) in font nullfont!
Missing character: There is no 谢 ("8C22) in font nullfont!
Missing character: There is no 弗 ("5F17) in font nullfont!
Missing character: There is no 元 ("5143) in font nullfont!
Missing character: There is no 件 ("4EF6) in font nullfont!
Missing character: There is no 产 ("4EA7) in font nullfont!
Missing character: There is no 生 ("751F) in font nullfont!
Missing character: There is no 误 ("8BEF) in font nullfont!
Missing character: There is no 差 ("5DEE) in font nullfont!
Missing character: There is no 的 ("7684) in font nullfont!
Missing character: There is no 概 ("6982) in font nullfont!
Missing character: There is no 率 ("7387) in font nullfont!
Missing character: There is no 以 ("4EE5) in font nullfont!
Missing character: There is no 后 ("540E) in font nullfont!
Missing character: There is no ， ("FF0C) in font nullfont!
Missing character: There is no 用 ("7528) in font nullfont!
Missing character: There is no 增 ("589E) in font nullfont!
Missing character: There is no 加 ("52A0) in font nullfont!
Missing character: There is no 元 ("5143) in font nullfont!
Missing character: There is no 件 ("4EF6) in font nullfont!
Missing character: There is no 数 ("6570) in font nullfont!
Missing character: There is no 目 ("76EE) in font nullfont!
Missing character: There is no 的 ("7684) in font nullfont!
Missing character: There is no 办 ("529E) in font nullfont!
Missing character: There is no 法 ("6CD5) in font nullfont!
Missing character: There is no 就 ("5C31) in font nullfont!
Missing character: There is no 可 ("53EF) in font nullfont!
Missing character: There is no 以 ("4EE5) in font nullfont!
Missing character: There is no 使 ("4F7F) in font nullfont!
Missing character: There is no 系 ("7CFB) in font nullfont!
Missing character: There is no 统 ("7EDF) in font nullfont!
Missing character: There is no 的 ("7684) in font nullfont!
Missing character: There is no 可 ("53EF) in font nullfont!
Missing character: There is no 靠 ("9760) in font nullfont!
Missing character: There is no 程 ("7A0B) in font nullfont!
Missing character: There is no 度 ("5EA6) in font nullfont!
Missing character: There is no 提 ("63D0) in font nullfont!
Missing character: There is no 高 ("9AD8) in font nullfont!
Missing character: There is no 到 ("5230) in font nullfont!
Missing character: There is no 我 ("6211) in font nullfont!
Missing character: There is no 们 ("4EEC) in font nullfont!
Missing character: There is no 所 ("6240) in font nullfont!
Missing character: There is no 需 ("9700) in font nullfont!
Missing character: There is no 要 ("8981) in font nullfont!
Missing character: There is no 的 ("7684) in font nullfont!
Missing character: There is no 任 ("4EFB) in font nullfont!
Missing character: There is no 何 ("4F55) in font nullfont!
Missing character: There is no 程 ("7A0B) in font nullfont!
Missing character: There is no 度 ("5EA6) in font nullfont!
Missing character: There is no 。 ("3002) in font nullfont!
Missing character: There is no 所 ("6240) in font nullfont!
Missing character: There is no 以 ("4EE5) in font nullfont!
Missing character: There is no ， ("FF0C) in font nullfont!
Missing character: There is no 基 ("57FA) in font nullfont!
Missing character: There is no 本 ("672C) in font nullfont!
Missing character: There is no 上 ("4E0A) in font nullfont!
Missing character: There is no ， ("FF0C) in font nullfont!
Missing character: There is no 我 ("6211) in font nullfont!
Missing character: There is no 们 ("4EEC) in font nullfont!
Missing character: There is no 还 ("8FD8) in font nullfont!
Missing character: There is no 是 ("662F) in font nullfont!
Missing character: There is no 采 ("91C7) in font nullfont!
Missing character: There is no 用 ("7528) in font nullfont!
Missing character: There is no 了 ("4E86) in font nullfont!
Missing character: There is no 把 ("628A) in font nullfont!
Missing character: There is no 元 ("5143) in font nullfont!
Missing character: There is no 件 ("4EF6) in font nullfont!
Missing character: There is no 加 ("52A0) in font nullfont!
Missing character: There is no 多 ("591A) in font nullfont!
Missing character: There is no 的 ("7684) in font nullfont!
Missing character: There is no 原 ("539F) in font nullfont!
Missing character: There is no 理 ("7406) in font nullfont!
Missing character: There is no 。 ("3002) in font nullfont!
Missing character: There is no 但 ("4F46) in font nullfont!
Missing character: There is no 是 ("662F) in font nullfont!
Missing character: There is no 我 ("6211) in font nullfont!
Missing character: There is no 们 ("4EEC) in font nullfont!
Missing character: There is no 在 ("5728) in font nullfont!
Missing character: There is no 这 ("8FD9) in font nullfont!
Missing character: There is no 一 ("4E00) in font nullfont!
Missing character: There is no 节 ("8282) in font nullfont!
Missing character: There is no 里 ("91CC) in font nullfont!
Missing character: There is no 的 ("7684) in font nullfont!
Missing character: There is no 分 ("5206) in font nullfont!
Missing character: There is no 析 ("6790) in font nullfont!
Missing character: There is no ， ("FF0C) in font nullfont!
Missing character: There is no 给 ("7ED9) in font nullfont!
Missing character: There is no 出 ("51FA) in font nullfont!
Missing character: There is no 怎 ("600E) in font nullfont!
Missing character: There is no 样 ("6837) in font nullfont!
Missing character: There is no 把 ("628A) in font nullfont!
Missing character: There is no 这 ("8FD9) in font nullfont!
Missing character: There is no 些 ("4E9B) in font nullfont!
Missing character: There is no 元 ("5143) in font nullfont!
Missing character: There is no 件 ("4EF6) in font nullfont!
Missing character: There is no 组 ("7EC4) in font nullfont!
Missing character: There is no 合 ("5408) in font nullfont!
Missing character: There is no 起 ("8D77) in font nullfont!
Missing character: There is no 来 ("6765) in font nullfont!
Missing character: There is no 的 ("7684) in font nullfont!
Missing character: There is no 办 ("529E) in font nullfont!
Missing character: There is no 法 ("6CD5) in font nullfont!
Missing character: There is no 。 ("3002) in font nullfont!
Missing character: There is no 冯 ("51AF) in font nullfont!
Missing character: There is no · ("B7) in font nullfont!
Missing character: There is no 诺 ("8BFA) in font nullfont!
Missing character: There is no 伊 ("4F0A) in font nullfont!
Missing character: There is no 曼 ("66FC) in font nullfont!
Missing character: There is no 把 ("628A) in font nullfont!
Missing character: There is no 这 ("8FD9) in font nullfont!
Missing character: There is no 种 ("79CD) in font nullfont!
Missing character: There is no 用 ("7528) in font nullfont!
Missing character: There is no 许 ("8BB8) in font nullfont!
Missing character: There is no 多 ("591A) in font nullfont!
Missing character: There is no 不 ("4E0D) in font nullfont!
Missing character: There is no 可 ("53EF) in font nullfont!
Missing character: There is no 靠 ("9760) in font nullfont!
Missing character: There is no 的 ("7684) in font nullfont!
Missing character: There is no 元 ("5143) in font nullfont!
Missing character: There is no 件 ("4EF6) in font nullfont!
Missing character: There is no 组 ("7EC4) in font nullfont!
Missing character: There is no 合 ("5408) in font nullfont!
Missing character: There is no 成 ("6210) in font nullfont!
Missing character: There is no 一 ("4E00) in font nullfont!
Missing character: There is no 个 ("4E2A) in font nullfont!
Missing character: There is no 非 ("975E) in font nullfont!
Missing character: There is no 常 ("5E38) in font nullfont!
Missing character: There is no 可 ("53EF) in font nullfont!
Missing character: There is no 靠 ("9760) in font nullfont!
Missing character: There is no 的 ("7684) in font nullfont!
Missing character: There is no 系 ("7CFB) in font nullfont!
Missing character: There is no 统 ("7EDF) in font nullfont!
Missing character: There is no 的 ("7684) in font nullfont!
Missing character: There is no 特 ("7279) in font nullfont!
Missing character: There is no 殊 ("6B8A) in font nullfont!
Missing character: There is no 方 ("65B9) in font nullfont!
Missing character: There is no 法 ("6CD5) in font nullfont!
Missing character: There is no ， ("FF0C) in font nullfont!
Missing character: There is no 叫 ("53EB) in font nullfont!
Missing character: There is no 做 ("505A) in font nullfont!
Missing character: There is no “ ("201C) in font nullfont!
Missing character: There is no 复 ("590D) in font nullfont!
Missing character: There is no 合 ("5408) in font nullfont!
Missing character: There is no 方 ("65B9) in font nullfont!
Missing character: There is no 法 ("6CD5) in font nullfont!
Missing character: There is no ” ("201D) in font nullfont!
Missing character: There is no 。 ("3002) in font nullfont!
Missing character: There is no 整 ("6574) in font nullfont!
Missing character: There is no 个 ("4E2A) in font nullfont!
Missing character: There is no 系 ("7CFB) in font nullfont!
Missing character: There is no 统 ("7EDF) in font nullfont!
Missing character: There is no 就 ("5C31) in font nullfont!
Missing character: There is no 称 ("79F0) in font nullfont!
Missing character: There is no 为 ("4E3A) in font nullfont!
Missing character: There is no “ ("201C) in font nullfont!
Missing character: There is no 复 ("590D) in font nullfont!
Missing character: There is no 合 ("5408) in font nullfont!
Missing character: There is no 系 ("7CFB) in font nullfont!
Missing character: There is no 统 ("7EDF) in font nullfont!
Missing character: There is no ” ("201D) in font nullfont!
Missing character: There is no 。 ("3002) in font nullfont!

Overfull \hbox (20.0pt too wide) in paragraph at lines 115--116
[]
 []


Overfull \hbox (6.00235pt too wide) in paragraph at lines 115--116
\OML/cmm/m/it/10 n$
 []


Overfull \hbox (10.86pt too wide) in paragraph at lines 115--116
[]
 []


Overfull \hbox (6.00235pt too wide) in paragraph at lines 115--116
\OML/cmm/m/it/10 n$
 []


Overfull \hbox (11.00237pt too wide) in paragraph at lines 115--116
\OT1/cmr/m/n/10 3\OML/cmm/m/it/10 n$
 []


Overfull \hbox (4.8229pt too wide) in paragraph at lines 115--116
\OML/cmm/m/it/10 ^^N$
 []


Overfull \hbox (6.00235pt too wide) in paragraph at lines 115--116
\OML/cmm/m/it/10 n$
 []

! Undefined control sequence.
l.117 \section
              {执行机构中的误差}
The control sequence at the end of the top line
of your error message was never \def'ed. If you have
misspelled it (e.g., `\hobx'), type `I' and the correct
spelling (e.g., `I\hbox'). Otherwise just continue,
and I'll forget about whatever was undefined.


! LaTeX Error: Missing \begin{document}.

See the LaTeX manual or LaTeX Companion for explanation.
Type  H <return>  for immediate help.
 ...                                              
                                                  
l.117 \section{执
                行机构中的误差}
You're in trouble here.  Try typing  <return>  to proceed.
If that doesn't work, type  X <return>  to quit.

Missing character: There is no 执 ("6267) in font nullfont!
Missing character: There is no 行 ("884C) in font nullfont!
Missing character: There is no 机 ("673A) in font nullfont!
Missing character: There is no 构 ("6784) in font nullfont!
Missing character: There is no 中 ("4E2D) in font nullfont!
Missing character: There is no 的 ("7684) in font nullfont!
Missing character: There is no 误 ("8BEF) in font nullfont!
Missing character: There is no 差 ("5DEE) in font nullfont!

Overfull \hbox (20.0pt too wide) in paragraph at lines 117--118
[] 
 []


! LaTeX Error: Missing \begin{document}.

See the LaTeX manual or LaTeX Companion for explanation.
Type  H <return>  for immediate help.
 ...                                              
                                                  
l.119 现
       在我们来计算由谢弗元件组合起来的复合系统的误差，具体的组合情况上一节已经叙述过了。现在我们来证明误差的确受到了控制。首先，我们看到，在执行...

You're in trouble here.  Try typing  <return>  to proceed.
If that doesn't work, type  X <return>  to quit.

Missing character: There is no 现 ("73B0) in font nullfont!
Missing character: There is no 在 ("5728) in font nullfont!
Missing character: There is no 我 ("6211) in font nullfont!
Missing character: There is no 们 ("4EEC) in font nullfont!
Missing character: There is no 来 ("6765) in font nullfont!
Missing character: There is no 计 ("8BA1) in font nullfont!
Missing character: There is no 算 ("7B97) in font nullfont!
Missing character: There is no 由 ("7531) in font nullfont!
Missing character: There is no 谢 ("8C22) in font nullfont!
Missing character: There is no 弗 ("5F17) in font nullfont!
Missing character: There is no 元 ("5143) in font nullfont!
Missing character: There is no 件 ("4EF6) in font nullfont!
Missing character: There is no 组 ("7EC4) in font nullfont!
Missing character: There is no 合 ("5408) in font nullfont!
Missing character: There is no 起 ("8D77) in font nullfont!
Missing character: There is no 来 ("6765) in font nullfont!
Missing character: There is no 的 ("7684) in font nullfont!
Missing character: There is no 复 ("590D) in font nullfont!
Missing character: There is no 合 ("5408) in font nullfont!
Missing character: There is no 系 ("7CFB) in font nullfont!
Missing character: There is no 统 ("7EDF) in font nullfont!
Missing character: There is no 的 ("7684) in font nullfont!
Missing character: There is no 误 ("8BEF) in font nullfont!
Missing character: There is no 差 ("5DEE) in font nullfont!
Missing character: There is no ， ("FF0C) in font nullfont!
Missing character: There is no 具 ("5177) in font nullfont!
Missing character: There is no 体 ("4F53) in font nullfont!
Missing character: There is no 的 ("7684) in font nullfont!
Missing character: There is no 组 ("7EC4) in font nullfont!
Missing character: There is no 合 ("5408) in font nullfont!
Missing character: There is no 情 ("60C5) in font nullfont!
Missing character: There is no 况 ("51B5) in font nullfont!
Missing character: There is no 上 ("4E0A) in font nullfont!
Missing character: There is no 一 ("4E00) in font nullfont!
Missing character: There is no 节 ("8282) in font nullfont!
Missing character: There is no 已 ("5DF2) in font nullfont!
Missing character: There is no 经 ("7ECF) in font nullfont!
Missing character: There is no 叙 ("53D9) in font nullfont!
Missing character: There is no 述 ("8FF0) in font nullfont!
Missing character: There is no 过 ("8FC7) in font nullfont!
Missing character: There is no 了 ("4E86) in font nullfont!
Missing character: There is no 。 ("3002) in font nullfont!
Missing character: There is no 现 ("73B0) in font nullfont!
Missing character: There is no 在 ("5728) in font nullfont!
Missing character: There is no 我 ("6211) in font nullfont!
Missing character: There is no 们 ("4EEC) in font nullfont!
Missing character: There is no 来 ("6765) in font nullfont!
Missing character: There is no 证 ("8BC1) in font nullfont!
Missing character: There is no 明 ("660E) in font nullfont!
Missing character: There is no 误 ("8BEF) in font nullfont!
Missing character: There is no 差 ("5DEE) in font nullfont!
Missing character: There is no 的 ("7684) in font nullfont!
Missing character: There is no 确 ("786E) in font nullfont!
Missing character: There is no 受 ("53D7) in font nullfont!
Missing character: There is no 到 ("5230) in font nullfont!
Missing character: There is no 了 ("4E86) in font nullfont!
Missing character: There is no 控 ("63A7) in font nullfont!
Missing character: There is no 制 ("5236) in font nullfont!
Missing character: There is no 。 ("3002) in font nullfont!
Missing character: There is no 首 ("9996) in font nullfont!
Missing character: There is no 先 ("5148) in font nullfont!
Missing character: There is no ， ("FF0C) in font nullfont!
Missing character: There is no 我 ("6211) in font nullfont!
Missing character: There is no 们 ("4EEC) in font nullfont!
Missing character: There is no 看 ("770B) in font nullfont!
Missing character: There is no 到 ("5230) in font nullfont!
Missing character: There is no ， ("FF0C) in font nullfont!
Missing character: There is no 在 ("5728) in font nullfont!
Missing character: There is no 执 ("6267) in font nullfont!
Missing character: There is no 行 ("884C) in font nullfont!
Missing character: There is no 机 ("673A) in font nullfont!
Missing character: There is no 构 ("6784) in font nullfont!
Missing character: There is no 或 ("6216) in font nullfont!
Missing character: There is no 者 ("8005) in font nullfont!
Missing character: There is no 复 ("590D) in font nullfont!
Missing character: There is no 原 ("539F) in font nullfont!
Missing character: There is no 机 ("673A) in font nullfont!
Missing character: There is no 构 ("6784) in font nullfont!
Missing character: There is no 中 ("4E2D) in font nullfont!
Missing character: There is no ， ("FF0C) in font nullfont!
Missing character: There is no 误 ("8BEF) in font nullfont!
Missing character: There is no 差 ("5DEE) in font nullfont!
Missing character: There is no 的 ("7684) in font nullfont!
Missing character: There is no 直 ("76F4) in font nullfont!
Missing character: There is no 接 ("63A5) in font nullfont!
Missing character: There is no 来 ("6765) in font nullfont!
Missing character: There is no 源 ("6E90) in font nullfont!
Missing character: There is no 是 ("662F) in font nullfont!
Missing character: There is no 每 ("6BCF) in font nullfont!
Missing character: There is no 一 ("4E00) in font nullfont!
Missing character: There is no 个 ("4E2A) in font nullfont!
Missing character: There is no 谢 ("8C22) in font nullfont!
Missing character: There is no 弗 ("5F17) in font nullfont!
Missing character: There is no 元 ("5143) in font nullfont!
Missing character: There is no 件 ("4EF6) in font nullfont!
Missing character: There is no 本 ("672C) in font nullfont!
Missing character: There is no 身 ("8EAB) in font nullfont!
Missing character: There is no 。 ("3002) in font nullfont!
Missing character: There is no 假 ("5047) in font nullfont!
Missing character: There is no 设 ("8BBE) in font nullfont!
Missing character: There is no 每 ("6BCF) in font nullfont!
Missing character: There is no 个 ("4E2A) in font nullfont!
Missing character: There is no 谢 ("8C22) in font nullfont!
Missing character: There is no 弗 ("5F17) in font nullfont!
Missing character: There is no 元 ("5143) in font nullfont!
Missing character: There is no 件 ("4EF6) in font nullfont!
Missing character: There is no 发 ("53D1) in font nullfont!
Missing character: There is no 生 ("751F) in font nullfont!
Missing character: There is no 错 ("9519) in font nullfont!
Missing character: There is no 误 ("8BEF) in font nullfont!
Missing character: There is no 的 ("7684) in font nullfont!
Missing character: There is no 概 ("6982) in font nullfont!
Missing character: There is no 率 ("7387) in font nullfont!
Missing character: There is no 是 ("662F) in font nullfont!
Missing character: There is no 。 ("3002) in font nullfont!
Missing character: There is no 假 ("5047) in font nullfont!
Missing character: There is no 设 ("8BBE) in font nullfont!
Missing character: There is no 有 ("6709) in font nullfont!
Missing character: There is no 个 ("4E2A) in font nullfont!
Missing character: There is no 并 ("5E76) in font nullfont!
Missing character: There is no 联 ("8054) in font nullfont!
Missing character: There is no 的 ("7684) in font nullfont!
Missing character: There is no 谢 ("8C22) in font nullfont!
Missing character: There is no 弗 ("5F17) in font nullfont!
Missing character: There is no 元 ("5143) in font nullfont!
Missing character: There is no 件 ("4EF6) in font nullfont!
Missing character: There is no ， ("FF0C) in font nullfont!
Missing character: There is no 并 ("5E76) in font nullfont!
Missing character: There is no 且 ("4E14) in font nullfont!
Missing character: There is no 它 ("5B83) in font nullfont!
Missing character: There is no 们 ("4EEC) in font nullfont!
Missing character: There is no 的 ("7684) in font nullfont!
Missing character: There is no 运 ("8FD0) in font nullfont!
Missing character: There is no 转 ("8F6C) in font nullfont!
Missing character: There is no 相 ("76F8) in font nullfont!
Missing character: There is no 互 ("4E92) in font nullfont!
Missing character: There is no 无 ("65E0) in font nullfont!
Missing character: There is no 关 ("5173) in font nullfont!
Missing character: There is no ， ("FF0C) in font nullfont!
Missing character: There is no 因 ("56E0) in font nullfont!
Missing character: There is no 而 ("800C) in font nullfont!
Missing character: There is no 系 ("7CFB) in font nullfont!
Missing character: There is no 统 ("7EDF) in font nullfont!
Missing character: There is no 中 ("4E2D) in font nullfont!
Missing character: There is no 元 ("5143) in font nullfont!
Missing character: There is no 件 ("4EF6) in font nullfont!
Missing character: There is no 失 ("5931) in font nullfont!
Missing character: There is no 效 ("6548) in font nullfont!
Missing character: There is no 的 ("7684) in font nullfont!
Missing character: There is no 概 ("6982) in font nullfont!
Missing character: There is no 率 ("7387) in font nullfont!
Missing character: There is no 仍 ("4ECD) in font nullfont!
Missing character: There is no 然 ("7136) in font nullfont!
Missing character: There is no 是 ("662F) in font nullfont!
Missing character: There is no 。 ("3002) in font nullfont!
Missing character: There is no 所 ("6240) in font nullfont!
Missing character: There is no 以 ("4EE5) in font nullfont!
Missing character: There is no 在 ("5728) in font nullfont!
Missing character: There is no 个 ("4E2A) in font nullfont!
Missing character: There is no 元 ("5143) in font nullfont!
Missing character: There is no 件 ("4EF6) in font nullfont!
Missing character: There is no 中 ("4E2D) in font nullfont!
Missing character: There is no ， ("FF0C) in font nullfont!
Missing character: There is no 平 ("5E73) in font nullfont!
Missing character: There is no 均 ("5747) in font nullfont!
Missing character: There is no 有 ("6709) in font nullfont!
Missing character: There is no 个 ("4E2A) in font nullfont!
Missing character: There is no 会 ("4F1A) in font nullfont!
Missing character: There is no 发 ("53D1) in font nullfont!
Missing character: There is no 生 ("751F) in font nullfont!
Missing character: There is no 错 ("9519) in font nullfont!
Missing character: There is no 误 ("8BEF) in font nullfont!
Missing character: There is no ， ("FF0C) in font nullfont!
Missing character: There is no 这 ("8FD9) in font nullfont!
Missing character: There is no 个 ("4E2A) in font nullfont!
Missing character: There is no 数 ("6570) in font nullfont!
Missing character: There is no 目 ("76EE) in font nullfont!
Missing character: There is no 也 ("4E5F) in font nullfont!
Missing character: There is no 是 ("662F) in font nullfont!
Missing character: There is no 个 ("4E2A) in font nullfont!
Missing character: There is no 并 ("5E76) in font nullfont!
Missing character: There is no 联 ("8054) in font nullfont!
Missing character: There is no 起 ("8D77) in font nullfont!
Missing character: There is no 来 ("6765) in font nullfont!
Missing character: There is no 的 ("7684) in font nullfont!
Missing character: There is no 元 ("5143) in font nullfont!
Missing character: There is no 件 ("4EF6) in font nullfont!
Missing character: There is no 中 ("4E2D) in font nullfont!
Missing character: There is no ， ("FF0C) in font nullfont!
Missing character: There is no 最 ("6700) in font nullfont!
Missing character: There is no 可 ("53EF) in font nullfont!
Missing character: There is no 能 ("80FD) in font nullfont!
Missing character: There is no 发 ("53D1) in font nullfont!
Missing character: There is no 生 ("751F) in font nullfont!
Missing character: There is no 错 ("9519) in font nullfont!
Missing character: There is no 误 ("8BEF) in font nullfont!
Missing character: There is no 的 ("7684) in font nullfont!
Missing character: There is no 数 ("6570) in font nullfont!
Missing character: There is no 目 ("76EE) in font nullfont!
Missing character: There is no ， ("FF0C) in font nullfont!
Missing character: There is no 其 ("5176) in font nullfont!
Missing character: There is no 他 ("4ED6) in font nullfont!
Missing character: There is no 数 ("6570) in font nullfont!
Missing character: There is no 目 ("76EE) in font nullfont!
Missing character: There is no 的 ("7684) in font nullfont!
Missing character: There is no 元 ("5143) in font nullfont!
Missing character: There is no 件 ("4EF6) in font nullfont!
Missing character: There is no 发 ("53D1) in font nullfont!
Missing character: There is no 生 ("751F) in font nullfont!
Missing character: There is no 错 ("9519) in font nullfont!
Missing character: There is no 误 ("8BEF) in font nullfont!
Missing character: There is no 的 ("7684) in font nullfont!
Missing character: There is no 概 ("6982) in font nullfont!
Missing character: There is no 率 ("7387) in font nullfont!
Missing character: There is no 比 ("6BD4) in font nullfont!
Missing character: There is no 较 ("8F83) in font nullfont!
Missing character: There is no 小 ("5C0F) in font nullfont!
Missing character: There is no 。 ("3002) in font nullfont!
Missing character: There is no 实 ("5B9E) in font nullfont!
Missing character: There is no 际 ("9645) in font nullfont!
Missing character: There is no 上 ("4E0A) in font nullfont!
Missing character: There is no ， ("FF0C) in font nullfont!
Missing character: There is no 由 ("7531) in font nullfont!
Missing character: There is no 个 ("4E2A) in font nullfont!
Missing character: There is no 元 ("5143) in font nullfont!
Missing character: There is no 件 ("4EF6) in font nullfont!
Missing character: There is no 并 ("5E76) in font nullfont!
Missing character: There is no 联 ("8054) in font nullfont!
Missing character: There is no 而 ("800C) in font nullfont!
Missing character: There is no 成 ("6210) in font nullfont!
Missing character: There is no 的 ("7684) in font nullfont!
Missing character: There is no 系 ("7CFB) in font nullfont!
Missing character: There is no 统 ("7EDF) in font nullfont!
Missing character: There is no 中 ("4E2D) in font nullfont!
Missing character: There is no ， ("FF0C) in font nullfont!
Missing character: There is no 如 ("5982) in font nullfont!
Missing character: There is no 果 ("679C) in font nullfont!
Missing character: There is no 每 ("6BCF) in font nullfont!
Missing character: There is no 个 ("4E2A) in font nullfont!
Missing character: There is no 元 ("5143) in font nullfont!
Missing character: There is no 件 ("4EF6) in font nullfont!
Missing character: There is no 失 ("5931) in font nullfont!
Missing character: There is no 效 ("6548) in font nullfont!
Missing character: There is no 的 ("7684) in font nullfont!
Missing character: There is no 概 ("6982) in font nullfont!
Missing character: There is no 率 ("7387) in font nullfont!
Missing character: There is no 等 ("7B49) in font nullfont!
Missing character: There is no 于 ("4E8E) in font nullfont!
Missing character: There is no ， ("FF0C) in font nullfont!
Missing character: There is no 那 ("90A3) in font nullfont!
Missing character: There is no 么 ("4E48) in font nullfont!
Missing character: There is no ， ("FF0C) in font nullfont!
Missing character: There is no 决 ("51B3) in font nullfont!
Missing character: There is no 定 ("5B9A) in font nullfont!
Missing character: There is no 有 ("6709) in font nullfont!
Missing character: There is no 个 ("4E2A) in font nullfont!
Missing character: There is no 元 ("5143) in font nullfont!
Missing character: There is no 件 ("4EF6) in font nullfont!
Missing character: There is no 发 ("53D1) in font nullfont!
Missing character: There is no 生 ("751F) in font nullfont!
Missing character: There is no 错 ("9519) in font nullfont!
Missing character: There is no 误 ("8BEF) in font nullfont!
Missing character: There is no 的 ("7684) in font nullfont!
Missing character: There is no 概 ("6982) in font nullfont!
Missing character: There is no 率 ("7387) in font nullfont!
Missing character: There is no 这 ("8FD9) in font nullfont!
Missing character: There is no 种 ("79CD) in font nullfont!
Missing character: There is no 问 ("95EE) in font nullfont!
Missing character: There is no 题 ("9898) in font nullfont!
Missing character: There is no 是 ("662F) in font nullfont!
Missing character: There is no 随 ("968F) in font nullfont!
Missing character: There is no 机 ("673A) in font nullfont!
Missing character: There is no 采 ("91C7) in font nullfont!
Missing character: There is no 样 ("6837) in font nullfont!
Missing character: There is no 的 ("7684) in font nullfont!
Missing character: There is no 古 ("53E4) in font nullfont!
Missing character: There is no 典 ("5178) in font nullfont!
Missing character: There is no 问 ("95EE) in font nullfont!
Missing character: There is no 题 ("9898) in font nullfont!
Missing character: There is no 。 ("3002) in font nullfont!
Missing character: There is no 当 ("5F53) in font nullfont!
Missing character: There is no 很 ("5F88) in font nullfont!
Missing character: There is no 大 ("5927) in font nullfont!
Missing character: There is no 的 ("7684) in font nullfont!
Missing character: There is no 时 ("65F6) in font nullfont!
Missing character: There is no 候 ("5019) in font nullfont!
Missing character: There is no ， ("FF0C) in font nullfont!
Missing character: There is no 已 ("5DF2) in font nullfont!
Missing character: There is no 经 ("7ECF) in font nullfont!
Missing character: There is no 知 ("77E5) in font nullfont!
Missing character: There is no 道 ("9053) in font nullfont!
! Undefined control sequence.
\@footnotetext ...tins {\reset@font \footnotesize 
                                                  \interlinepenalty \interfo...
l.119 ...strand Company. Inc. , New York, (1943)。}
                                                  
The control sequence at the end of the top line
of your error message was never \def'ed. If you have
misspelled it (e.g., `\hobx'), type `I' and the correct
spelling (e.g., `I\hbox'). Otherwise just continue,
and I'll forget about whatever was undefined.

! Undefined control sequence.
\@footnotetext ...}\color@begingroup \@makefntext 
                                                  {\rule \z@ \footnotesep \i...
l.119 ...strand Company. Inc. , New York, (1943)。}
                                                  
The control sequence at the end of the top line
of your error message was never \def'ed. If you have
misspelled it (e.g., `\hobx'), type `I' and the correct
spelling (e.g., `I\hbox'). Otherwise just continue,
and I'll forget about whatever was undefined.

Missing character: There is no 可 (U+53EF) in font [lmroman10-regular]:mapping=t
ex-text;!
Missing character: There is no 以 (U+4EE5) in font [lmroman10-regular]:mapping=t
ex-text;!
Missing character: There is no 参 (U+53C2) in font [lmroman10-regular]:mapping=t
ex-text;!
Missing character: There is no 阅 (U+9605) in font [lmroman10-regular]:mapping=t
ex-text;!
Missing character: There is no 。 (U+3002) in font [lmroman10-regular]:mapping=t
ex-text;!

Overfull \hbox (11.2pt too wide) in paragraph at lines 119--119
[][]\TU/lmr/m/n/10 可以参阅
 []


Overfull \hbox (10.28pt too wide) in paragraph at lines 119--119
\TU/lmr/m/n/10 H.
 []


Overfull \hbox (21.42pt too wide) in paragraph at lines 119--119
\TU/lmr/m/n/10 Mar-
 []


Overfull \hbox (12.77pt too wide) in paragraph at lines 119--119
\TU/lmr/m/n/10 ge-
 []


Overfull \hbox (16.12pt too wide) in paragraph at lines 119--119
\TU/lmr/m/n/10 nau
 []


Overfull \hbox (16.12pt too wide) in paragraph at lines 119--119
\TU/lmr/m/n/10 and
 []


Overfull \hbox (10.63pt too wide) in paragraph at lines 119--119
\TU/lmr/m/n/10 G.
 []


Overfull \hbox (11.95pt too wide) in paragraph at lines 119--119
\TU/lmr/m/n/10 M.
 []


Overfull \hbox (21.98pt too wide) in paragraph at lines 119--119
\TU/lmr/m/n/10 Mur-
 []


Overfull \hbox (18.07pt too wide) in paragraph at lines 119--119
\TU/lmr/m/n/10 phy,
 []


Overfull \hbox (16.87pt too wide) in paragraph at lines 119--119
\TU/lmr/m/it/10 The
 []


Overfull \hbox (26.09pt too wide) in paragraph at lines 119--119
\TU/lmr/m/it/10 Math-
 []


Overfull \hbox (8.18001pt too wide) in paragraph at lines 119--119
\TU/lmr/m/it/10 e-
 []


Overfull \hbox (20.19pt too wide) in paragraph at lines 119--119
\TU/lmr/m/it/10 mat-
 []


Overfull \hbox (11.76pt too wide) in paragraph at lines 119--119
\TU/lmr/m/it/10 ics
 []


Overfull \hbox (8.18001pt too wide) in paragraph at lines 119--119
\TU/lmr/m/it/10 of
 []


Overfull \hbox (32.6pt too wide) in paragraph at lines 119--119
\TU/lmr/m/it/10 Physics
 []


Overfull \hbox (15.84pt too wide) in paragraph at lines 119--119
\TU/lmr/m/it/10 and
 []


Overfull \hbox (28.63pt too wide) in paragraph at lines 119--119
\TU/lmr/m/it/10 Chem-
 []


Overfull \hbox (22.34pt too wide) in paragraph at lines 119--119
\TU/lmr/m/it/10 istry\TU/lmr/m/n/10 ,
 []


Overfull \hbox (26.12pt too wide) in paragraph at lines 119--119
\TU/lmr/m/n/10 p.422.
 []


Overfull \hbox (10.42pt too wide) in paragraph at lines 119--119
\TU/lmr/m/n/10 D.
 []


Overfull \hbox (17.23pt too wide) in paragraph at lines 119--119
\TU/lmr/m/n/10 Van
 []


Overfull \hbox (44.29001pt too wide) in paragraph at lines 119--119
\TU/lmr/m/n/10 Norstrand
 []


Overfull \hbox (23.88pt too wide) in paragraph at lines 119--119
\TU/lmr/m/n/10 Com-
 []


Overfull \hbox (23.07pt too wide) in paragraph at lines 119--119
\TU/lmr/m/n/10 pany.
 []


Overfull \hbox (16.39pt too wide) in paragraph at lines 119--119
\TU/lmr/m/n/10 Inc.
 []


Overfull \hbox (2.78pt too wide) in paragraph at lines 119--119
\TU/lmr/m/n/10 ,
 []


Overfull \hbox (19.16pt too wide) in paragraph at lines 119--119
\TU/lmr/m/n/10 New
 []


Overfull \hbox (23.65pt too wide) in paragraph at lines 119--119
\TU/lmr/m/n/10 York,
 []


Overfull \hbox (30.58pt too wide) in paragraph at lines 119--119
\TU/lmr/m/n/10 (1943)。| 
 []


Overfull \hbox (20.0pt too wide) in paragraph at lines 119--120
[]
 []


Overfull \hbox (4.66318pt too wide) in paragraph at lines 119--120
\OML/cmm/m/it/10 "$
 []


Overfull \hbox (4.78937pt too wide) in paragraph at lines 119--120
\OML/cmm/m/it/10 r$
 []


Overfull \hbox (4.66318pt too wide) in paragraph at lines 119--120
\OML/cmm/m/it/10 "$
 []


Overfull \hbox (4.78937pt too wide) in paragraph at lines 119--120
\OML/cmm/m/it/10 r$
 []


Overfull \hbox (9.45255pt too wide) in paragraph at lines 119--120
\OML/cmm/m/it/10 "r$
 []


Overfull \hbox (4.78937pt too wide) in paragraph at lines 119--120
\OML/cmm/m/it/10 r$
 []


Overfull \hbox (4.78937pt too wide) in paragraph at lines 119--120
\OML/cmm/m/it/10 r$
 []


Overfull \hbox (4.66318pt too wide) in paragraph at lines 119--120
\OML/cmm/m/it/10 "$
 []


Overfull \hbox (5.17015pt too wide) in paragraph at lines 119--120
\OML/cmm/m/it/10 ^^Z$
 []


Overfull \hbox (40.8067pt too wide) in paragraph at lines 119--120
\OML/cmm/m/it/10 p[]\OT1/cmr/m/n/10 (\OML/cmm/m/it/10 ^^Z; "; r\OT1/cmr/m/n/10 
)$
 []


Overfull \hbox (4.78937pt too wide) in paragraph at lines 119--120
\OML/cmm/m/it/10 r$
 []


Overfull \hbox (4.483pt too wide) in paragraph at lines 119--120
[] 
 []

Missing character: There is no 。 ("3002) in font cmr10!

Overfull \hbox (169.71524pt too wide) detected at line 123
\OML/cmm/m/it/10 p[]\OT1/cmr/m/n/10 (\OML/cmm/m/it/10 ^^Z; "; r\OT1/cmr/m/n/10 
) \OMS/cmsy/m/n/10 ^^Y []\OT1/cmr/m/n/10 e[][]
 []

Missing character: There is no 所 ("6240) in font nullfont!
Missing character: There is no 以 ("4EE5) in font nullfont!
Missing character: There is no 概 ("6982) in font nullfont!
Missing character: There is no 率 ("7387) in font nullfont!
Missing character: There is no 分 ("5206) in font nullfont!
Missing character: There is no 布 ("5E03) in font nullfont!
Missing character: There is no 是 ("662F) in font nullfont!
Missing character: There is no 按 ("6309) in font nullfont!
Missing character: There is no 平 ("5E73) in font nullfont!
Missing character: There is no 均 ("5747) in font nullfont!
Missing character: There is no 值 ("503C) in font nullfont!
Missing character: There is no 等 ("7B49) in font nullfont!
Missing character: There is no 于 ("4E8E) in font nullfont!
Missing character: There is no 而 ("800C) in font nullfont!
Missing character: There is no 方 ("65B9) in font nullfont!
Missing character: There is no 差 ("5DEE) in font nullfont!
Missing character: There is no 等 ("7B49) in font nullfont!
Missing character: There is no 于 ("4E8E) in font nullfont!
Missing character: There is no 的 ("7684) in font nullfont!
Missing character: There is no 正 ("6B63) in font nullfont!
Missing character: There is no 态 ("6001) in font nullfont!
Missing character: There is no 分 ("5206) in font nullfont!
Missing character: There is no 布 ("5E03) in font nullfont!
Missing character: There is no 。 ("3002) in font nullfont!

Overfull \hbox (40.8067pt too wide) in paragraph at lines 123--125
 $\OML/cmm/m/it/10 p[]\OT1/cmr/m/n/10 (\OML/cmm/m/it/10 ^^Z; "; r\OT1/cmr/m/n/1
0 )$
 []


Overfull \hbox (9.45255pt too wide) in paragraph at lines 123--125
\OML/cmm/m/it/10 "r$
 []


Overfull \hbox (21.3299pt too wide) in paragraph at lines 123--125
\OML/cmm/m/it/10 "\OT1/cmr/m/n/10 (1 \OMS/cmsy/m/n/10 ^^@
 []


Overfull \hbox (13.34145pt too wide) in paragraph at lines 123--125
\OML/cmm/m/it/10 "\OT1/cmr/m/n/10 )\OML/cmm/m/it/10 r$
 []


! LaTeX Error: Missing \begin{document}.

See the LaTeX manual or LaTeX Companion for explanation.
Type  H <return>  for immediate help.
 ...                                              
                                                  
l.126 执
       行机构中，误差的另外一个来源等于从输入线束到各个谢弗元件的那些线配置不当而产生。例如，图\ref{fig:18_7}的输入线束 $a$ 中...

You're in trouble here.  Try typing  <return>  to proceed.
If that doesn't work, type  X <return>  to quit.

Missing character: There is no 执 ("6267) in font nullfont!
Missing character: There is no 行 ("884C) in font nullfont!
Missing character: There is no 机 ("673A) in font nullfont!
Missing character: There is no 构 ("6784) in font nullfont!
Missing character: There is no 中 ("4E2D) in font nullfont!
Missing character: There is no ， ("FF0C) in font nullfont!
Missing character: There is no 误 ("8BEF) in font nullfont!
Missing character: There is no 差 ("5DEE) in font nullfont!
Missing character: There is no 的 ("7684) in font nullfont!
Missing character: There is no 另 ("53E6) in font nullfont!
Missing character: There is no 外 ("5916) in font nullfont!
Missing character: There is no 一 ("4E00) in font nullfont!
Missing character: There is no 个 ("4E2A) in font nullfont!
Missing character: There is no 来 ("6765) in font nullfont!
Missing character: There is no 源 ("6E90) in font nullfont!
Missing character: There is no 等 ("7B49) in font nullfont!
Missing character: There is no 于 ("4E8E) in font nullfont!
Missing character: There is no 从 ("4ECE) in font nullfont!
Missing character: There is no 输 ("8F93) in font nullfont!
Missing character: There is no 入 ("5165) in font nullfont!
Missing character: There is no 线 ("7EBF) in font nullfont!
Missing character: There is no 束 ("675F) in font nullfont!
Missing character: There is no 到 ("5230) in font nullfont!
Missing character: There is no 各 ("5404) in font nullfont!
Missing character: There is no 个 ("4E2A) in font nullfont!
Missing character: There is no 谢 ("8C22) in font nullfont!
Missing character: There is no 弗 ("5F17) in font nullfont!
Missing character: There is no 元 ("5143) in font nullfont!
Missing character: There is no 件 ("4EF6) in font nullfont!
Missing character: There is no 的 ("7684) in font nullfont!
Missing character: There is no 那 ("90A3) in font nullfont!
Missing character: There is no 些 ("4E9B) in font nullfont!
Missing character: There is no 线 ("7EBF) in font nullfont!
Missing character: There is no 配 ("914D) in font nullfont!
Missing character: There is no 置 ("7F6E) in font nullfont!
Missing character: There is no 不 ("4E0D) in font nullfont!
Missing character: There is no 当 ("5F53) in font nullfont!
Missing character: There is no 而 ("800C) in font nullfont!
Missing character: There is no 产 ("4EA7) in font nullfont!
Missing character: There is no 生 ("751F) in font nullfont!
Missing character: There is no 。 ("3002) in font nullfont!
Missing character: There is no 例 ("4F8B) in font nullfont!
Missing character: There is no 如 ("5982) in font nullfont!
Missing character: There is no ， ("FF0C) in font nullfont!
Missing character: There is no 图 ("56FE) in font nullfont!
! Undefined control sequence.
<write> ... Reference `fig:18_7' on page \thepage 
                                                  \space undefined\on@line .^^J
l.126 ...输入线束到各个谢弗元件的那些线配置不当而产生。例如，图\ref{fig:18_7}
                                                  的输入线束 $a$ 中，如果激发线的百分数等于 $\...
The control sequence at the end of the top line
of your error message was never \def'ed. If you have
misspelled it (e.g., `\hobx'), type `I' and the correct
spelling (e.g., `I\hbox'). Otherwise just continue,
and I'll forget about whatever was undefined.


LaTeX Warning: Reference `fig:18_7' on page  undefined on input line 126.

Missing character: There is no 的 ("7684) in font nullfont!
Missing character: There is no 输 ("8F93) in font nullfont!
Missing character: There is no 入 ("5165) in font nullfont!
Missing character: There is no 线 ("7EBF) in font nullfont!
Missing character: There is no 束 ("675F) in font nullfont!
Missing character: There is no 中 ("4E2D) in font nullfont!
Missing character: There is no ， ("FF0C) in font nullfont!
Missing character: There is no 如 ("5982) in font nullfont!
Missing character: There is no 果 ("679C) in font nullfont!
Missing character: There is no 激 ("6FC0) in font nullfont!
Missing character: There is no 发 ("53D1) in font nullfont!
Missing character: There is no 线 ("7EBF) in font nullfont!
Missing character: There is no 的 ("7684) in font nullfont!
Missing character: There is no 百 ("767E) in font nullfont!
Missing character: There is no 分 ("5206) in font nullfont!
Missing character: There is no 数 ("6570) in font nullfont!
Missing character: There is no 等 ("7B49) in font nullfont!
Missing character: There is no 于 ("4E8E) in font nullfont!
Missing character: There is no ； ("FF1B) in font nullfont!
Missing character: There is no 输 ("8F93) in font nullfont!
Missing character: There is no 入 ("5165) in font nullfont!
Missing character: There is no 线 ("7EBF) in font nullfont!
Missing character: There is no 束 ("675F) in font nullfont!
Missing character: There is no 中 ("4E2D) in font nullfont!
Missing character: There is no ， ("FF0C) in font nullfont!
Missing character: There is no 如 ("5982) in font nullfont!
Missing character: There is no 果 ("679C) in font nullfont!
Missing character: There is no 激 ("6FC0) in font nullfont!
Missing character: There is no 发 ("53D1) in font nullfont!
Missing character: There is no 线 ("7EBF) in font nullfont!
Missing character: There is no 的 ("7684) in font nullfont!
Missing character: There is no 百 ("767E) in font nullfont!
Missing character: There is no 分 ("5206) in font nullfont!
Missing character: There is no 数 ("6570) in font nullfont!
Missing character: There is no 等 ("7B49) in font nullfont!
Missing character: There is no 于 ("4E8E) in font nullfont!
Missing character: There is no 。 ("3002) in font nullfont!
Missing character: There is no 我 ("6211) in font nullfont!
Missing character: There is no 们 ("4EEC) in font nullfont!
Missing character: There is no 希 ("5E0C) in font nullfont!
Missing character: There is no 望 ("671B) in font nullfont!
Missing character: There is no 输 ("8F93) in font nullfont!
Missing character: There is no 出 ("51FA) in font nullfont!
Missing character: There is no 线 ("7EBF) in font nullfont!
Missing character: There is no 束 ("675F) in font nullfont!
Missing character: There is no 中 ("4E2D) in font nullfont!
Missing character: There is no 有 ("6709) in font nullfont!
Missing character: There is no 同 ("540C) in font nullfont!
Missing character: There is no 样 ("6837) in font nullfont!
Missing character: There is no 百 ("767E) in font nullfont!
Missing character: There is no 分 ("5206) in font nullfont!
Missing character: There is no 数 ("6570) in font nullfont!
Missing character: There is no 的 ("7684) in font nullfont!
Missing character: There is no 抑 ("6291) in font nullfont!
Missing character: There is no 制 ("5236) in font nullfont!
Missing character: There is no 线 ("7EBF) in font nullfont!
Missing character: There is no 。 ("3002) in font nullfont!
Missing character: There is no 但 ("4F46) in font nullfont!
Missing character: There is no 是 ("662F) in font nullfont!
Missing character: There is no 如 ("5982) in font nullfont!
Missing character: There is no 果 ("679C) in font nullfont!
Missing character: There is no 某 ("67D0) in font nullfont!
Missing character: There is no 个 ("4E2A) in font nullfont!
Missing character: There is no 元 ("5143) in font nullfont!
Missing character: There is no 件 ("4EF6) in font nullfont!
Missing character: There is no 的 ("7684) in font nullfont!
Missing character: There is no 输 ("8F93) in font nullfont!
Missing character: There is no 入 ("5165) in font nullfont!
Missing character: There is no 线 ("7EBF) in font nullfont!
Missing character: There is no 激 ("6FC0) in font nullfont!
Missing character: There is no 发 ("53D1) in font nullfont!
Missing character: There is no 了 ("4E86) in font nullfont!
Missing character: There is no ， ("FF0C) in font nullfont!
Missing character: There is no 而 ("800C) in font nullfont!
Missing character: There is no 未 ("672A) in font nullfont!
Missing character: There is no 激 ("6FC0) in font nullfont!
Missing character: There is no 发 ("53D1) in font nullfont!
Missing character: There is no ， ("FF0C) in font nullfont!
Missing character: There is no 甚 ("751A) in font nullfont!
Missing character: There is no 至 ("81F3) in font nullfont!
Missing character: There is no 于 ("4E8E) in font nullfont!
Missing character: There is no 元 ("5143) in font nullfont!
Missing character: There is no 件 ("4EF6) in font nullfont!
Missing character: There is no 的 ("7684) in font nullfont!
Missing character: There is no 其 ("5176) in font nullfont!
Missing character: There is no 他 ("4ED6) in font nullfont!
Missing character: There is no 部 ("90E8) in font nullfont!
Missing character: There is no 分 ("5206) in font nullfont!
Missing character: There is no 并 ("5E76) in font nullfont!
Missing character: There is no 没 ("6CA1) in font nullfont!
Missing character: There is no 有 ("6709) in font nullfont!
Missing character: There is no 毛 ("6BDB) in font nullfont!
Missing character: There is no 病 ("75C5) in font nullfont!
Missing character: There is no ， ("FF0C) in font nullfont!
Missing character: There is no 第 ("7B2C) in font nullfont!
Missing character: There is no 个 ("4E2A) in font nullfont!
Missing character: There is no 元 ("5143) in font nullfont!
Missing character: There is no 件 ("4EF6) in font nullfont!
Missing character: There is no 的 ("7684) in font nullfont!
Missing character: There is no 输 ("8F93) in font nullfont!
Missing character: There is no 出 ("51FA) in font nullfont!
Missing character: There is no 仍 ("4ECD) in font nullfont!
Missing character: There is no 然 ("7136) in font nullfont!
Missing character: There is no 是 ("662F) in font nullfont!
Missing character: There is no 激 ("6FC0) in font nullfont!
Missing character: There is no 发 ("53D1) in font nullfont!
Missing character: There is no 的 ("7684) in font nullfont!
Missing character: There is no 情 ("60C5) in font nullfont!
Missing character: There is no 形 ("5F62) in font nullfont!
Missing character: There is no 。 ("3002) in font nullfont!
Missing character: There is no 用 ("7528) in font nullfont!
Missing character: There is no 表 ("8868) in font nullfont!
Missing character: There is no 示 ("793A) in font nullfont!
Missing character: There is no 执 ("6267) in font nullfont!
Missing character: There is no 行 ("884C) in font nullfont!
Missing character: There is no 机 ("673A) in font nullfont!
Missing character: There is no 构 ("6784) in font nullfont!
Missing character: There is no 的 ("7684) in font nullfont!
Missing character: There is no 输 ("8F93) in font nullfont!
Missing character: There is no 出 ("51FA) in font nullfont!
Missing character: There is no 线 ("7EBF) in font nullfont!
Missing character: There is no 束 ("675F) in font nullfont!
Missing character: There is no 中 ("4E2D) in font nullfont!
Missing character: There is no 激 ("6FC0) in font nullfont!
Missing character: There is no 发 ("53D1) in font nullfont!
Missing character: There is no 线 ("7EBF) in font nullfont!
Missing character: There is no 所 ("6240) in font nullfont!
Missing character: There is no 占 ("5360) in font nullfont!
Missing character: There is no 的 ("7684) in font nullfont!
Missing character: There is no 百 ("767E) in font nullfont!
Missing character: There is no 分 ("5206) in font nullfont!
Missing character: There is no 数 ("6570) in font nullfont!
Missing character: There is no 。 ("3002) in font nullfont!
Missing character: There is no 于 ("4E8E) in font nullfont!
Missing character: There is no 是 ("662F) in font nullfont!
Missing character: There is no 输 ("8F93) in font nullfont!
Missing character: There is no 出 ("51FA) in font nullfont!
Missing character: There is no 线 ("7EBF) in font nullfont!
Missing character: There is no 束 ("675F) in font nullfont!
Missing character: There is no 中 ("4E2D) in font nullfont!
Missing character: There is no 实 ("5B9E) in font nullfont!
Missing character: There is no 际 ("9645) in font nullfont!
Missing character: There is no 的 ("7684) in font nullfont!
Missing character: There is no 抑 ("6291) in font nullfont!
Missing character: There is no 制 ("5236) in font nullfont!
Missing character: There is no 线 ("7EBF) in font nullfont!
Missing character: There is no 有 ("6709) in font nullfont!
Missing character: There is no 。 ("3002) in font nullfont!
Missing character: There is no 束 ("675F) in font nullfont!
Missing character: There is no 中 ("4E2D) in font nullfont!
Missing character: There is no 所 ("6240) in font nullfont!
Missing character: There is no 有 ("6709) in font nullfont!
Missing character: There is no 激 ("6FC0) in font nullfont!
Missing character: There is no 发 ("53D1) in font nullfont!
Missing character: There is no 线 ("7EBF) in font nullfont!
Missing character: There is no 的 ("7684) in font nullfont!
Missing character: There is no 数 ("6570) in font nullfont!
Missing character: There is no 目 ("76EE) in font nullfont!
Missing character: There is no 等 ("7B49) in font nullfont!
Missing character: There is no 于 ("4E8E) in font nullfont!
Missing character: There is no ， ("FF0C) in font nullfont!
Missing character: There is no 在 ("5728) in font nullfont!
Missing character: There is no 束 ("675F) in font nullfont!
Missing character: There is no 中 ("4E2D) in font nullfont!
Missing character: There is no 等 ("7B49) in font nullfont!
Missing character: There is no 于 ("4E8E) in font nullfont!
Missing character: There is no 。 ("3002) in font nullfont!
Missing character: There is no 有 ("6709) in font nullfont!
Missing character: There is no 效 ("6548) in font nullfont!
Missing character: There is no 的 ("7684) in font nullfont!
Missing character: There is no 数 ("6570) in font nullfont!
Missing character: There is no 目 ("76EE) in font nullfont!
Missing character: There is no ， ("FF0C) in font nullfont!
Missing character: There is no 或 ("6216) in font nullfont!
Missing character: There is no 者 ("8005) in font nullfont!
Missing character: There is no 配 ("914D) in font nullfont!
Missing character: There is no 置 ("7F6E) in font nullfont!
Missing character: There is no 适 ("9002) in font nullfont!
Missing character: There is no 当 ("5F53) in font nullfont!
Missing character: There is no 的 ("7684) in font nullfont!
Missing character: There is no 数 ("6570) in font nullfont!
Missing character: There is no 目 ("76EE) in font nullfont!
Missing character: There is no ， ("FF0C) in font nullfont!
Missing character: There is no 束 ("675F) in font nullfont!
Missing character: There is no 中 ("4E2D) in font nullfont!
Missing character: There is no 只 ("53EA) in font nullfont!
Missing character: There is no 是 ("662F) in font nullfont!
Missing character: There is no ， ("FF0C) in font nullfont!
Missing character: There is no 其 ("5176) in font nullfont!
Missing character: There is no 余 ("4F59) in font nullfont!
Missing character: There is no 根 ("6839) in font nullfont!
Missing character: There is no 线 ("7EBF) in font nullfont!
Missing character: There is no 没 ("6CA1) in font nullfont!
Missing character: There is no 有 ("6709) in font nullfont!
Missing character: There is no 生 ("751F) in font nullfont!
Missing character: There is no 效 ("6548) in font nullfont!
Missing character: There is no 。 ("3002) in font nullfont!
Missing character: There is no 束 ("675F) in font nullfont!
Missing character: There is no 中 ("4E2D) in font nullfont!
Missing character: There is no 没 ("6CA1) in font nullfont!
Missing character: There is no 有 ("6709) in font nullfont!
Missing character: There is no 生 ("751F) in font nullfont!
Missing character: There is no 效 ("6548) in font nullfont!
Missing character: There is no 的 ("7684) in font nullfont!
Missing character: There is no 数 ("6570) in font nullfont!
Missing character: There is no 目 ("76EE) in font nullfont!
Missing character: There is no 是 ("662F) in font nullfont!
Missing character: There is no ， ("FF0C) in font nullfont!
Missing character: There is no 所 ("6240) in font nullfont!
Missing character: There is no 以 ("4EE5) in font nullfont!
Missing character: There is no 有 ("6709) in font nullfont!
Missing character: There is no 效 ("6548) in font nullfont!
Missing character: There is no 的 ("7684) in font nullfont!
Missing character: There is no 输 ("8F93) in font nullfont!
Missing character: There is no 出 ("51FA) in font nullfont!
Missing character: There is no 线 ("7EBF) in font nullfont!
Missing character: There is no 等 ("7B49) in font nullfont!
Missing character: There is no 于 ("4E8E) in font nullfont!
Missing character: There is no ， ("FF0C) in font nullfont!
Missing character: There is no 由 ("7531) in font nullfont!
Missing character: There is no 于 ("4E8E) in font nullfont!
Missing character: There is no 束 ("675F) in font nullfont!
Missing character: There is no 中 ("4E2D) in font nullfont!
Missing character: There is no 激 ("6FC0) in font nullfont!
Missing character: There is no 发 ("53D1) in font nullfont!
Missing character: There is no 线 ("7EBF) in font nullfont!
Missing character: There is no 配 ("914D) in font nullfont!
Missing character: There is no 置 ("7F6E) in font nullfont!
Missing character: There is no 不 ("4E0D) in font nullfont!
Missing character: There is no 当 ("5F53) in font nullfont!
Missing character: There is no 而 ("800C) in font nullfont!
Missing character: There is no 有 ("6709) in font nullfont!
Missing character: There is no 根 ("6839) in font nullfont!
Missing character: There is no 输 ("8F93) in font nullfont!
Missing character: There is no 出 ("51FA) in font nullfont!
Missing character: There is no 线 ("7EBF) in font nullfont!
Missing character: There is no 没 ("6CA1) in font nullfont!
Missing character: There is no 有 ("6709) in font nullfont!
Missing character: There is no 生 ("751F) in font nullfont!
Missing character: There is no 效 ("6548) in font nullfont!
Missing character: There is no ， ("FF0C) in font nullfont!
Missing character: There is no 由 ("7531) in font nullfont!
Missing character: There is no 于 ("4E8E) in font nullfont!
Missing character: There is no 束 ("675F) in font nullfont!
Missing character: There is no 中 ("4E2D) in font nullfont!
Missing character: There is no 激 ("6FC0) in font nullfont!
Missing character: There is no 发 ("53D1) in font nullfont!
Missing character: There is no 线 ("7EBF) in font nullfont!
Missing character: There is no 配 ("914D) in font nullfont!
Missing character: There is no 置 ("7F6E) in font nullfont!
Missing character: There is no 不 ("4E0D) in font nullfont!
Missing character: There is no 当 ("5F53) in font nullfont!
Missing character: There is no 而 ("800C) in font nullfont!
Missing character: There is no 有 ("6709) in font nullfont!
Missing character: There is no 根 ("6839) in font nullfont!
Missing character: There is no 输 ("8F93) in font nullfont!
Missing character: There is no 出 ("51FA) in font nullfont!
Missing character: There is no 线 ("7EBF) in font nullfont!
Missing character: There is no 没 ("6CA1) in font nullfont!
Missing character: There is no 有 ("6709) in font nullfont!
Missing character: There is no 生 ("751F) in font nullfont!
Missing character: There is no 效 ("6548) in font nullfont!
Missing character: There is no ， ("FF0C) in font nullfont!
Missing character: There is no 最 ("6700) in font nullfont!
Missing character: There is no 后 ("540E) in font nullfont!
Missing character: There is no 由 ("7531) in font nullfont!
Missing character: There is no 于 ("4E8E) in font nullfont!
Missing character: There is no 未 ("672A) in font nullfont!
Missing character: There is no 激 ("6FC0) in font nullfont!
Missing character: There is no 发 ("53D1) in font nullfont!
Missing character: There is no 输 ("8F93) in font nullfont!
Missing character: There is no 入 ("5165) in font nullfont!
Missing character: There is no 线 ("7EBF) in font nullfont!
Missing character: There is no 而 ("800C) in font nullfont!
Missing character: There is no 使 ("4F7F) in font nullfont!
Missing character: There is no 输 ("8F93) in font nullfont!
Missing character: There is no 出 ("51FA) in font nullfont!
Missing character: There is no 线 ("7EBF) in font nullfont!
Missing character: There is no 没 ("6CA1) in font nullfont!
Missing character: There is no 有 ("6709) in font nullfont!
Missing character: There is no 生 ("751F) in font nullfont!
Missing character: There is no 效 ("6548) in font nullfont!
Missing character: There is no 的 ("7684) in font nullfont!
Missing character: There is no 数 ("6570) in font nullfont!
Missing character: There is no 目 ("76EE) in font nullfont!
Missing character: There is no 是 ("662F) in font nullfont!

! LaTeX Error: Environment equation* undefined.

See the LaTeX manual or LaTeX Companion for explanation.
Type  H <return>  for immediate help.
 ...                                              
                                                  
l.127 \begin{equation*}
                       
Your command was ignored.
Type  I <command> <return>  to replace it with another command,
or  <return>  to continue without it.

LaTeX Font Info:    Trying to load font information for OMS+lmr on input line 1
28.
(c:/texlive/2025/texmf-dist/tex/latex/lm/omslmr.fd
File: omslmr.fd 2015/05/01 v1.6.1 Font defs for Latin Modern
)
LaTeX Font Info:    Trying to load font information for OMS+lmsy on input line 
128.

(c:/texlive/2025/texmf-dist/tex/latex/lm/omslmsy.fd
File: omslmsy.fd 2015/05/01 v1.6.1 Font defs for Latin Modern
)
LaTeX Font Info:    Font shape `OMS/lmr/m/n' in size <10> not available
(Font)              Font shape `OMS/lmsy/m/n' tried instead on input line 128.

Missing character: There is no 1 ("31) in font nullfont!
Missing character: There is no - ("2D) in font nullfont!
Missing character: There is no ( ("28) in font nullfont!
Missing character: There is no 1 ("31) in font nullfont!
Missing character: There is no - ("2D) in font nullfont!
! Missing $ inserted.
<inserted text> 
                $
l.128 \{1-(1-\zeta
                  )-[\xi-(1-\zeta)]-[\eta-(1-\zeta)]\}n = (2-\xi-\eta-\zeta)n。
I've inserted a begin-math/end-math symbol since I think
you left one out. Proceed, with fingers crossed.


! LaTeX Error: \begin{document} ended by \end{equation*}.

See the LaTeX manual or LaTeX Companion for explanation.
Type  H <return>  for immediate help.
 ...                                              
                                                  
l.129 \end{equation*}
                     
Your command was ignored.
Type  I <command> <return>  to replace it with another command,
or  <return>  to continue without it.

! Missing $ inserted.
<inserted text> 
                $
l.129 \end{equation*}
                     
I've inserted something that you may have forgotten.
(See the <inserted text> above.)
With luck, this will get me unwedged. But if you
really didn't forget anything, try typing `2' now; then
my insertion and my current dilemma will both disappear.

Missing character: There is no 。 ("3002) in font cmr10!
Missing character: There is no 因 ("56E0) in font nullfont!
Missing character: There is no 此 ("6B64) in font nullfont!
Missing character: There is no ， ("FF0C) in font nullfont!
Missing character: There is no 这 ("8FD9) in font nullfont!
Missing character: There is no 一 ("4E00) in font nullfont!
Missing character: There is no 类 ("7C7B) in font nullfont!
Missing character: There is no 输 ("8F93) in font nullfont!
Missing character: There is no 出 ("51FA) in font nullfont!
Missing character: There is no 可 ("53EF) in font nullfont!
Missing character: There is no 能 ("80FD) in font nullfont!
Missing character: There is no 的 ("7684) in font nullfont!
Missing character: There is no 有 ("6709) in font nullfont!
Missing character: There is no 效 ("6548) in font nullfont!
Missing character: There is no 组 ("7EC4) in font nullfont!
Missing character: There is no 合 ("5408) in font nullfont!
Missing character: There is no 的 ("7684) in font nullfont!
Missing character: There is no 数 ("6570) in font nullfont!
Missing character: There is no 目 ("76EE) in font nullfont!
Missing character: There is no 是 ("662F) in font nullfont!
! Undefined control sequence.
\@footnotetext ...tins {\reset@font \footnotesize 
                                                  \interlinepenalty \interfo...
l.130 ...H. Margenau and G. M. Murphy 的书，第 415 页。}
                                                  
The control sequence at the end of the top line
of your error message was never \def'ed. If you have
misspelled it (e.g., `\hobx'), type `I' and the correct
spelling (e.g., `I\hbox'). Otherwise just continue,
and I'll forget about whatever was undefined.

! Undefined control sequence.
\@footnotetext ...}\color@begingroup \@makefntext 
                                                  {\rule \z@ \footnotesep \i...
l.130 ...H. Margenau and G. M. Murphy 的书，第 415 页。}
                                                  
The control sequence at the end of the top line
of your error message was never \def'ed. If you have
misspelled it (e.g., `\hobx'), type `I' and the correct
spelling (e.g., `I\hbox'). Otherwise just continue,
and I'll forget about whatever was undefined.

Missing character: There is no 参 (U+53C2) in font [lmroman10-regular]:mapping=t
ex-text;!
Missing character: There is no 看 (U+770B) in font [lmroman10-regular]:mapping=t
ex-text;!
Missing character: There is no 的 (U+7684) in font [lmroman10-regular]:mapping=t
ex-text;!
Missing character: There is no 书 (U+4E66) in font [lmroman10-regular]:mapping=t
ex-text;!
Missing character: There is no ， (U+FF0C) in font [lmroman10-regular]:mapping=t
ex-text;!
Missing character: There is no 第 (U+7B2C) in font [lmroman10-regular]:mapping=t
ex-text;!
Missing character: There is no 页 (U+9875) in font [lmroman10-regular]:mapping=t
ex-text;!
Missing character: There is no 。 (U+3002) in font [lmroman10-regular]:mapping=t
ex-text;!

Overfull \hbox (5.6pt too wide) in paragraph at lines 130--130
[][]\TU/lmr/m/n/10 参看
 []


Overfull \hbox (10.28pt too wide) in paragraph at lines 130--130
\TU/lmr/m/n/10 H.
 []


Overfull \hbox (21.42pt too wide) in paragraph at lines 130--130
\TU/lmr/m/n/10 Mar-
 []


Overfull \hbox (12.77pt too wide) in paragraph at lines 130--130
\TU/lmr/m/n/10 ge-
 []


Overfull \hbox (16.12pt too wide) in paragraph at lines 130--130
\TU/lmr/m/n/10 nau
 []


Overfull \hbox (16.12pt too wide) in paragraph at lines 130--130
\TU/lmr/m/n/10 and
 []


Overfull \hbox (10.63pt too wide) in paragraph at lines 130--130
\TU/lmr/m/n/10 G.
 []


Overfull \hbox (11.95pt too wide) in paragraph at lines 130--130
\TU/lmr/m/n/10 M.
 []


Overfull \hbox (21.98pt too wide) in paragraph at lines 130--130
\TU/lmr/m/n/10 Mur-
 []


Overfull \hbox (16.12pt too wide) in paragraph at lines 130--130
\TU/lmr/m/n/10 phy
 []


Overfull \hbox (11.2pt too wide) in paragraph at lines 130--130
\TU/lmr/m/n/10 的书，第
 []


Overfull \hbox (15.0pt too wide) in paragraph at lines 130--130
\TU/lmr/m/n/10 415
 []


Overfull \hbox (5.6pt too wide) in paragraph at lines 130--130
\TU/lmr/m/n/10 页。| 
 []


! LaTeX Error: Environment equation* undefined.

See the LaTeX manual or LaTeX Companion for explanation.
Type  H <return>  for immediate help.
 ...                                              
                                                  
l.131 \begin{equation*}
                       
Your command was ignored.
Type  I <command> <return>  to replace it with another command,
or  <return>  to continue without it.

Missing character: There is no n ("6E) in font nullfont!
Missing character: There is no ! ("21) in font nullfont!
! Missing $ inserted.
<inserted text> 
                $
l.132 ...eta-(1-\zeta)]n\}![(2-\xi-\eta-\zeta)n]!}
                                                  。
I've inserted a begin-math/end-math symbol since I think
you left one out. Proceed, with fingers crossed.

! Extra }, or forgotten $.
\frac  #1#2->{\begingroup #1\endgroup \over #2}
                                               
l.132 ...eta-(1-\zeta)]n\}![(2-\xi-\eta-\zeta)n]!}
                                                  。
I've deleted a group-closing symbol because it seems to be
spurious, as in `$x}$'. But perhaps the } is legitimate and
you forgot something else, as in `\hbox{$x}'. In such cases
the way to recover is to insert both the forgotten and the
deleted material, e.g., by typing `I$}'.


! LaTeX Error: \begin{document} ended by \end{equation*}.

See the LaTeX manual or LaTeX Companion for explanation.
Type  H <return>  for immediate help.
 ...                                              
                                                  
l.133 \end{equation*}
                     
Your command was ignored.
Type  I <command> <return>  to replace it with another command,
or  <return>  to continue without it.

! Missing $ inserted.
<inserted text> 
                $
l.133 \end{equation*}
                     
I've inserted something that you may have forgotten.
(See the <inserted text> above.)
With luck, this will get me unwedged. But if you
really didn't forget anything, try typing `2' now; then
my insertion and my current dilemma will both disappear.

Missing character: There is no 。 ("3002) in font cmr7!
! Missing } inserted.
<inserted text> 
                }
l.133 \end{equation*}
                     
I've inserted something that you may have forgotten.
(See the <inserted text> above.)
With luck, this will get me unwedged. But if you
really didn't forget anything, try typing `2' now; then
my insertion and my current dilemma will both disappear.

Missing character: There is no 另 ("53E6) in font nullfont!
Missing character: There is no 一 ("4E00) in font nullfont!
Missing character: There is no 方 ("65B9) in font nullfont!
Missing character: There is no 面 ("9762) in font nullfont!
Missing character: There is no ， ("FF0C) in font nullfont!
Missing character: There is no 在 ("5728) in font nullfont!
Missing character: There is no 输 ("8F93) in font nullfont!
Missing character: There is no 入 ("5165) in font nullfont!
Missing character: There is no 方 ("65B9) in font nullfont!
Missing character: There is no 面 ("9762) in font nullfont!
Missing character: There is no ， ("FF0C) in font nullfont!
Missing character: There is no 输 ("8F93) in font nullfont!
Missing character: There is no 入 ("5165) in font nullfont!
Missing character: There is no 线 ("7EBF) in font nullfont!
Missing character: There is no 束 ("675F) in font nullfont!
Missing character: There is no 中 ("4E2D) in font nullfont!
Missing character: There is no 有 ("6709) in font nullfont!
Missing character: There is no 根 ("6839) in font nullfont!
Missing character: There is no 激 ("6FC0) in font nullfont!
Missing character: There is no 发 ("53D1) in font nullfont!
Missing character: There is no 线 ("7EBF) in font nullfont!
Missing character: There is no ， ("FF0C) in font nullfont!
Missing character: There is no 根 ("6839) in font nullfont!
Missing character: There is no 未 ("672A) in font nullfont!
Missing character: There is no 激 ("6FC0) in font nullfont!
Missing character: There is no 发 ("53D1) in font nullfont!
Missing character: There is no 线 ("7EBF) in font nullfont!
Missing character: There is no ， ("FF0C) in font nullfont!
Missing character: There is no 这 ("8FD9) in font nullfont!
Missing character: There is no 根 ("6839) in font nullfont!
Missing character: There is no 线 ("7EBF) in font nullfont!
Missing character: There is no 可 ("53EF) in font nullfont!
Missing character: There is no 能 ("80FD) in font nullfont!
Missing character: There is no 的 ("7684) in font nullfont!
Missing character: There is no 组 ("7EC4) in font nullfont!
Missing character: There is no 合 ("5408) in font nullfont!
Missing character: There is no 数 ("6570) in font nullfont!
Missing character: There is no 是 ("662F) in font nullfont!

! LaTeX Error: Environment equation* undefined.

See the LaTeX manual or LaTeX Companion for explanation.
Type  H <return>  for immediate help.
 ...                                              
                                                  
l.135 \begin{equation*}
                       
Your command was ignored.
Type  I <command> <return>  to replace it with another command,
or  <return>  to continue without it.

Missing character: There is no n ("6E) in font nullfont!
Missing character: There is no ! ("21) in font nullfont!
! Missing $ inserted.
<inserted text> 
                $
l.136 \frac{n!}{(\xi n)![(1-\xi)n]!}
                                    ,
I've inserted a begin-math/end-math symbol since I think
you left one out. Proceed, with fingers crossed.

! Extra }, or forgotten $.
\frac  #1#2->{\begingroup #1\endgroup \over #2}
                                               
l.136 \frac{n!}{(\xi n)![(1-\xi)n]!}
                                    ,
I've deleted a group-closing symbol because it seems to be
spurious, as in `$x}$'. But perhaps the } is legitimate and
you forgot something else, as in `\hbox{$x}'. In such cases
the way to recover is to insert both the forgotten and the
deleted material, e.g., by typing `I$}'.


! LaTeX Error: \begin{document} ended by \end{equation*}.

See the LaTeX manual or LaTeX Companion for explanation.
Type  H <return>  for immediate help.
 ...                                              
                                                  
l.137 \end{equation*}
                     
Your command was ignored.
Type  I <command> <return>  to replace it with another command,
or  <return>  to continue without it.

! Missing $ inserted.
<inserted text> 
                $
l.137 \end{equation*}
                     
I've inserted something that you may have forgotten.
(See the <inserted text> above.)
With luck, this will get me unwedged. But if you
really didn't forget anything, try typing `2' now; then
my insertion and my current dilemma will both disappear.

! Missing } inserted.
<inserted text> 
                }
l.137 \end{equation*}
                     
I've inserted something that you may have forgotten.
(See the <inserted text> above.)
With luck, this will get me unwedged. But if you
really didn't forget anything, try typing `2' now; then
my insertion and my current dilemma will both disappear.

Missing character: There is no 输 ("8F93) in font nullfont!
Missing character: There is no 入 ("5165) in font nullfont!
Missing character: There is no 线 ("7EBF) in font nullfont!
Missing character: There is no 束 ("675F) in font nullfont!
Missing character: There is no 中 ("4E2D) in font nullfont!
Missing character: There is no ， ("FF0C) in font nullfont!
Missing character: There is no 有 ("6709) in font nullfont!
Missing character: There is no 根 ("6839) in font nullfont!
Missing character: There is no 激 ("6FC0) in font nullfont!
Missing character: There is no 发 ("53D1) in font nullfont!
Missing character: There is no 线 ("7EBF) in font nullfont!
Missing character: There is no ， ("FF0C) in font nullfont!
Missing character: There is no 根 ("6839) in font nullfont!
Missing character: There is no 未 ("672A) in font nullfont!
Missing character: There is no 激 ("6FC0) in font nullfont!
Missing character: There is no 发 ("53D1) in font nullfont!
Missing character: There is no 线 ("7EBF) in font nullfont!
Missing character: There is no ， ("FF0C) in font nullfont!
Missing character: There is no 这 ("8FD9) in font nullfont!
Missing character: There is no 根 ("6839) in font nullfont!
Missing character: There is no 线 ("7EBF) in font nullfont!
Missing character: There is no 可 ("53EF) in font nullfont!
Missing character: There is no 能 ("80FD) in font nullfont!
Missing character: There is no 的 ("7684) in font nullfont!
Missing character: There is no 组 ("7EC4) in font nullfont!
Missing character: There is no 合 ("5408) in font nullfont!
Missing character: There is no 数 ("6570) in font nullfont!
Missing character: There is no 是 ("662F) in font nullfont!

! LaTeX Error: Environment equation* undefined.

See the LaTeX manual or LaTeX Companion for explanation.
Type  H <return>  for immediate help.
 ...                                              
                                                  
l.139 \begin{equation*}
                       
Your command was ignored.
Type  I <command> <return>  to replace it with another command,
or  <return>  to continue without it.

Missing character: There is no n ("6E) in font nullfont!
Missing character: There is no ! ("21) in font nullfont!
! Missing $ inserted.
<inserted text> 
                $
l.140 \frac{n!}{(\eta n)![(1-\eta)n]!}
                                      ,
I've inserted a begin-math/end-math symbol since I think
you left one out. Proceed, with fingers crossed.

! Extra }, or forgotten $.
\frac  #1#2->{\begingroup #1\endgroup \over #2}
                                               
l.140 \frac{n!}{(\eta n)![(1-\eta)n]!}
                                      ,
I've deleted a group-closing symbol because it seems to be
spurious, as in `$x}$'. But perhaps the } is legitimate and
you forgot something else, as in `\hbox{$x}'. In such cases
the way to recover is to insert both the forgotten and the
deleted material, e.g., by typing `I$}'.


! LaTeX Error: \begin{document} ended by \end{equation*}.

See the LaTeX manual or LaTeX Companion for explanation.
Type  H <return>  for immediate help.
 ...                                              
                                                  
l.141 \end{equation*}
                     
Your command was ignored.
Type  I <command> <return>  to replace it with another command,
or  <return>  to continue without it.

! Missing $ inserted.
<inserted text> 
                $
l.141 \end{equation*}
                     
I've inserted something that you may have forgotten.
(See the <inserted text> above.)
With luck, this will get me unwedged. But if you
really didn't forget anything, try typing `2' now; then
my insertion and my current dilemma will both disappear.

! Missing } inserted.
<inserted text> 
                }
l.141 \end{equation*}
                     
I've inserted something that you may have forgotten.
(See the <inserted text> above.)
With luck, this will get me unwedged. But if you
really didn't forget anything, try typing `2' now; then
my insertion and my current dilemma will both disappear.

Missing character: There is no 如 ("5982) in font nullfont!
Missing character: There is no 果 ("679C) in font nullfont!
Missing character: There is no 每 ("6BCF) in font nullfont!
Missing character: There is no 一 ("4E00) in font nullfont!
Missing character: There is no 个 ("4E2A) in font nullfont!
Missing character: There is no 谢 ("8C22) in font nullfont!
Missing character: There is no 弗 ("5F17) in font nullfont!
Missing character: There is no 元 ("5143) in font nullfont!
Missing character: There is no 件 ("4EF6) in font nullfont!
Missing character: There is no 是 ("662F) in font nullfont!
Missing character: There is no 不 ("4E0D) in font nullfont!
Missing character: There is no 发 ("53D1) in font nullfont!
Missing character: There is no 生 ("751F) in font nullfont!
Missing character: There is no 毛 ("6BDB) in font nullfont!
Missing character: There is no 病 ("75C5) in font nullfont!
Missing character: There is no 的 ("7684) in font nullfont!
Missing character: There is no 理 ("7406) in font nullfont!
Missing character: There is no 想 ("60F3) in font nullfont!
Missing character: There is no 元 ("5143) in font nullfont!
Missing character: There is no 件 ("4EF6) in font nullfont!
Missing character: There is no ， ("FF0C) in font nullfont!
Missing character: There is no 两 ("4E24) in font nullfont!
Missing character: There is no 束 ("675F) in font nullfont!
Missing character: There is no 输 ("8F93) in font nullfont!
Missing character: There is no 入 ("5165) in font nullfont!
Missing character: There is no 中 ("4E2D) in font nullfont!
Missing character: There is no 激 ("6FC0) in font nullfont!
Missing character: There is no 发 ("53D1) in font nullfont!
Missing character: There is no 线 ("7EBF) in font nullfont!
Missing character: There is no 的 ("7684) in font nullfont!
Missing character: There is no 百 ("767E) in font nullfont!
Missing character: There is no 分 ("5206) in font nullfont!
Missing character: There is no 数 ("6570) in font nullfont!
Missing character: There is no 分 ("5206) in font nullfont!
Missing character: There is no 别 ("522B) in font nullfont!
Missing character: There is no 是 ("662F) in font nullfont!
Missing character: There is no 和 ("548C) in font nullfont!
Missing character: There is no ， ("FF0C) in font nullfont!
Missing character: There is no 而 ("800C) in font nullfont!
Missing character: There is no 输 ("8F93) in font nullfont!
Missing character: There is no 出 ("51FA) in font nullfont!
Missing character: There is no 中 ("4E2D) in font nullfont!
Missing character: There is no 激 ("6FC0) in font nullfont!
Missing character: There is no 发 ("53D1) in font nullfont!
Missing character: There is no 线 ("7EBF) in font nullfont!
Missing character: There is no 的 ("7684) in font nullfont!
Missing character: There is no 百 ("767E) in font nullfont!
Missing character: There is no 分 ("5206) in font nullfont!
Missing character: There is no 数 ("6570) in font nullfont!
Missing character: There is no 等 ("7B49) in font nullfont!
Missing character: There is no 于 ("4E8E) in font nullfont!
Missing character: There is no 的 ("7684) in font nullfont!
Missing character: There is no 概 ("6982) in font nullfont!
Missing character: There is no 率 ("7387) in font nullfont!
Missing character: There is no 可 ("53EF) in font nullfont!
Missing character: There is no 以 ("4EE5) in font nullfont!
Missing character: There is no 由 ("7531) in font nullfont!
Missing character: There is no 下 ("4E0B) in font nullfont!
Missing character: There is no 面 ("9762) in font nullfont!
Missing character: There is no 公 ("516C) in font nullfont!
Missing character: There is no 式 ("5F0F) in font nullfont!
Missing character: There is no 得 ("5F97) in font nullfont!
Missing character: There is no 到 ("5230) in font nullfont!

Overfull \hbox (30.86pt too wide) in paragraph at lines 126--143
[][]
 []


Overfull \hbox (5.28589pt too wide) in paragraph at lines 126--143
\OML/cmm/m/it/10 a$
 []


Overfull \hbox (4.83508pt too wide) in paragraph at lines 126--143
\OML/cmm/m/it/10 ^^X$
 []


Overfull \hbox (4.29166pt too wide) in paragraph at lines 126--143
\OML/cmm/m/it/10 b$
 []


Overfull \hbox (5.32408pt too wide) in paragraph at lines 126--143
\OML/cmm/m/it/10 ^^Q$
 []


Overfull \hbox (3.44513pt too wide) in paragraph at lines 126--143
\OML/cmm/m/it/10 i$
 []


Overfull \hbox (8.61517pt too wide) in paragraph at lines 126--143
\OML/cmm/m/it/10 a[]$
 []


Overfull \hbox (7.62094pt too wide) in paragraph at lines 126--143
\OML/cmm/m/it/10 b[]$
 []


Overfull \hbox (3.44513pt too wide) in paragraph at lines 126--143
\OML/cmm/m/it/10 i$
 []


Overfull \hbox (5.11285pt too wide) in paragraph at lines 126--143
\OML/cmm/m/it/10 ^^P$
 []


Overfull \hbox (16.66672pt too wide) in paragraph at lines 126--143
\OT1/cmr/m/n/10 (1 \OMS/cmsy/m/n/10 ^^@
 []


Overfull \hbox (20.29pt too wide) in paragraph at lines 126--143
\OML/cmm/m/it/10 ^^P\OT1/cmr/m/n/10 )\OML/cmm/m/it/10 n$$a$
 []


Overfull \hbox (10.83743pt too wide) in paragraph at lines 126--143
\OML/cmm/m/it/10 ^^Xn$
 []


Overfull \hbox (4.29166pt too wide) in paragraph at lines 126--143
\OML/cmm/m/it/10 b$
 []


Overfull \hbox (16.61232pt too wide) in paragraph at lines 126--143
\OML/cmm/m/it/10 ^^Qn$$a$
 []


Overfull \hbox (16.66672pt too wide) in paragraph at lines 126--143
\OT1/cmr/m/n/10 (1 \OMS/cmsy/m/n/10 ^^@
 []


Overfull \hbox (15.0041pt too wide) in paragraph at lines 126--143
\OML/cmm/m/it/10 ^^P\OT1/cmr/m/n/10 )\OML/cmm/m/it/10 n$
 []


Overfull \hbox (15.39067pt too wide) in paragraph at lines 126--143
\OT1/cmr/m/n/10 [\OML/cmm/m/it/10 ^^X \OMS/cmsy/m/n/10 ^^@
 []


Overfull \hbox (16.66672pt too wide) in paragraph at lines 126--143
\OT1/cmr/m/n/10 (1 \OMS/cmsy/m/n/10 ^^@
 []


Overfull \hbox (17.78189pt too wide) in paragraph at lines 126--143
\OML/cmm/m/it/10 ^^P\OT1/cmr/m/n/10 )]\OML/cmm/m/it/10 n$
 []


Overfull \hbox (4.29166pt too wide) in paragraph at lines 126--143
\OML/cmm/m/it/10 b$
 []


Overfull \hbox (15.87967pt too wide) in paragraph at lines 126--143
\OT1/cmr/m/n/10 [\OML/cmm/m/it/10 ^^Q \OMS/cmsy/m/n/10 ^^@
 []


Overfull \hbox (16.66672pt too wide) in paragraph at lines 126--143
\OT1/cmr/m/n/10 (1 \OMS/cmsy/m/n/10 ^^@
 []


Overfull \hbox (17.78189pt too wide) in paragraph at lines 126--143
\OML/cmm/m/it/10 ^^P\OT1/cmr/m/n/10 )]\OML/cmm/m/it/10 n$
 []


Overfull \hbox (16.66672pt too wide) in paragraph at lines 126--143
\OT1/cmr/m/n/10 (1 \OMS/cmsy/m/n/10 ^^@
 []


Overfull \hbox (15.0041pt too wide) in paragraph at lines 126--143
\OML/cmm/m/it/10 ^^P\OT1/cmr/m/n/10 )\OML/cmm/m/it/10 n$
 []


Overfull \hbox (5.28589pt too wide) in paragraph at lines 126--143
\OML/cmm/m/it/10 a$
 []


Overfull \hbox (15.39067pt too wide) in paragraph at lines 126--143
\OT1/cmr/m/n/10 [\OML/cmm/m/it/10 ^^X \OMS/cmsy/m/n/10 ^^@
 []


Overfull \hbox (16.66672pt too wide) in paragraph at lines 126--143
\OT1/cmr/m/n/10 (1 \OMS/cmsy/m/n/10 ^^@
 []


Overfull \hbox (17.78189pt too wide) in paragraph at lines 126--143
\OML/cmm/m/it/10 ^^P\OT1/cmr/m/n/10 )]\OML/cmm/m/it/10 n$
 []


Overfull \hbox (4.29166pt too wide) in paragraph at lines 126--143
\OML/cmm/m/it/10 b$
 []


Overfull \hbox (15.87967pt too wide) in paragraph at lines 126--143
\OT1/cmr/m/n/10 [\OML/cmm/m/it/10 ^^Q \OMS/cmsy/m/n/10 ^^@
 []


Overfull \hbox (16.66672pt too wide) in paragraph at lines 126--143
\OT1/cmr/m/n/10 (1 \OMS/cmsy/m/n/10 ^^@
 []


Overfull \hbox (17.78189pt too wide) in paragraph at lines 126--143
\OML/cmm/m/it/10 ^^P\OT1/cmr/m/n/10 )]\OML/cmm/m/it/10 n$
 []


Overfull \hbox (21.77957pt too wide) in paragraph at lines 126--143
\OMS/lmsy/m/n/10 f$\OML/cmm/m/it/10 ^^P\OT1/cmr/m/n/10 ) \OMS/cmsy/m/n/10 ^^@
 []


Overfull \hbox (15.39067pt too wide) in paragraph at lines 126--143
\OT1/cmr/m/n/10 [\OML/cmm/m/it/10 ^^X \OMS/cmsy/m/n/10 ^^@
 []


Overfull \hbox (16.66672pt too wide) in paragraph at lines 126--143
\OT1/cmr/m/n/10 (1 \OMS/cmsy/m/n/10 ^^@
 []


Overfull \hbox (19.55734pt too wide) in paragraph at lines 126--143
\OML/cmm/m/it/10 ^^P\OT1/cmr/m/n/10 )] \OMS/cmsy/m/n/10 ^^@
 []


Overfull \hbox (15.87967pt too wide) in paragraph at lines 126--143
\OT1/cmr/m/n/10 [\OML/cmm/m/it/10 ^^Q \OMS/cmsy/m/n/10 ^^@
 []


Overfull \hbox (16.66672pt too wide) in paragraph at lines 126--143
\OT1/cmr/m/n/10 (1 \OMS/cmsy/m/n/10 ^^@
 []


Overfull \hbox (33.33742pt too wide) in paragraph at lines 126--143
\OML/cmm/m/it/10 ^^P\OT1/cmr/m/n/10 )]\OMS/cmsy/m/n/10 g\OML/cmm/m/it/10 n \OT1
/cmr/m/n/10 =
 []


Overfull \hbox (16.66672pt too wide) in paragraph at lines 126--143
\OT1/cmr/m/n/10 (2 \OMS/cmsy/m/n/10 ^^@
 []


Overfull \hbox (12.61288pt too wide) in paragraph at lines 126--143
\OML/cmm/m/it/10 ^^X \OMS/cmsy/m/n/10 ^^@
 []


Overfull \hbox (13.10188pt too wide) in paragraph at lines 126--143
\OML/cmm/m/it/10 ^^Q \OMS/cmsy/m/n/10 ^^@
 []


Overfull \hbox (15.0041pt too wide) in paragraph at lines 126--143
\OML/cmm/m/it/10 ^^P\OT1/cmr/m/n/10 )\OML/cmm/m/it/10 n$
 []


Overfull \hbox (4.483pt too wide) in paragraph at lines 126--143
[]
 []


Overfull \hbox (189.54321pt too wide) in paragraph at lines 126--143
[]$
 []


Overfull \hbox (5.28589pt too wide) in paragraph at lines 126--143
\OML/cmm/m/it/10 a$
 []


Overfull \hbox (10.83743pt too wide) in paragraph at lines 126--143
\OML/cmm/m/it/10 ^^Xn$
 []


Overfull \hbox (16.66672pt too wide) in paragraph at lines 126--143
\OT1/cmr/m/n/10 (1 \OMS/cmsy/m/n/10 ^^@
 []


Overfull \hbox (14.72633pt too wide) in paragraph at lines 126--143
\OML/cmm/m/it/10 ^^X\OT1/cmr/m/n/10 )\OML/cmm/m/it/10 n$
 []


Overfull \hbox (6.00235pt too wide) in paragraph at lines 126--143
\OML/cmm/m/it/10 n$
 []


Overfull \hbox (54.20868pt too wide) in paragraph at lines 126--143
[]$
 []


Overfull \hbox (4.29166pt too wide) in paragraph at lines 126--143
\OML/cmm/m/it/10 b$
 []


Overfull \hbox (11.32643pt too wide) in paragraph at lines 126--143
\OML/cmm/m/it/10 ^^Qn$
 []


Overfull \hbox (16.66672pt too wide) in paragraph at lines 126--143
\OT1/cmr/m/n/10 (1 \OMS/cmsy/m/n/10 ^^@
 []


Overfull \hbox (15.21533pt too wide) in paragraph at lines 126--143
\OML/cmm/m/it/10 ^^Q\OT1/cmr/m/n/10 )\OML/cmm/m/it/10 n$
 []


Overfull \hbox (6.00235pt too wide) in paragraph at lines 126--143
\OML/cmm/m/it/10 n$
 []


Overfull \hbox (55.19614pt too wide) in paragraph at lines 126--143
[]$
 []


Overfull \hbox (4.83508pt too wide) in paragraph at lines 126--143
\OML/cmm/m/it/10 ^^X$
 []


Overfull \hbox (5.32408pt too wide) in paragraph at lines 126--143
\OML/cmm/m/it/10 ^^Q$
 []


Overfull \hbox (5.11285pt too wide) in paragraph at lines 126--143
\OML/cmm/m/it/10 ^^P$
 []


Overfull \hbox (9.51738pt too wide) in paragraph at lines 126--143
\OML/cmm/m/it/10 p[]$
 []


! LaTeX Error: Environment aligned undefined.

See the LaTeX manual or LaTeX Companion for explanation.
Type  H <return>  for immediate help.
 ...                                              
                                                  
l.144 \begin{aligned}
                     
Your command was ignored.
Type  I <command> <return>  to replace it with another command,
or  <return>  to continue without it.

! Misplaced alignment tab character &.
l.145 p_1(\xi,\eta,\zeta;n) &
                             = \frac{\displaystyle \frac{n!}{[(1-\zeta)n]!\{...
I can't figure out why you would want to use a tab mark
here. If you just want an ampersand, the remedy is
simple: Just type `I\&' now. But if some right brace
up above has ended a previous alignment prematurely,
you're probably due for more error messages, and you
might try typing `S' now just to see what is salvageable.

! Misplaced alignment tab character &.
<recently read> &
                 
l.146 &
       = \frac{[\xi n]![(1-\xi)n]![\eta n]![(1-\eta)n]!}{[(1-\zeta)n]!\{[\xi...
I can't figure out why you would want to use a tab mark
here. If you just want an ampersand, the remedy is
simple: Just type `I\&' now. But if some right brace
up above has ended a previous alignment prematurely,
you're probably due for more error messages, and you
might try typing `S' now just to see what is salvageable.


! LaTeX Error: \begin{equation} on input line 143 ended by \end{aligned}.

See the LaTeX manual or LaTeX Companion for explanation.
Type  H <return>  for immediate help.
 ...                                              
                                                  
l.147 \end{aligned}
                   
Your command was ignored.
Type  I <command> <return>  to replace it with another command,
or  <return>  to continue without it.

Missing character: There is no 。 ("3002) in font cmr10!

Overfull \hbox (629.22963pt too wide) detected at line 149
\OML/cmm/m/it/10 p[]\OT1/cmr/m/n/10 (\OML/cmm/m/it/10 ^^X; ^^Q; ^^P\OT1/cmr/m/n
/10 ; \OML/cmm/m/it/10 n\OT1/cmr/m/n/10 ) = [][]  = [][]
 []

Missing character: There is no 很 ("5F88) in font nullfont!
Missing character: There is no 清 ("6E05) in font nullfont!
Missing character: There is no 楚 ("695A) in font nullfont!
Missing character: There is no ， ("FF0C) in font nullfont!
Missing character: There is no 为 ("4E3A) in font nullfont!
Missing character: There is no 了 ("4E86) in font nullfont!
Missing character: There is no 使 ("4F7F) in font nullfont!
Missing character: There is no 得 ("5F97) in font nullfont!
Missing character: There is no 计 ("8BA1) in font nullfont!
Missing character: There is no 算 ("7B97) in font nullfont!
Missing character: There is no 有 ("6709) in font nullfont!
Missing character: There is no 意 ("610F) in font nullfont!
Missing character: There is no 义 ("4E49) in font nullfont!
Missing character: There is no ， ("FF0C) in font nullfont!
Missing character: There is no 前 ("524D) in font nullfont!
Missing character: There is no 面 ("9762) in font nullfont!
Missing character: There is no 一 ("4E00) in font nullfont!
Missing character: There is no 段 ("6BB5) in font nullfont!
Missing character: There is no 讨 ("8BA8) in font nullfont!
Missing character: There is no 论 ("8BBA) in font nullfont!
Missing character: There is no 过 ("8FC7) in font nullfont!
Missing character: There is no 的 ("7684) in font nullfont!
Missing character: There is no 四 ("56DB) in font nullfont!
Missing character: There is no 类 ("7C7B) in font nullfont!
Missing character: There is no 输 ("8F93) in font nullfont!
Missing character: There is no 出 ("51FA) in font nullfont!
Missing character: There is no 线 ("7EBF) in font nullfont!
Missing character: There is no 不 ("4E0D) in font nullfont!
Missing character: There is no 能 ("80FD) in font nullfont!
Missing character: There is no 小 ("5C0F) in font nullfont!
Missing character: There is no 于 ("4E8E) in font nullfont!
Missing character: There is no 零 ("96F6) in font nullfont!
Missing character: There is no ， ("FF0C) in font nullfont!
Missing character: There is no 只 ("53EA) in font nullfont!
Missing character: There is no 要 ("8981) in font nullfont!
Missing character: There is no 发 ("53D1) in font nullfont!
Missing character: There is no 生 ("751F) in font nullfont!
Missing character: There is no 小 ("5C0F) in font nullfont!
Missing character: There is no 于 ("4E8E) in font nullfont!
Missing character: There is no 零 ("96F6) in font nullfont!
Missing character: There is no 的 ("7684) in font nullfont!
Missing character: There is no 情 ("60C5) in font nullfont!
Missing character: There is no 况 ("51B5) in font nullfont!
Missing character: There is no ， ("FF0C) in font nullfont!
Missing character: There is no 概 ("6982) in font nullfont!
Missing character: There is no 率 ("7387) in font nullfont!
Missing character: There is no 就 ("5C31) in font nullfont!
Missing character: There is no 等 ("7B49) in font nullfont!
Missing character: There is no 于 ("4E8E) in font nullfont!
Missing character: There is no 零 ("96F6) in font nullfont!
Missing character: There is no 。 ("3002) in font nullfont!
Missing character: There is no 也 ("4E5F) in font nullfont!
Missing character: There is no 就 ("5C31) in font nullfont!
Missing character: There is no 是 ("662F) in font nullfont!
Missing character: There is no 说 ("8BF4) in font nullfont!
Missing character: There is no ， ("FF0C) in font nullfont!
Missing character: There is no 只 ("53EA) in font nullfont!
Missing character: There is no 要 ("8981) in font nullfont!
Missing character: There is no 违 ("8FDD) in font nullfont!
Missing character: There is no 背 ("80CC) in font nullfont!
Missing character: There is no 了 ("4E86) in font nullfont!
Missing character: There is no 下 ("4E0B) in font nullfont!
Missing character: There is no 述 ("8FF0) in font nullfont!
Missing character: There is no 条 ("6761) in font nullfont!
Missing character: There is no 件 ("4EF6) in font nullfont!
Missing character: There is no 中 ("4E2D) in font nullfont!
Missing character: There is no 的 ("7684) in font nullfont!
Missing character: There is no 任 ("4EFB) in font nullfont!
Missing character: There is no 何 ("4F55) in font nullfont!
Missing character: There is no 一 ("4E00) in font nullfont!
Missing character: There is no 个 ("4E2A) in font nullfont!
Missing character: There is no 的 ("7684) in font nullfont!
Missing character: There is no 时 ("65F6) in font nullfont!
Missing character: There is no 候 ("5019) in font nullfont!
Missing character: There is no ， ("FF0C) in font nullfont!
Missing character: There is no 就 ("5C31) in font nullfont!
Missing character: There is no 等 ("7B49) in font nullfont!
Missing character: There is no 于 ("4E8E) in font nullfont!
Missing character: There is no 零 ("96F6) in font nullfont!
Missing character: There is no ， ("FF0C) in font nullfont!

Overfull \hbox (9.51738pt too wide) in paragraph at lines 149--151
$\OML/cmm/m/it/10 p[]$
 []


! LaTeX Error: Environment aligned undefined.

See the LaTeX manual or LaTeX Companion for explanation.
Type  H <return>  for immediate help.
 ...                                              
                                                  
l.153 \begin{aligned}
                     
Your command was ignored.
Type  I <command> <return>  to replace it with another command,
or  <return>  to continue without it.

! Misplaced alignment tab character &.
l.154 1-\zeta &
               > 0, \\
I can't figure out why you would want to use a tab mark
here. If you just want an ampersand, the remedy is
simple: Just type `I\&' now. But if some right brace
up above has ended a previous alignment prematurely,
you're probably due for more error messages, and you
might try typing `S' now just to see what is salvageable.

! Misplaced alignment tab character &.
l.155 \xi-(1-\zeta) &
                     > 0, \\
I can't figure out why you would want to use a tab mark
here. If you just want an ampersand, the remedy is
simple: Just type `I\&' now. But if some right brace
up above has ended a previous alignment prematurely,
you're probably due for more error messages, and you
might try typing `S' now just to see what is salvageable.

! Misplaced alignment tab character &.
l.156 \eta-(1-\zeta) &
                      > 0, \\
I can't figure out why you would want to use a tab mark
here. If you just want an ampersand, the remedy is
simple: Just type `I\&' now. But if some right brace
up above has ended a previous alignment prematurely,
you're probably due for more error messages, and you
might try typing `S' now just to see what is salvageable.

! Misplaced alignment tab character &.
l.157 2-\xi-\eta-\zeta &
                        > 0。
I can't figure out why you would want to use a tab mark
here. If you just want an ampersand, the remedy is
simple: Just type `I\&' now. But if some right brace
up above has ended a previous alignment prematurely,
you're probably due for more error messages, and you
might try typing `S' now just to see what is salvageable.


! LaTeX Error: \begin{equation} on input line 151 ended by \end{aligned}.

See the LaTeX manual or LaTeX Companion for explanation.
Type  H <return>  for immediate help.
 ...                                              
                                                  
l.158 \end{aligned}
                   
Your command was ignored.
Type  I <command> <return>  to replace it with another command,
or  <return>  to continue without it.

Missing character: There is no 。 ("3002) in font cmr10!

Overfull \hbox (266.9687pt too wide) detected at line 161
[][]
 []


! LaTeX Error: Missing \begin{document}.

See the LaTeX manual or LaTeX Companion for explanation.
Type  H <return>  for immediate help.
 ...                                              
                                                  
l.163 我
       们将要在 $n$ 很大的假设下化简方程\eqref{eq:ch18_ideal_exec_prob_p1}。当 $n$ 很大，由斯特灵(S...

You're in trouble here.  Try typing  <return>  to proceed.
If that doesn't work, type  X <return>  to quit.

Missing character: There is no 我 ("6211) in font nullfont!
Missing character: There is no 们 ("4EEC) in font nullfont!
Missing character: There is no 将 ("5C06) in font nullfont!
Missing character: There is no 要 ("8981) in font nullfont!
Missing character: There is no 在 ("5728) in font nullfont!
Missing character: There is no 很 ("5F88) in font nullfont!
Missing character: There is no 大 ("5927) in font nullfont!
Missing character: There is no 的 ("7684) in font nullfont!
Missing character: There is no 假 ("5047) in font nullfont!
Missing character: There is no 设 ("8BBE) in font nullfont!
Missing character: There is no 下 ("4E0B) in font nullfont!
Missing character: There is no 化 ("5316) in font nullfont!
Missing character: There is no 简 ("7B80) in font nullfont!
Missing character: There is no 方 ("65B9) in font nullfont!
Missing character: There is no 程 ("7A0B) in font nullfont!
! Undefined control sequence.
l.163 我们将要在 $n$ 很大的假设下化简方程\eqref
                                {eq:ch18_ideal_exec_prob_p1}。当 $n$ 很大，由斯特灵(S...
The control sequence at the end of the top line
of your error message was never \def'ed. If you have
misspelled it (e.g., `\hobx'), type `I' and the correct
spelling (e.g., `I\hbox'). Otherwise just continue,
and I'll forget about whatever was undefined.

Missing character: There is no e ("65) in font nullfont!
Missing character: There is no q ("71) in font nullfont!
Missing character: There is no : ("3A) in font nullfont!
Missing character: There is no c ("63) in font nullfont!
Missing character: There is no h ("68) in font nullfont!
Missing character: There is no 1 ("31) in font nullfont!
Missing character: There is no 8 ("38) in font nullfont!
! Missing $ inserted.
<inserted text> 
                $
l.163 我们将要在 $n$ 很大的假设下化简方程\eqref{eq:ch18_
                                         ideal_exec_prob_p1}。当 $n$ 很大，由斯特灵(S...
I've inserted a begin-math/end-math symbol since I think
you left one out. Proceed, with fingers crossed.

! Extra }, or forgotten $.
l.163 ...假设下化简方程\eqref{eq:ch18_ideal_exec_prob_p1}
                                                  。当 $n$ 很大，由斯特灵(Stirling)公式...
I've deleted a group-closing symbol because it seems to be
spurious, as in `$x}$'. But perhaps the } is legitimate and
you forgot something else, as in `\hbox{$x}'. In such cases
the way to recover is to insert both the forgotten and the
deleted material, e.g., by typing `I$}'.

Missing character: There is no 。 ("3002) in font cmr10!
Missing character: There is no 当 ("5F53) in font cmr10!
Missing character: There is no n ("6E) in font nullfont!
Missing character: There is no 很 ("5F88) in font cmr10!
Missing character: There is no 大 ("5927) in font cmr10!
Missing character: There is no ， ("FF0C) in font cmr10!
Missing character: There is no 由 ("7531) in font cmr10!
Missing character: There is no 斯 ("65AF) in font cmr10!
Missing character: There is no 特 ("7279) in font cmr10!
Missing character: There is no 灵 ("7075) in font cmr10!
Missing character: There is no 公 ("516C) in font cmr10!
Missing character: There is no 式 ("5F0F) in font cmr10!
Missing character: There is no ， ("FF0C) in font cmr10!
Missing character: There is no 阶 ("9636) in font cmr10!
Missing character: There is no 乘 ("4E58) in font cmr10!
Missing character: There is no ! ("21) in font nullfont!
! Missing \endgroup inserted.
<inserted text> 
                \endgroup 
l.164 \begin{equation}
                      
I've inserted something that you may have forgotten.
(See the <inserted text> above.)
With luck, this will get me unwedged. But if you
really didn't forget anything, try typing `2' now; then
my insertion and my current dilemma will both disappear.

Missing character: There is no 可 ("53EF) in font cmr10!
Missing character: There is no 以 ("4EE5) in font cmr10!
Missing character: There is no 用 ("7528) in font cmr10!
Missing character: There is no 它 ("5B83) in font cmr10!
Missing character: There is no 的 ("7684) in font cmr10!
Missing character: There is no 渐 ("6E10) in font cmr10!
Missing character: There is no 近 ("8FD1) in font cmr10!
Missing character: There is no 值 ("503C) in font cmr10!
Missing character: There is no 表 ("8868) in font cmr10!
Missing character: There is no 示 ("793A) in font cmr10!
! You can't use `\eqno' in math mode.
\eqno ->\@kernel@eqno 
                      \aftergroup \ignorespaces 
l.167 \end{equation}
                    
Sorry, but I'm not programmed to handle this case;
I'll just pretend that you didn't ask for it.
If you're in the wrong mode, you might be able to
return to the right one by typing `I}' or `I$' or `I\par'.

Missing character: There is no 。 ("3002) in font cmr10!

! LaTeX Error: \begin{document} ended by \end{equation}.

See the LaTeX manual or LaTeX Companion for explanation.
Type  H <return>  for immediate help.
 ...                                              
                                                  
l.167 \end{equation}
                    
Your command was ignored.
Type  I <command> <return>  to replace it with another command,
or  <return>  to continue without it.

! Missing $ inserted.
<inserted text> 
                $
l.167 \end{equation}
                    
I've inserted something that you may have forgotten.
(See the <inserted text> above.)
With luck, this will get me unwedged. But if you
really didn't forget anything, try typing `2' now; then
my insertion and my current dilemma will both disappear.

! Missing } inserted.
<inserted text> 
                }
l.167 \end{equation}
                    
I've inserted something that you may have forgotten.
(See the <inserted text> above.)
With luck, this will get me unwedged. But if you
really didn't forget anything, try typing `2' now; then
my insertion and my current dilemma will both disappear.

! Extra \endgroup.
<recently read> \endgroup 
                          
l.167 \end{equation}
                    
Things are pretty mixed up, but I think the worst is over.

Missing character: There is no 利 ("5229) in font nullfont!
Missing character: There is no 用 ("7528) in font nullfont!
Missing character: There is no 方 ("65B9) in font nullfont!
Missing character: There is no 程 ("7A0B) in font nullfont!
! Undefined control sequence.
l.168 利用方程\eqref
                {eq:ch18_stirling_approx}我们可以写出 $p_1$ 的近似式
The control sequence at the end of the top line
of your error message was never \def'ed. If you have
misspelled it (e.g., `\hobx'), type `I' and the correct
spelling (e.g., `I\hbox'). Otherwise just continue,
and I'll forget about whatever was undefined.

Missing character: There is no e ("65) in font nullfont!
Missing character: There is no q ("71) in font nullfont!
Missing character: There is no : ("3A) in font nullfont!
Missing character: There is no c ("63) in font nullfont!
Missing character: There is no h ("68) in font nullfont!
Missing character: There is no 1 ("31) in font nullfont!
Missing character: There is no 8 ("38) in font nullfont!
! Missing $ inserted.
<inserted text> 
                $
l.168 利用方程\eqref{eq:ch18_
                         stirling_approx}我们可以写出 $p_1$ 的近似式
I've inserted a begin-math/end-math symbol since I think
you left one out. Proceed, with fingers crossed.

! Extra }, or forgotten $.
l.168 利用方程\eqref{eq:ch18_stirling_approx}
                                         我们可以写出 $p_1$ 的近似式
I've deleted a group-closing symbol because it seems to be
spurious, as in `$x}$'. But perhaps the } is legitimate and
you forgot something else, as in `\hbox{$x}'. In such cases
the way to recover is to insert both the forgotten and the
deleted material, e.g., by typing `I$}'.

Missing character: There is no 我 ("6211) in font cmr10!
Missing character: There is no 们 ("4EEC) in font cmr10!
Missing character: There is no 可 ("53EF) in font cmr10!
Missing character: There is no 以 ("4EE5) in font cmr10!
Missing character: There is no 写 ("5199) in font cmr10!
Missing character: There is no 出 ("51FA) in font cmr10!
Missing character: There is no p ("70) in font nullfont!
! Missing $ inserted.
<inserted text> 
                $
l.168 ...\eqref{eq:ch18_stirling_approx}我们可以写出 $p_
                                                  1$ 的近似式
I've inserted a begin-math/end-math symbol since I think
you left one out. Proceed, with fingers crossed.

Missing character: There is no 的 ("7684) in font nullfont!
Missing character: There is no 近 ("8FD1) in font nullfont!
Missing character: There is no 似 ("4F3C) in font nullfont!
Missing character: There is no 式 ("5F0F) in font nullfont!

Overfull \hbox (20.0pt too wide) in paragraph at lines 163--169
[]
 []


Overfull \hbox (6.00235pt too wide) in paragraph at lines 163--169
\OML/cmm/m/it/10 n$
 []


Overfull \hbox (139.82796pt too wide) in paragraph at lines 163--169
[]\OML/cmm/m/it/10 deal[]xec[]rob[]\OT1/cmr/m/n/10 1$$(\OML/cmm/m/it/10 Stirlin
g\OT1/cmr/m/n/10 )($$)$$\OML/cmm/m/it/10 n\OT1/cmr/m/n/10 ! \OMS/cmsy/m/n/10 ^^
Y
 []


Overfull \hbox (71.69763pt too wide) in paragraph at lines 163--169
[]\OT1/cmr/m/n/10 e[]\OML/cmm/m/it/10 n[][][]$$$
 []


Overfull \hbox (68.25581pt too wide) in paragraph at lines 163--169
[]\OML/cmm/m/it/10 tirling[]pprox$$[]$
 []


Overfull \hbox (131.2565pt too wide) detected at line 172
\OML/cmm/m/it/10 p[]\OT1/cmr/m/n/10 (\OML/cmm/m/it/10 ^^X; ^^Q; ^^P\OT1/cmr/m/n
/10 ; \OML/cmm/m/it/10 n\OT1/cmr/m/n/10 ) = [][] e[]\OML/cmm/m/it/10 ;[]
 []

Missing character: There is no 其 ("5176) in font nullfont!
Missing character: There is no 中 ("4E2D) in font nullfont!

Overfull \hbox (210.67722pt too wide) detected at line 177
\OML/cmm/m/it/10 a \OT1/cmr/m/n/10 = [][]
 []

Missing character: There is no 以 ("4EE5) in font nullfont!
Missing character: There is no 及 ("53CA) in font nullfont!

! LaTeX Error: Environment aligned undefined.

See the LaTeX manual or LaTeX Companion for explanation.
Type  H <return>  for immediate help.
 ...                                              
                                                  
l.180 \begin{aligned}
                     
Your command was ignored.
Type  I <command> <return>  to replace it with another command,
or  <return>  to continue without it.

! Misplaced alignment tab character &.
l.181 \theta &
              = (\xi+\zeta-1)\log(\xi+\zeta-1) + (\eta+\zeta-1)\log(\eta+\ze...
I can't figure out why you would want to use a tab mark
here. If you just want an ampersand, the remedy is
simple: Just type `I\&' now. But if some right brace
up above has ended a previous alignment prematurely,
you're probably due for more error messages, and you
might try typing `S' now just to see what is salvageable.

! Misplaced alignment tab character &.
<recently read> &
                 
l.182 &
       \quad + (1-\zeta)\log(1-\zeta) + (2-\xi-\eta-\zeta)\log(2-\xi-\eta-\z...
I can't figure out why you would want to use a tab mark
here. If you just want an ampersand, the remedy is
simple: Just type `I\&' now. But if some right brace
up above has ended a previous alignment prematurely,
you're probably due for more error messages, and you
might try typing `S' now just to see what is salvageable.

! Misplaced alignment tab character &.
<recently read> &
                 
l.183 &
       \quad - \xi\log\xi - (1-\xi)\log(1-\xi) - \eta\log\eta - (1-\eta)\log...
I can't figure out why you would want to use a tab mark
here. If you just want an ampersand, the remedy is
simple: Just type `I\&' now. But if some right brace
up above has ended a previous alignment prematurely,
you're probably due for more error messages, and you
might try typing `S' now just to see what is salvageable.


! LaTeX Error: \begin{equation} on input line 179 ended by \end{aligned}.

See the LaTeX manual or LaTeX Companion for explanation.
Type  H <return>  for immediate help.
 ...                                              
                                                  
l.184 \end{aligned}
                   
Your command was ignored.
Type  I <command> <return>  to replace it with another command,
or  <return>  to continue without it.

Missing character: There is no 。 ("3002) in font cmr10!

Overfull \hbox (623.8158pt too wide) detected at line 186
\OML/cmm/m/it/10 ^^R \OT1/cmr/m/n/10 = (\OML/cmm/m/it/10 ^^X \OT1/cmr/m/n/10 + 
\OML/cmm/m/it/10 ^^P \OMS/cmsy/m/n/10 ^^@ \OT1/cmr/m/n/10 1) [](\OML/cmm/m/it/1
0 ^^X \OT1/cmr/m/n/10 + \OML/cmm/m/it/10 ^^P \OMS/cmsy/m/n/10 ^^@ \OT1/cmr/m/n/
10 1) + (\OML/cmm/m/it/10 ^^Q \OT1/cmr/m/n/10 + \OML/cmm/m/it/10 ^^P \OMS/cmsy/
m/n/10 ^^@ \OT1/cmr/m/n/10 1) [](\OML/cmm/m/it/10 ^^Q \OT1/cmr/m/n/10 + \OML/cm
m/m/it/10 ^^P \OMS/cmsy/m/n/10 ^^@ \OT1/cmr/m/n/10 1)[]   + (1 \OMS/cmsy/m/n/10
 ^^@ \OML/cmm/m/it/10 ^^P\OT1/cmr/m/n/10 ) [](1 \OMS/cmsy/m/n/10 ^^@ \OML/cmm/m
/it/10 ^^P\OT1/cmr/m/n/10 ) + (2 \OMS/cmsy/m/n/10 ^^@ \OML/cmm/m/it/10 ^^X \OMS
/cmsy/m/n/10 ^^@ \OML/cmm/m/it/10 ^^Q \OMS/cmsy/m/n/10 ^^@ \OML/cmm/m/it/10 ^^P
\OT1/cmr/m/n/10 ) [](2 \OMS/cmsy/m/n/10 ^^@ \OML/cmm/m/it/10 ^^X \OMS/cmsy/m/n/
10 ^^@ \OML/cmm/m/it/10 ^^Q \OMS/cmsy/m/n/10 ^^@ \OML/cmm/m/it/10 ^^P\OT1/cmr/m
/n/10 )[]   \OMS/cmsy/m/n/10 ^^@ \OML/cmm/m/it/10 ^^X [] ^^X \OMS/cmsy/m/n/10 ^
^@ \OT1/cmr/m/n/10 (1 \OMS/cmsy/m/n/10 ^^@ \OML/cmm/m/it/10 ^^X\OT1/cmr/m/n/10 
) [](1 \OMS/cmsy/m/n/10 ^^@ \OML/cmm/m/it/10 ^^X\OT1/cmr/m/n/10 ) \OMS/cmsy/m/n
/10 ^^@ \OML/cmm/m/it/10 ^^Q [] ^^Q \OMS/cmsy/m/n/10 ^^@ \OT1/cmr/m/n/10 (1 \OM
S/cmsy/m/n/10 ^^@ \OML/cmm/m/it/10 ^^Q\OT1/cmr/m/n/10 ) [](1 \OMS/cmsy/m/n/10 ^
^@ \OML/cmm/m/it/10 ^^Q\OT1/cmr/m/n/10 )[]
 []

Missing character: There is no 把 ("628A) in font nullfont!
Missing character: There is no 对 ("5BF9) in font nullfont!
Missing character: There is no 求 ("6C42) in font nullfont!
Missing character: There is no 微 ("5FAE) in font nullfont!
Missing character: There is no 商 ("5546) in font nullfont!
Missing character: There is no ， ("FF0C) in font nullfont!
Missing character: There is no 我 ("6211) in font nullfont!
Missing character: There is no 们 ("4EEC) in font nullfont!
Missing character: There is no 得 ("5F97) in font nullfont!
Missing character: There is no 到 ("5230) in font nullfont!

Overfull \hbox (4.97223pt too wide) in paragraph at lines 186--188
 $\OML/cmm/m/it/10 ^^R$
 []


Overfull \hbox (5.11285pt too wide) in paragraph at lines 186--188
\OML/cmm/m/it/10 ^^P$
 []


Overfull \hbox (141.3008pt too wide) detected at line 191
[] \OT1/cmr/m/n/10 = [] []\OML/cmm/m/it/10 ;[]
 []

Missing character: There is no 以 ("4EE5) in font nullfont!
Missing character: There is no 及 ("53CA) in font nullfont!
Missing character: There is no 。 ("3002) in font cmr10!

Overfull \hbox (222.67706pt too wide) detected at line 196
[] \OT1/cmr/m/n/10 = [] + [] + [] + [][]
 []

Missing character: There is no 由 ("7531) in font nullfont!
Missing character: There is no 于 ("4E8E) in font nullfont!
Missing character: There is no 这 ("8FD9) in font nullfont!
Missing character: There is no 些 ("4E9B) in font nullfont!
Missing character: There is no 方 ("65B9) in font nullfont!
Missing character: There is no 程 ("7A0B) in font nullfont!
Missing character: There is no 我 ("6211) in font nullfont!
Missing character: There is no 们 ("4EEC) in font nullfont!
Missing character: There is no 找 ("627E) in font nullfont!
Missing character: There is no 到 ("5230) in font nullfont!
Missing character: There is no 在 ("5728) in font nullfont!
Missing character: There is no ， ("FF0C) in font nullfont!
Missing character: There is no 。 ("3002) in font nullfont!
Missing character: There is no 更 ("66F4) in font nullfont!
Missing character: There is no 进 ("8FDB) in font nullfont!
Missing character: There is no 一 ("4E00) in font nullfont!
Missing character: There is no 步 ("6B65) in font nullfont!
Missing character: There is no ， ("FF0C) in font nullfont!
Missing character: There is no 因 ("56E0) in font nullfont!
Missing character: There is no 为 ("4E3A) in font nullfont!
Missing character: There is no 方 ("65B9) in font nullfont!
Missing character: There is no 程 ("7A0B) in font nullfont!
! Undefined control sequence.
l.197 ...theta}{\partial \zeta}=0$。更进一步，因为方程\eqref
                                                  {eq:ch18_valid_range_inequ...
The control sequence at the end of the top line
of your error message was never \def'ed. If you have
misspelled it (e.g., `\hobx'), type `I' and the correct
spelling (e.g., `I\hbox'). Otherwise just continue,
and I'll forget about whatever was undefined.

Missing character: There is no e ("65) in font nullfont!
Missing character: There is no q ("71) in font nullfont!
Missing character: There is no : ("3A) in font nullfont!
Missing character: There is no c ("63) in font nullfont!
Missing character: There is no h ("68) in font nullfont!
Missing character: There is no 1 ("31) in font nullfont!
Missing character: There is no 8 ("38) in font nullfont!
! Missing $ inserted.
<inserted text> 
                $
l.197 ...artial \zeta}=0$。更进一步，因为方程\eqref{eq:ch18_
                                                  valid_range_inequalities}的...
I've inserted a begin-math/end-math symbol since I think
you left one out. Proceed, with fingers crossed.

! Extra }, or forgotten $.
l.197 ...程\eqref{eq:ch18_valid_range_inequalities}
                                                  的条件，$\frac{\partial^2 \the...
I've deleted a group-closing symbol because it seems to be
spurious, as in `$x}$'. But perhaps the } is legitimate and
you forgot something else, as in `\hbox{$x}'. In such cases
the way to recover is to insert both the forgotten and the
deleted material, e.g., by typing `I$}'.

Missing character: There is no 的 ("7684) in font cmr10!
Missing character: There is no 条 ("6761) in font cmr10!
Missing character: There is no 件 ("4EF6) in font cmr10!
Missing character: There is no ， ("FF0C) in font cmr10!
! Missing $ inserted.
<inserted text> 
                $
l.197 ...frac{\partial^2 \theta}{\partial \zeta^2}
                                                  $ 总是正数，所以 $\theta$ 只有一个零点在...
I've inserted a begin-math/end-math symbol since I think
you left one out. Proceed, with fingers crossed.

! Missing $ inserted.
<inserted text> 
                $
l.197 ...frac{\partial^2 \theta}{\partial \zeta^2}
                                                  $ 总是正数，所以 $\theta$ 只有一个零点在...
I've inserted something that you may have forgotten.
(See the <inserted text> above.)
With luck, this will get me unwedged. But if you
really didn't forget anything, try typing `2' now; then
my insertion and my current dilemma will both disappear.

! Missing $ inserted.
<inserted text> 
                $
l.197 ...frac{\partial^2 \theta}{\partial \zeta^2}
                                                  $ 总是正数，所以 $\theta$ 只有一个零点在...
I've inserted a begin-math/end-math symbol since I think
you left one out. Proceed, with fingers crossed.

! Extra }, or forgotten $.
\frac  #1#2->{\begingroup #1\endgroup \over #2}
                                               
l.197 ...frac{\partial^2 \theta}{\partial \zeta^2}
                                                  $ 总是正数，所以 $\theta$ 只有一个零点在...
I've deleted a group-closing symbol because it seems to be
spurious, as in `$x}$'. But perhaps the } is legitimate and
you forgot something else, as in `\hbox{$x}'. In such cases
the way to recover is to insert both the forgotten and the
deleted material, e.g., by typing `I$}'.

Missing character: There is no 总 ("603B) in font nullfont!
Missing character: There is no 是 ("662F) in font nullfont!
Missing character: There is no 正 ("6B63) in font nullfont!
Missing character: There is no 数 ("6570) in font nullfont!
Missing character: There is no ， ("FF0C) in font nullfont!
Missing character: There is no 所 ("6240) in font nullfont!
Missing character: There is no 以 ("4EE5) in font nullfont!
Missing character: There is no 只 ("53EA) in font nullfont!
Missing character: There is no 有 ("6709) in font nullfont!
Missing character: There is no 一 ("4E00) in font nullfont!
Missing character: There is no 个 ("4E2A) in font nullfont!
Missing character: There is no 零 ("96F6) in font nullfont!
Missing character: There is no 点 ("70B9) in font nullfont!
Missing character: There is no 在 ("5728) in font nullfont!
Missing character: There is no 。 ("3002) in font nullfont!
Missing character: There is no 于 ("4E8E) in font nullfont!
Missing character: There is no 是 ("662F) in font nullfont!
Missing character: There is no 假 ("5047) in font nullfont!
Missing character: There is no 设 ("8BBE) in font nullfont!
Missing character: There is no 很 ("5F88) in font nullfont!
Missing character: There is no 大 ("5927) in font nullfont!
Missing character: There is no ， ("FF0C) in font nullfont!
Missing character: There is no 方 ("65B9) in font nullfont!
Missing character: There is no 程 ("7A0B) in font nullfont!
! Undefined control sequence.
l.197 ...点在 $\zeta=1-\xi\eta$。于是假设 $n$ 很大，方程\eqref
                                                  {eq:ch18_p1_asymptotic_for...
The control sequence at the end of the top line
of your error message was never \def'ed. If you have
misspelled it (e.g., `\hobx'), type `I' and the correct
spelling (e.g., `I\hbox'). Otherwise just continue,
and I'll forget about whatever was undefined.

Missing character: There is no e ("65) in font nullfont!
Missing character: There is no q ("71) in font nullfont!
Missing character: There is no : ("3A) in font nullfont!
Missing character: There is no c ("63) in font nullfont!
Missing character: There is no h ("68) in font nullfont!
Missing character: There is no 1 ("31) in font nullfont!
Missing character: There is no 8 ("38) in font nullfont!
! Missing $ inserted.
<inserted text> 
                $
l.197 ...=1-\xi\eta$。于是假设 $n$ 很大，方程\eqref{eq:ch18_
                                                  p1_asymptotic_form}中的负幂说明我...
I've inserted a begin-math/end-math symbol since I think
you left one out. Proceed, with fingers crossed.

! Extra }, or forgotten $.
l.197 ...$ 很大，方程\eqref{eq:ch18_p1_asymptotic_form}
                                                  中的负幂说明我们只需要考虑 $\theta$ 在它的...
I've deleted a group-closing symbol because it seems to be
spurious, as in `$x}$'. But perhaps the } is legitimate and
you forgot something else, as in `\hbox{$x}'. In such cases
the way to recover is to insert both the forgotten and the
deleted material, e.g., by typing `I$}'.

Missing character: There is no 中 ("4E2D) in font cmr10!
Missing character: There is no 的 ("7684) in font cmr10!
Missing character: There is no 负 ("8D1F) in font cmr10!
Missing character: There is no 幂 ("5E42) in font cmr10!
Missing character: There is no 说 ("8BF4) in font cmr10!
Missing character: There is no 明 ("660E) in font cmr10!
Missing character: There is no 我 ("6211) in font cmr10!
Missing character: There is no 们 ("4EEC) in font cmr10!
Missing character: There is no 只 ("53EA) in font cmr10!
Missing character: There is no 需 ("9700) in font cmr10!
Missing character: There is no 要 ("8981) in font cmr10!
Missing character: There is no 考 ("8003) in font cmr10!
Missing character: There is no 虑 ("8651) in font cmr10!
! Missing $ inserted.
<inserted text> 
                $
l.197 ..._p1_asymptotic_form}中的负幂说明我们只需要考虑 $\theta
                                                  $ 在它的零点附近的情况就够了。但是，在 $\the...
I've inserted a begin-math/end-math symbol since I think
you left one out. Proceed, with fingers crossed.

Missing character: There is no 在 ("5728) in font nullfont!
Missing character: There is no 它 ("5B83) in font nullfont!
Missing character: There is no 的 ("7684) in font nullfont!
Missing character: There is no 零 ("96F6) in font nullfont!
Missing character: There is no 点 ("70B9) in font nullfont!
Missing character: There is no 附 ("9644) in font nullfont!
Missing character: There is no 近 ("8FD1) in font nullfont!
Missing character: There is no 的 ("7684) in font nullfont!
Missing character: There is no 情 ("60C5) in font nullfont!
Missing character: There is no 况 ("51B5) in font nullfont!
Missing character: There is no 就 ("5C31) in font nullfont!
Missing character: There is no 够 ("591F) in font nullfont!
Missing character: There is no 了 ("4E86) in font nullfont!
Missing character: There is no 。 ("3002) in font nullfont!
Missing character: There is no 但 ("4F46) in font nullfont!
Missing character: There is no 是 ("662F) in font nullfont!
Missing character: There is no ， ("FF0C) in font nullfont!
Missing character: There is no 在 ("5728) in font nullfont!
Missing character: There is no 的 ("7684) in font nullfont!
Missing character: There is no 零 ("96F6) in font nullfont!
Missing character: There is no 点 ("70B9) in font nullfont!
Missing character: There is no ， ("FF0C) in font nullfont!
Missing character: There is no ， ("FF0C) in font nullfont!

! LaTeX Error: Environment equation* undefined.

See the LaTeX manual or LaTeX Companion for explanation.
Type  H <return>  for immediate help.
 ...                                              
                                                  
l.198 \begin{equation*}
                       
Your command was ignored.
Type  I <command> <return>  to replace it with another command,
or  <return>  to continue without it.

! Missing $ inserted.
<inserted text> 
                $
l.199 \frac{\partial^2 \theta}{\partial \zeta^2}
                                                 = \frac{1}{\xi(1-\eta)} + \...
I've inserted a begin-math/end-math symbol since I think
you left one out. Proceed, with fingers crossed.

! Missing $ inserted.
<inserted text> 
                $
l.199 \frac{\partial^2 \theta}{\partial \zeta^2}
                                                 = \frac{1}{\xi(1-\eta)} + \...
I've inserted something that you may have forgotten.
(See the <inserted text> above.)
With luck, this will get me unwedged. But if you
really didn't forget anything, try typing `2' now; then
my insertion and my current dilemma will both disappear.

! Missing $ inserted.
<inserted text> 
                $
l.199 \frac{\partial^2 \theta}{\partial \zeta^2}
                                                 = \frac{1}{\xi(1-\eta)} + \...
I've inserted a begin-math/end-math symbol since I think
you left one out. Proceed, with fingers crossed.

! Extra }, or forgotten $.
\frac  #1#2->{\begingroup #1\endgroup \over #2}
                                               
l.199 \frac{\partial^2 \theta}{\partial \zeta^2}
                                                 = \frac{1}{\xi(1-\eta)} + \...
I've deleted a group-closing symbol because it seems to be
spurious, as in `$x}$'. But perhaps the } is legitimate and
you forgot something else, as in `\hbox{$x}'. In such cases
the way to recover is to insert both the forgotten and the
deleted material, e.g., by typing `I$}'.


! LaTeX Error: \begin{document} ended by \end{equation*}.

See the LaTeX manual or LaTeX Companion for explanation.
Type  H <return>  for immediate help.
 ...                                              
                                                  
l.200 \end{equation*}
                     
Your command was ignored.
Type  I <command> <return>  to replace it with another command,
or  <return>  to continue without it.

! Missing $ inserted.
<inserted text> 
                $
l.200 \end{equation*}
                     
I've inserted something that you may have forgotten.
(See the <inserted text> above.)
With luck, this will get me unwedged. But if you
really didn't forget anything, try typing `2' now; then
my insertion and my current dilemma will both disappear.

Missing character: There is no 。 ("3002) in font cmr7!
! Missing } inserted.
<inserted text> 
                }
l.200 \end{equation*}
                     
I've inserted something that you may have forgotten.
(See the <inserted text> above.)
With luck, this will get me unwedged. But if you
really didn't forget anything, try typing `2' now; then
my insertion and my current dilemma will both disappear.

Missing character: There is no 在 ("5728) in font nullfont!
Missing character: There is no 的 ("7684) in font nullfont!
Missing character: There is no 附 ("9644) in font nullfont!
Missing character: There is no 近 ("8FD1) in font nullfont!
Missing character: There is no ， ("FF0C) in font nullfont!
Missing character: There is no 可 ("53EF) in font nullfont!
Missing character: There is no 以 ("4EE5) in font nullfont!
Missing character: There is no 近 ("8FD1) in font nullfont!
Missing character: There is no 似 ("4F3C) in font nullfont!
Missing character: There is no 的 ("7684) in font nullfont!
Missing character: There is no 写 ("5199) in font nullfont!
Missing character: There is no 成 ("6210) in font nullfont!

Overfull \hbox (15.66837pt too wide) in paragraph at lines 196--202
 $\OML/cmm/m/it/10 ^^P \OT1/cmr/m/n/10 =
 []


Overfull \hbox (12.77782pt too wide) in paragraph at lines 196--202
\OT1/cmr/m/n/10 1 \OMS/cmsy/m/n/10 ^^@
 []


Overfull \hbox (25.6869pt too wide) in paragraph at lines 196--202
\OML/cmm/m/it/10 ^^X^^Q$$^^R \OT1/cmr/m/n/10 =
 []


Overfull \hbox (21.74942pt too wide) in paragraph at lines 196--202
[] \OT1/cmr/m/n/10 =
 []


Overfull \hbox (135.63554pt too wide) in paragraph at lines 196--202
\OT1/cmr/m/n/10 0$$[]\OML/cmm/m/it/10 alid[]ange[]nequalities$$@[]^^R$$[]$
 []


Overfull \hbox (4.97223pt too wide) in paragraph at lines 196--202
\OML/cmm/m/it/10 ^^R$
 []


Overfull \hbox (15.66837pt too wide) in paragraph at lines 196--202
\OML/cmm/m/it/10 ^^P \OT1/cmr/m/n/10 =
 []


Overfull \hbox (12.77782pt too wide) in paragraph at lines 196--202
\OT1/cmr/m/n/10 1 \OMS/cmsy/m/n/10 ^^@
 []


Overfull \hbox (10.15916pt too wide) in paragraph at lines 196--202
\OML/cmm/m/it/10 ^^X^^Q$
 []


Overfull \hbox (6.00235pt too wide) in paragraph at lines 196--202
\OML/cmm/m/it/10 n$
 []


Overfull \hbox (86.63568pt too wide) in paragraph at lines 196--202
[]\OT1/cmr/m/n/10 1[]\OML/cmm/m/it/10 symptotic[]orm$$^^R$
 []


Overfull \hbox (4.97223pt too wide) in paragraph at lines 196--202
\OML/cmm/m/it/10 ^^R$
 []


Overfull \hbox (15.66837pt too wide) in paragraph at lines 196--202
\OML/cmm/m/it/10 ^^P \OT1/cmr/m/n/10 =
 []


Overfull \hbox (12.77782pt too wide) in paragraph at lines 196--202
\OT1/cmr/m/n/10 1 \OMS/cmsy/m/n/10 ^^@
 []


Overfull \hbox (10.15916pt too wide) in paragraph at lines 196--202
\OML/cmm/m/it/10 ^^X^^Q$
 []


Overfull \hbox (202.46799pt too wide) in paragraph at lines 196--202
\OML/cmm/m/it/10 @[]^^R$$[]$
 []


Overfull \hbox (15.66837pt too wide) in paragraph at lines 196--202
\OML/cmm/m/it/10 ^^P \OT1/cmr/m/n/10 =
 []


Overfull \hbox (12.77782pt too wide) in paragraph at lines 196--202
\OT1/cmr/m/n/10 1 \OMS/cmsy/m/n/10 ^^@
 []


Overfull \hbox (10.15916pt too wide) in paragraph at lines 196--202
\OML/cmm/m/it/10 ^^X^^Q$
 []


Overfull \hbox (4.97223pt too wide) in paragraph at lines 196--202
\OML/cmm/m/it/10 ^^R$
 []

Missing character: There is no 。 ("3002) in font cmr10!

Overfull \hbox (98.42369pt too wide) detected at line 205
\OML/cmm/m/it/10 ^^R \OMS/cmsy/m/n/10 ^^X [][][]
 []

Missing character: There is no 是 ("662F) in font nullfont!
Missing character: There is no 的 ("7684) in font nullfont!
Missing character: There is no 函 ("51FD) in font nullfont!
Missing character: There is no 数 ("6570) in font nullfont!
Missing character: There is no ， ("FF0C) in font nullfont!
Missing character: There is no 当 ("5F53) in font nullfont!
Missing character: There is no 很 ("5F88) in font nullfont!
Missing character: There is no 大 ("5927) in font nullfont!
Missing character: There is no 的 ("7684) in font nullfont!
Missing character: There is no 时 ("65F6) in font nullfont!
Missing character: There is no 候 ("5019) in font nullfont!
Missing character: There is no ， ("FF0C) in font nullfont!
Missing character: There is no 它 ("5B83) in font nullfont!
Missing character: There is no 和 ("548C) in font nullfont!
Missing character: There is no 方 ("65B9) in font nullfont!
Missing character: There is no 程 ("7A0B) in font nullfont!
! Undefined control sequence.
l.206 $a$ 是 $\zeta$ 的函数，当 $n$ 很大的时候，它和方程\eqref
                                              {eq:ch18_p1_asymptotic_form}的指...
The control sequence at the end of the top line
of your error message was never \def'ed. If you have
misspelled it (e.g., `\hobx'), type `I' and the correct
spelling (e.g., `I\hbox'). Otherwise just continue,
and I'll forget about whatever was undefined.

Missing character: There is no e ("65) in font nullfont!
Missing character: There is no q ("71) in font nullfont!
Missing character: There is no : ("3A) in font nullfont!
Missing character: There is no c ("63) in font nullfont!
Missing character: There is no h ("68) in font nullfont!
Missing character: There is no 1 ("31) in font nullfont!
Missing character: There is no 8 ("38) in font nullfont!
! Missing $ inserted.
<inserted text> 
                $
l.206 ...zeta$ 的函数，当 $n$ 很大的时候，它和方程\eqref{eq:ch18_
                                                  p1_asymptotic_form}的指数比较起来...
I've inserted a begin-math/end-math symbol since I think
you left one out. Proceed, with fingers crossed.

! Extra }, or forgotten $.
l.206 ...时候，它和方程\eqref{eq:ch18_p1_asymptotic_form}
                                                  的指数比较起来是一个变化缓慢的函数。所以，我们可以取...
I've deleted a group-closing symbol because it seems to be
spurious, as in `$x}$'. But perhaps the } is legitimate and
you forgot something else, as in `\hbox{$x}'. In such cases
the way to recover is to insert both the forgotten and the
deleted material, e.g., by typing `I$}'.

Missing character: There is no 的 ("7684) in font cmr10!
Missing character: There is no 指 ("6307) in font cmr10!
Missing character: There is no 数 ("6570) in font cmr10!
Missing character: There is no 比 ("6BD4) in font cmr10!
Missing character: There is no 较 ("8F83) in font cmr10!
Missing character: There is no 起 ("8D77) in font cmr10!
Missing character: There is no 来 ("6765) in font cmr10!
Missing character: There is no 是 ("662F) in font cmr10!
Missing character: There is no 一 ("4E00) in font cmr10!
Missing character: There is no 个 ("4E2A) in font cmr10!
Missing character: There is no 变 ("53D8) in font cmr10!
Missing character: There is no 化 ("5316) in font cmr10!
Missing character: There is no 缓 ("7F13) in font cmr10!
Missing character: There is no 慢 ("6162) in font cmr10!
Missing character: There is no 的 ("7684) in font cmr10!
Missing character: There is no 函 ("51FD) in font cmr10!
Missing character: There is no 数 ("6570) in font cmr10!
Missing character: There is no 。 ("3002) in font cmr10!
Missing character: There is no 所 ("6240) in font cmr10!
Missing character: There is no 以 ("4EE5) in font cmr10!
Missing character: There is no ， ("FF0C) in font cmr10!
Missing character: There is no 我 ("6211) in font cmr10!
Missing character: There is no 们 ("4EEC) in font cmr10!
Missing character: There is no 可 ("53EF) in font cmr10!
Missing character: There is no 以 ("4EE5) in font cmr10!
Missing character: There is no 取 ("53D6) in font cmr10!
Missing character: There is no a ("61) in font nullfont!
Missing character: There is no 在 ("5728) in font cmr10!
Missing character: There is no 点 ("70B9) in font cmr10!
! Missing $ inserted.
<inserted text> 
                $
l.206 ...}的指数比较起来是一个变化缓慢的函数。所以，我们可以取 $a$ 在点 $\zeta
                                                  =1-\xi\eta$ 的值，或者
I've inserted a begin-math/end-math symbol since I think
you left one out. Proceed, with fingers crossed.

Missing character: There is no 的 ("7684) in font nullfont!
Missing character: There is no 值 ("503C) in font nullfont!
Missing character: There is no ， ("FF0C) in font nullfont!
Missing character: There is no 或 ("6216) in font nullfont!
Missing character: There is no 者 ("8005) in font nullfont!

Overfull \hbox (5.28589pt too wide) in paragraph at lines 205--207
$\OML/cmm/m/it/10 a$
 []


Overfull \hbox (5.11285pt too wide) in paragraph at lines 205--207
\OML/cmm/m/it/10 ^^P$
 []


Overfull \hbox (6.00235pt too wide) in paragraph at lines 205--207
\OML/cmm/m/it/10 n$
 []


Overfull \hbox (97.33182pt too wide) in paragraph at lines 205--207
[]\OT1/cmr/m/n/10 1[]\OML/cmm/m/it/10 symptotic[]orm$$$$^^P \OT1/cmr/m/n/10 =
 []


Overfull \hbox (12.77782pt too wide) in paragraph at lines 205--207
\OT1/cmr/m/n/10 1 \OMS/cmsy/m/n/10 ^^@
 []


Overfull \hbox (10.15916pt too wide) in paragraph at lines 205--207
\OML/cmm/m/it/10 ^^X^^Q$
 []

Missing character: There is no 。 ("3002) in font cmr10!

Overfull \hbox (91.33734pt too wide) detected at line 210
\OML/cmm/m/it/10 a \OMS/cmsy/m/n/10 ^^X [][]
 []

Missing character: There is no 因 ("56E0) in font nullfont!
Missing character: There is no 此 ("6B64) in font nullfont!
Missing character: There is no ， ("FF0C) in font nullfont!
Missing character: There is no 最 ("6700) in font nullfont!
Missing character: There is no 后 ("540E) in font nullfont!
Missing character: There is no 当 ("5F53) in font nullfont!
Missing character: There is no 很 ("5F88) in font nullfont!
Missing character: There is no 大 ("5927) in font nullfont!
Missing character: There is no 时 ("65F6) in font nullfont!
Missing character: There is no 的 ("7684) in font nullfont!
Missing character: There is no 近 ("8FD1) in font nullfont!
Missing character: There is no 似 ("4F3C) in font nullfont!
Missing character: There is no 表 ("8868) in font nullfont!
Missing character: There is no 达 ("8FBE) in font nullfont!
Missing character: There is no 式 ("5F0F) in font nullfont!
Missing character: There is no 是 ("662F) in font nullfont!

Overfull \hbox (6.00235pt too wide) in paragraph at lines 210--212
 $\OML/cmm/m/it/10 n$
 []


Overfull \hbox (51.90279pt too wide) in paragraph at lines 210--212
\OML/cmm/m/it/10 p[]\OT1/cmr/m/n/10 (\OML/cmm/m/it/10 ^^X; ^^Q; ^^P\OT1/cmr/m/n
/10 ; \OML/cmm/m/it/10 n\OT1/cmr/m/n/10 )$
 []

Missing character: There is no 。 ("3002) in font cmr10!

Overfull \hbox (255.53221pt too wide) detected at line 215
\OML/cmm/m/it/10 p[]\OT1/cmr/m/n/10 (\OML/cmm/m/it/10 ^^X; ^^Q; ^^P\OT1/cmr/m/n
/10 ; \OML/cmm/m/it/10 n\OT1/cmr/m/n/10 ) \OMS/cmsy/m/n/10 ^^Y []\OT1/cmr/m/n/1
0 e[][]
 []

Missing character: There is no 所 ("6240) in font nullfont!
Missing character: There is no 以 ("4EE5) in font nullfont!
Missing character: There is no 也 ("4E5F) in font nullfont!
Missing character: There is no 是 ("662F) in font nullfont!
Missing character: There is no 的 ("7684) in font nullfont!
Missing character: There is no 正 ("6B63) in font nullfont!
Missing character: There is no 态 ("6001) in font nullfont!
Missing character: There is no 分 ("5206) in font nullfont!
Missing character: There is no 布 ("5E03) in font nullfont!
Missing character: There is no 函 ("51FD) in font nullfont!
Missing character: There is no 数 ("6570) in font nullfont!
Missing character: There is no 。 ("3002) in font nullfont!

Overfull \hbox (9.51738pt too wide) in paragraph at lines 215--217
 $\OML/cmm/m/it/10 p[]$
 []


Overfull \hbox (5.11285pt too wide) in paragraph at lines 215--217
\OML/cmm/m/it/10 ^^P$
 []


! LaTeX Error: Missing \begin{document}.

See the LaTeX manual or LaTeX Companion for explanation.
Type  H <return>  for immediate help.
 ...                                              
                                                  
l.218 当
        $n$ 很大的时候，我们来把概率表达式 $p_1(\xi,\eta,\zeta;n)$ 进行修改，而得到连续的分布函数 $W(\zeta...

You're in trouble here.  Try typing  <return>  to proceed.
If that doesn't work, type  X <return>  to quit.

Missing character: There is no 当 ("5F53) in font nullfont!
Missing character: There is no 很 ("5F88) in font nullfont!
Missing character: There is no 大 ("5927) in font nullfont!
Missing character: There is no 的 ("7684) in font nullfont!
Missing character: There is no 时 ("65F6) in font nullfont!
Missing character: There is no 候 ("5019) in font nullfont!
Missing character: There is no ， ("FF0C) in font nullfont!
Missing character: There is no 我 ("6211) in font nullfont!
Missing character: There is no 们 ("4EEC) in font nullfont!
Missing character: There is no 来 ("6765) in font nullfont!
Missing character: There is no 把 ("628A) in font nullfont!
Missing character: There is no 概 ("6982) in font nullfont!
Missing character: There is no 率 ("7387) in font nullfont!
Missing character: There is no 表 ("8868) in font nullfont!
Missing character: There is no 达 ("8FBE) in font nullfont!
Missing character: There is no 式 ("5F0F) in font nullfont!
Missing character: There is no 进 ("8FDB) in font nullfont!
Missing character: There is no 行 ("884C) in font nullfont!
Missing character: There is no 修 ("4FEE) in font nullfont!
Missing character: There is no 改 ("6539) in font nullfont!
Missing character: There is no ， ("FF0C) in font nullfont!
Missing character: There is no 而 ("800C) in font nullfont!
Missing character: There is no 得 ("5F97) in font nullfont!
Missing character: There is no 到 ("5230) in font nullfont!
Missing character: There is no 连 ("8FDE) in font nullfont!
Missing character: There is no 续 ("7EED) in font nullfont!
Missing character: There is no 的 ("7684) in font nullfont!
Missing character: There is no 分 ("5206) in font nullfont!
Missing character: There is no 布 ("5E03) in font nullfont!
Missing character: There is no 函 ("51FD) in font nullfont!
Missing character: There is no 数 ("6570) in font nullfont!
Missing character: There is no 。 ("3002) in font nullfont!
Missing character: There is no 假 ("5047) in font nullfont!
Missing character: There is no 设 ("8BBE) in font nullfont!
Missing character: There is no 表 ("8868) in font nullfont!
Missing character: There is no 示 ("793A) in font nullfont!
Missing character: There is no 输 ("8F93) in font nullfont!
Missing character: There is no 出 ("51FA) in font nullfont!
Missing character: There is no 中 ("4E2D) in font nullfont!
Missing character: There is no 激 ("6FC0) in font nullfont!
Missing character: There is no 发 ("53D1) in font nullfont!
Missing character: There is no 线 ("7EBF) in font nullfont!
Missing character: There is no 的 ("7684) in font nullfont!
Missing character: There is no 数 ("6570) in font nullfont!
Missing character: There is no 目 ("76EE) in font nullfont!
Missing character: There is no 在 ("5728) in font nullfont!
Missing character: There is no 与 ("4E0E) in font nullfont!
Missing character: There is no 之 ("4E4B) in font nullfont!
Missing character: There is no 间 ("95F4) in font nullfont!
Missing character: There is no 的 ("7684) in font nullfont!
Missing character: There is no 概 ("6982) in font nullfont!
Missing character: There is no 率 ("7387) in font nullfont!
Missing character: There is no ， ("FF0C) in font nullfont!
Missing character: There is no 于 ("4E8E) in font nullfont!
Missing character: There is no 是 ("662F) in font nullfont!
Missing character: There is no ， ("FF0C) in font nullfont!
Missing character: There is no 而 ("800C) in font nullfont!
Missing character: There is no 这 ("8FD9) in font nullfont!
Missing character: There is no 个 ("4E2A) in font nullfont!
Missing character: There is no 概 ("6982) in font nullfont!
Missing character: There is no 率 ("7387) in font nullfont!
Missing character: There is no 就 ("5C31) in font nullfont!
Missing character: There is no 等 ("7B49) in font nullfont!
Missing character: There is no 于 ("4E8E) in font nullfont!
Missing character: There is no 。 ("3002) in font nullfont!
Missing character: There is no 所 ("6240) in font nullfont!
Missing character: There is no 以 ("4EE5) in font nullfont!

Overfull \hbox (20.0pt too wide) in paragraph at lines 218--219
[]
 []


Overfull \hbox (6.00235pt too wide) in paragraph at lines 218--219
\OML/cmm/m/it/10 n$
 []


Overfull \hbox (51.90279pt too wide) in paragraph at lines 218--219
\OML/cmm/m/it/10 p[]\OT1/cmr/m/n/10 (\OML/cmm/m/it/10 ^^X; ^^Q; ^^P\OT1/cmr/m/n
/10 ; \OML/cmm/m/it/10 n\OT1/cmr/m/n/10 )$
 []


Overfull \hbox (53.21875pt too wide) in paragraph at lines 218--219
\OML/cmm/m/it/10 W\OT1/cmr/m/n/10 (\OML/cmm/m/it/10 ^^P\OT1/cmr/m/n/10 ; \OML/c
mm/m/it/10 ^^X; ^^Q\OT1/cmr/m/n/10 ; \OML/cmm/m/it/10 n\OT1/cmr/m/n/10 )$
 []


Overfull \hbox (63.88718pt too wide) in paragraph at lines 218--219
\OML/cmm/m/it/10 W\OT1/cmr/m/n/10 (\OML/cmm/m/it/10 ^^P\OT1/cmr/m/n/10 ; \OML/c
mm/m/it/10 ^^X; ^^Q\OT1/cmr/m/n/10 ; \OML/cmm/m/it/10 n\OT1/cmr/m/n/10 )d\OML/c
mm/m/it/10 ^^P$
 []


Overfull \hbox (11.1152pt too wide) in paragraph at lines 218--219
\OML/cmm/m/it/10 ^^Pn$
 []


Overfull \hbox (18.893pt too wide) in paragraph at lines 218--219
\OML/cmm/m/it/10 ^^Pn \OT1/cmr/m/n/10 +
 []


Overfull \hbox (15.55553pt too wide) in paragraph at lines 218--219
\OT1/cmr/m/n/10 1 =
 []


Overfull \hbox (22.7819pt too wide) in paragraph at lines 218--219
\OML/cmm/m/it/10 n\OT1/cmr/m/n/10 (\OML/cmm/m/it/10 ^^P \OT1/cmr/m/n/10 +
 []


Overfull \hbox (19.89128pt too wide) in paragraph at lines 218--219
\OT1/cmr/m/n/10 1\OML/cmm/m/it/10 =n\OT1/cmr/m/n/10 )$
 []


Overfull \hbox (21.22394pt too wide) in paragraph at lines 218--219
\OT1/cmr/m/n/10 d\OML/cmm/m/it/10 ^^P \OT1/cmr/m/n/10 =
 []


Overfull \hbox (16.00238pt too wide) in paragraph at lines 218--219
\OT1/cmr/m/n/10 1\OML/cmm/m/it/10 =n$
 []


Overfull \hbox (51.90279pt too wide) in paragraph at lines 218--219
\OML/cmm/m/it/10 p[]\OT1/cmr/m/n/10 (\OML/cmm/m/it/10 ^^X; ^^Q; ^^P\OT1/cmr/m/n
/10 ; \OML/cmm/m/it/10 n\OT1/cmr/m/n/10 )$ 
 []

Missing character: There is no 。 ("3002) in font cmr10!

Overfull \hbox (291.37941pt too wide) detected at line 222
\OML/cmm/m/it/10 W\OT1/cmr/m/n/10 (\OML/cmm/m/it/10 ^^P\OT1/cmr/m/n/10 ; \OML/c
mm/m/it/10 ^^X; ^^Q\OT1/cmr/m/n/10 ; \OML/cmm/m/it/10 n\OT1/cmr/m/n/10 ) = \OML
/cmm/m/it/10 np[] \OT1/cmr/m/n/10 = []e[][]
 []

Missing character: There is no 于 ("4E8E) in font nullfont!
Missing character: There is no 是 ("662F) in font nullfont!
Missing character: There is no 通 ("901A) in font nullfont!
Missing character: There is no 常 ("5E38) in font nullfont!
Missing character: There is no 表 ("8868) in font nullfont!
Missing character: There is no 示 ("793A) in font nullfont!
Missing character: There is no 当 ("5F53) in font nullfont!
Missing character: There is no 输 ("8F93) in font nullfont!
Missing character: There is no 入 ("5165) in font nullfont!
Missing character: There is no 线 ("7EBF) in font nullfont!
Missing character: There is no 束 ("675F) in font nullfont!
Missing character: There is no 中 ("4E2D) in font nullfont!
Missing character: There is no 激 ("6FC0) in font nullfont!
Missing character: There is no 发 ("53D1) in font nullfont!
Missing character: There is no 线 ("7EBF) in font nullfont!
Missing character: There is no 的 ("7684) in font nullfont!
Missing character: There is no 百 ("767E) in font nullfont!
Missing character: There is no 分 ("5206) in font nullfont!
Missing character: There is no 数 ("6570) in font nullfont!
Missing character: There is no 分 ("5206) in font nullfont!
Missing character: There is no 别 ("522B) in font nullfont!
Missing character: There is no 是 ("662F) in font nullfont!
Missing character: There is no 和 ("548C) in font nullfont!
Missing character: There is no 时 ("65F6) in font nullfont!
Missing character: There is no ， ("FF0C) in font nullfont!
Missing character: There is no 输 ("8F93) in font nullfont!
Missing character: There is no 出 ("51FA) in font nullfont!
Missing character: There is no 线 ("7EBF) in font nullfont!
Missing character: There is no 束 ("675F) in font nullfont!
Missing character: There is no 中 ("4E2D) in font nullfont!
Missing character: There is no 激 ("6FC0) in font nullfont!
Missing character: There is no 发 ("53D1) in font nullfont!
Missing character: There is no 线 ("7EBF) in font nullfont!
Missing character: There is no 的 ("7684) in font nullfont!
Missing character: There is no 百 ("767E) in font nullfont!
Missing character: There is no 分 ("5206) in font nullfont!
Missing character: There is no 数 ("6570) in font nullfont!
Missing character: There is no 在 ("5728) in font nullfont!
Missing character: There is no 和 ("548C) in font nullfont!
Missing character: There is no 之 ("4E4B) in font nullfont!
Missing character: There is no 间 ("95F4) in font nullfont!
Missing character: There is no 的 ("7684) in font nullfont!
Missing character: There is no 概 ("6982) in font nullfont!
Missing character: There is no 率 ("7387) in font nullfont!
Missing character: There is no 。 ("3002) in font nullfont!
Missing character: There is no 线 ("7EBF) in font nullfont!
Missing character: There is no 束 ("675F) in font nullfont!
Missing character: There is no 的 ("7684) in font nullfont!
Missing character: There is no 大 ("5927) in font nullfont!
Missing character: There is no 小 ("5C0F) in font nullfont!
Missing character: There is no 由 ("7531) in font nullfont!
Missing character: There is no 线 ("7EBF) in font nullfont!
Missing character: There is no 数 ("6570) in font nullfont!
Missing character: There is no 决 ("51B3) in font nullfont!
Missing character: There is no 定 ("5B9A) in font nullfont!
Missing character: There is no 。 ("3002) in font nullfont!
Missing character: There is no 是 ("662F) in font nullfont!
Missing character: There is no 一 ("4E00) in font nullfont!
Missing character: There is no 个 ("4E2A) in font nullfont!
Missing character: There is no 平 ("5E73) in font nullfont!
Missing character: There is no 均 ("5747) in font nullfont!
Missing character: There is no 值 ("503C) in font nullfont!
Missing character: There is no 是 ("662F) in font nullfont!
Missing character: There is no 而 ("800C) in font nullfont!
Missing character: There is no 方 ("65B9) in font nullfont!
Missing character: There is no 差 ("5DEE) in font nullfont!
Missing character: There is no 等 ("7B49) in font nullfont!
Missing character: There is no 于 ("4E8E) in font nullfont!
Missing character: There is no 的 ("7684) in font nullfont!
Missing character: There is no 高 ("9AD8) in font nullfont!
Missing character: There is no 斯 ("65AF) in font nullfont!
Missing character: There is no 分 ("5206) in font nullfont!
Missing character: There is no 布 ("5E03) in font nullfont!
Missing character: There is no 。 ("3002) in font nullfont!
Missing character: There is no 可 ("53EF) in font nullfont!
Missing character: There is no 以 ("4EE5) in font nullfont!
Missing character: There is no 用 ("7528) in font nullfont!
Missing character: There is no 等 ("7B49) in font nullfont!
Missing character: There is no 价 ("4EF7) in font nullfont!
Missing character: There is no 的 ("7684) in font nullfont!
Missing character: There is no 方 ("65B9) in font nullfont!
Missing character: There is no 式 ("5F0F) in font nullfont!
Missing character: There is no 表 ("8868) in font nullfont!
Missing character: There is no 达 ("8FBE) in font nullfont!
Missing character: There is no 这 ("8FD9) in font nullfont!
Missing character: There is no 个 ("4E2A) in font nullfont!
Missing character: There is no 结 ("7ED3) in font nullfont!
Missing character: There is no 果 ("679C) in font nullfont!
Missing character: There is no ， ("FF0C) in font nullfont!
Missing character: There is no 写 ("5199) in font nullfont!
Missing character: There is no 成 ("6210) in font nullfont!

Overfull \hbox (63.88718pt too wide) in paragraph at lines 222--224
 $\OML/cmm/m/it/10 W\OT1/cmr/m/n/10 (\OML/cmm/m/it/10 ^^P\OT1/cmr/m/n/10 ; \OML
/cmm/m/it/10 ^^X; ^^Q\OT1/cmr/m/n/10 ; \OML/cmm/m/it/10 n\OT1/cmr/m/n/10 )d\OML
/cmm/m/it/10 ^^P$
 []


Overfull \hbox (4.83508pt too wide) in paragraph at lines 222--224
\OML/cmm/m/it/10 ^^X$
 []


Overfull \hbox (5.32408pt too wide) in paragraph at lines 222--224
\OML/cmm/m/it/10 ^^Q$
 []


Overfull \hbox (5.11285pt too wide) in paragraph at lines 222--224
\OML/cmm/m/it/10 ^^P$
 []


Overfull \hbox (12.89066pt too wide) in paragraph at lines 222--224
\OML/cmm/m/it/10 ^^P \OT1/cmr/m/n/10 +
 []


Overfull \hbox (10.66843pt too wide) in paragraph at lines 222--224
\OT1/cmr/m/n/10 d\OML/cmm/m/it/10 ^^P$
 []


Overfull \hbox (6.00235pt too wide) in paragraph at lines 222--224
\OML/cmm/m/it/10 n$
 []


Overfull \hbox (10.83334pt too wide) in paragraph at lines 222--224
\OML/cmm/m/it/10 W$
 []


Overfull \hbox (12.77782pt too wide) in paragraph at lines 222--224
\OT1/cmr/m/n/10 1 \OMS/cmsy/m/n/10 ^^@
 []


Overfull \hbox (10.15916pt too wide) in paragraph at lines 222--224
\OML/cmm/m/it/10 ^^X^^Q$
 []


Overfull \hbox (21.5018pt too wide) in paragraph at lines 222--224
\OML/cmm/m/it/10 ^^X\OT1/cmr/m/n/10 (1 \OMS/cmsy/m/n/10 ^^@
 []


Overfull \hbox (30.71478pt too wide) in paragraph at lines 222--224
\OML/cmm/m/it/10 ^^X\OT1/cmr/m/n/10 )\OML/cmm/m/it/10 ^^Q\OT1/cmr/m/n/10 (1 \OM
S/cmsy/m/n/10 ^^@
 []


Overfull \hbox (20.21535pt too wide) in paragraph at lines 222--224
\OML/cmm/m/it/10 ^^Q\OT1/cmr/m/n/10 )\OML/cmm/m/it/10 =n$
 []


Overfull \hbox (149.36292pt too wide) detected at line 227
\OML/cmm/m/it/10 ^^P \OT1/cmr/m/n/10 = (1 \OMS/cmsy/m/n/10 ^^@ \OML/cmm/m/it/10
 ^^X^^Q\OT1/cmr/m/n/10 ) + [] \OML/cmm/m/it/10 y;[]
 []

Missing character: There is no 其 ("5176) in font nullfont!
Missing character: There is no 中 ("4E2D) in font nullfont!
Missing character: There is no 表 ("8868) in font nullfont!
Missing character: There is no 示 ("793A) in font nullfont!
Missing character: There is no 一 ("4E00) in font nullfont!
Missing character: There is no 个 ("4E2A) in font nullfont!
Missing character: There is no 随 ("968F) in font nullfont!
Missing character: There is no 机 ("673A) in font nullfont!
Missing character: There is no 变 ("53D8) in font nullfont!
Missing character: There is no 量 ("91CF) in font nullfont!
Missing character: There is no ， ("FF0C) in font nullfont!
Missing character: There is no 这 ("8FD9) in font nullfont!
Missing character: There is no 个 ("4E2A) in font nullfont!
Missing character: There is no 变 ("53D8) in font nullfont!
Missing character: There is no 量 ("91CF) in font nullfont!
Missing character: There is no 的 ("7684) in font nullfont!
Missing character: There is no 分 ("5206) in font nullfont!
Missing character: There is no 布 ("5E03) in font nullfont!
Missing character: There is no 是 ("662F) in font nullfont!
Missing character: There is no 平 ("5E73) in font nullfont!
Missing character: There is no 均 ("5747) in font nullfont!
Missing character: There is no 值 ("503C) in font nullfont!
Missing character: There is no 等 ("7B49) in font nullfont!
Missing character: There is no 于 ("4E8E) in font nullfont!
Missing character: There is no ， ("FF0C) in font nullfont!
Missing character: There is no 而 ("800C) in font nullfont!
Missing character: There is no 方 ("65B9) in font nullfont!
Missing character: There is no 差 ("5DEE) in font nullfont!
Missing character: There is no 等 ("7B49) in font nullfont!
Missing character: There is no 于 ("4E8E) in font nullfont!
Missing character: There is no 的 ("7684) in font nullfont!
Missing character: There is no 标 ("6807) in font nullfont!
Missing character: There is no 准 ("51C6) in font nullfont!
Missing character: There is no 高 ("9AD8) in font nullfont!
Missing character: There is no 斯 ("65AF) in font nullfont!
Missing character: There is no 分 ("5206) in font nullfont!
Missing character: There is no 布 ("5E03) in font nullfont!
Missing character: There is no 。 ("3002) in font nullfont!
Missing character: There is no 方 ("65B9) in font nullfont!
Missing character: There is no 程 ("7A0B) in font nullfont!
! Undefined control sequence.
l.228 ...量的分布是平均值等于 $0$，而方差等于 $1$ 的标准高斯分布。方程\eqref
                                                  {eq:ch18_zeta_gaussian_rep...
The control sequence at the end of the top line
of your error message was never \def'ed. If you have
misspelled it (e.g., `\hobx'), type `I' and the correct
spelling (e.g., `I\hbox'). Otherwise just continue,
and I'll forget about whatever was undefined.

Missing character: There is no e ("65) in font nullfont!
Missing character: There is no q ("71) in font nullfont!
Missing character: There is no : ("3A) in font nullfont!
Missing character: There is no c ("63) in font nullfont!
Missing character: There is no h ("68) in font nullfont!
Missing character: There is no 1 ("31) in font nullfont!
Missing character: There is no 8 ("38) in font nullfont!
! Missing $ inserted.
<inserted text> 
                $
l.228 ...于 $0$，而方差等于 $1$ 的标准高斯分布。方程\eqref{eq:ch18_
                                                  zeta_gaussian_repr}表示 $\ze...
I've inserted a begin-math/end-math symbol since I think
you left one out. Proceed, with fingers crossed.

! Extra }, or forgotten $.
l.228 ...高斯分布。方程\eqref{eq:ch18_zeta_gaussian_repr}
                                                  表示 $\zeta$ 的分布是平均值等于 $1-\x...
I've deleted a group-closing symbol because it seems to be
spurious, as in `$x}$'. But perhaps the } is legitimate and
you forgot something else, as in `\hbox{$x}'. In such cases
the way to recover is to insert both the forgotten and the
deleted material, e.g., by typing `I$}'.

Missing character: There is no 表 ("8868) in font cmr10!
Missing character: There is no 示 ("793A) in font cmr10!
! Missing $ inserted.
<inserted text> 
                $
l.228 ...qref{eq:ch18_zeta_gaussian_repr}表示 $\zeta
                                                  $ 的分布是平均值等于 $1-\xi\eta$ 而方...
I've inserted a begin-math/end-math symbol since I think
you left one out. Proceed, with fingers crossed.

Missing character: There is no 的 ("7684) in font nullfont!
Missing character: There is no 分 ("5206) in font nullfont!
Missing character: There is no 布 ("5E03) in font nullfont!
Missing character: There is no 是 ("662F) in font nullfont!
Missing character: There is no 平 ("5E73) in font nullfont!
Missing character: There is no 均 ("5747) in font nullfont!
Missing character: There is no 值 ("503C) in font nullfont!
Missing character: There is no 等 ("7B49) in font nullfont!
Missing character: There is no 于 ("4E8E) in font nullfont!
Missing character: There is no 而 ("800C) in font nullfont!
Missing character: There is no 方 ("65B9) in font nullfont!
Missing character: There is no 差 ("5DEE) in font nullfont!
Missing character: There is no 等 ("7B49) in font nullfont!
Missing character: There is no 于 ("4E8E) in font nullfont!
Missing character: There is no 的 ("7684) in font nullfont!
Missing character: There is no 高 ("9AD8) in font nullfont!
Missing character: There is no 斯 ("65AF) in font nullfont!
Missing character: There is no 分 ("5206) in font nullfont!
Missing character: There is no 布 ("5E03) in font nullfont!
Missing character: There is no 。 ("3002) in font nullfont!
Missing character: There is no 所 ("6240) in font nullfont!
Missing character: There is no 以 ("4EE5) in font nullfont!
Missing character: There is no 方 ("65B9) in font nullfont!
Missing character: There is no 程 ("7A0B) in font nullfont!
! Undefined control sequence.
l.228 ...xi(1-\xi)\eta(1-\eta)/n$ 的高斯分布。所以方程\eqref
                                                  {eq:ch18_continuous_dist_W...
The control sequence at the end of the top line
of your error message was never \def'ed. If you have
misspelled it (e.g., `\hobx'), type `I' and the correct
spelling (e.g., `I\hbox'). Otherwise just continue,
and I'll forget about whatever was undefined.

Missing character: There is no e ("65) in font nullfont!
Missing character: There is no q ("71) in font nullfont!
Missing character: There is no : ("3A) in font nullfont!
Missing character: There is no c ("63) in font nullfont!
Missing character: There is no h ("68) in font nullfont!
Missing character: There is no 1 ("31) in font nullfont!
Missing character: There is no 8 ("38) in font nullfont!
! Missing $ inserted.
<inserted text> 
                $
l.228 ...\eta(1-\eta)/n$ 的高斯分布。所以方程\eqref{eq:ch18_
                                                  continuous_dist_W}和方程\eqre...
I've inserted a begin-math/end-math symbol since I think
you left one out. Proceed, with fingers crossed.

! Extra }, or forgotten $.
l.228 ...斯分布。所以方程\eqref{eq:ch18_continuous_dist_W}
                                                  和方程\eqref{eq:ch18_zeta_gau...
I've deleted a group-closing symbol because it seems to be
spurious, as in `$x}$'. But perhaps the } is legitimate and
you forgot something else, as in `\hbox{$x}'. In such cases
the way to recover is to insert both the forgotten and the
deleted material, e.g., by typing `I$}'.

! Undefined control sequence.
l.228 ...eqref{eq:ch18_continuous_dist_W}和方程\eqref
                                                  {eq:ch18_zeta_gaussian_rep...
The control sequence at the end of the top line
of your error message was never \def'ed. If you have
misspelled it (e.g., `\hobx'), type `I' and the correct
spelling (e.g., `I\hbox'). Otherwise just continue,
and I'll forget about whatever was undefined.

! Undefined control sequence.
l.228 ...h18_zeta_gaussian_repr}表示同一个事实，但是方程\eqref
                                                  {eq:ch18_zeta_gaussian_rep...
The control sequence at the end of the top line
of your error message was never \def'ed. If you have
misspelled it (e.g., `\hobx'), type `I' and the correct
spelling (e.g., `I\hbox'). Otherwise just continue,
and I'll forget about whatever was undefined.

! Missing $ inserted.
<inserted text> 
                $
l.229 
      
I've inserted a begin-math/end-math symbol since I think
you left one out. Proceed, with fingers crossed.

Missing character: There is no 和 ("548C) in font cmr10!
Missing character: There is no 方 ("65B9) in font cmr10!
Missing character: There is no 程 ("7A0B) in font cmr10!
Missing character: There is no 表 ("8868) in font cmr10!
Missing character: There is no 示 ("793A) in font cmr10!
Missing character: There is no 同 ("540C) in font cmr10!
Missing character: There is no 一 ("4E00) in font cmr10!
Missing character: There is no 个 ("4E2A) in font cmr10!
Missing character: There is no 事 ("4E8B) in font cmr10!
Missing character: There is no 实 ("5B9E) in font cmr10!
Missing character: There is no ， ("FF0C) in font cmr10!
Missing character: There is no 但 ("4F46) in font cmr10!
Missing character: There is no 是 ("662F) in font cmr10!
Missing character: There is no 方 ("65B9) in font cmr10!
Missing character: There is no 程 ("7A0B) in font cmr10!
Missing character: There is no 用 ("7528) in font cmr10!
Missing character: There is no 起 ("8D77) in font cmr10!
Missing character: There is no 来 ("6765) in font cmr10!
Missing character: There is no 更 ("66F4) in font cmr10!
Missing character: There is no 加 ("52A0) in font cmr10!
Missing character: There is no 方 ("65B9) in font cmr10!
Missing character: There is no 便 ("4FBF) in font cmr10!
Missing character: There is no 些 ("4E9B) in font cmr10!
Missing character: There is no 。 ("3002) in font cmr10!

Overfull \hbox (5.2616pt too wide) in paragraph at lines 227--229
 $\OML/cmm/m/it/10 y$
 []


Overfull \hbox (5.00002pt too wide) in paragraph at lines 227--229
\OT1/cmr/m/n/10 0$
 []


Overfull \hbox (5.00002pt too wide) in paragraph at lines 227--229
\OT1/cmr/m/n/10 1$
 []


Overfull \hbox (81.95023pt too wide) in paragraph at lines 227--229
[]\OML/cmm/m/it/10 eta[]aussian[]epr$$^^P$
 []


Overfull \hbox (12.77782pt too wide) in paragraph at lines 227--229
\OT1/cmr/m/n/10 1 \OMS/cmsy/m/n/10 ^^@
 []


Overfull \hbox (10.15916pt too wide) in paragraph at lines 227--229
\OML/cmm/m/it/10 ^^X^^Q$
 []


Overfull \hbox (21.5018pt too wide) in paragraph at lines 227--229
\OML/cmm/m/it/10 ^^X\OT1/cmr/m/n/10 (1 \OMS/cmsy/m/n/10 ^^@
 []


Overfull \hbox (30.71478pt too wide) in paragraph at lines 227--229
\OML/cmm/m/it/10 ^^X\OT1/cmr/m/n/10 )\OML/cmm/m/it/10 ^^Q\OT1/cmr/m/n/10 (1 \OM
S/cmsy/m/n/10 ^^@
 []


Overfull \hbox (20.21535pt too wide) in paragraph at lines 227--229
\OML/cmm/m/it/10 ^^Q\OT1/cmr/m/n/10 )\OML/cmm/m/it/10 =n$
 []


Overfull \hbox (303.94751pt too wide) in paragraph at lines 227--229
[]\OML/cmm/m/it/10 ontinuous[]ist[][][]$ 
 []


! LaTeX Error: Missing \begin{document}.

See the LaTeX manual or LaTeX Companion for explanation.
Type  H <return>  for immediate help.
 ...                                              
                                                  
l.230 我
       们现在把误差的两种来源合在一起考虑，把各个不完善的谢弗元件的影响加到 $\zeta$ 的分布函数方程\eqref{eq:ch18_zeta...

You're in trouble here.  Try typing  <return>  to proceed.
If that doesn't work, type  X <return>  to quit.

Missing character: There is no 我 ("6211) in font nullfont!
Missing character: There is no 们 ("4EEC) in font nullfont!
Missing character: There is no 现 ("73B0) in font nullfont!
Missing character: There is no 在 ("5728) in font nullfont!
Missing character: There is no 把 ("628A) in font nullfont!
Missing character: There is no 误 ("8BEF) in font nullfont!
Missing character: There is no 差 ("5DEE) in font nullfont!
Missing character: There is no 的 ("7684) in font nullfont!
Missing character: There is no 两 ("4E24) in font nullfont!
Missing character: There is no 种 ("79CD) in font nullfont!
Missing character: There is no 来 ("6765) in font nullfont!
Missing character: There is no 源 ("6E90) in font nullfont!
Missing character: There is no 合 ("5408) in font nullfont!
Missing character: There is no 在 ("5728) in font nullfont!
Missing character: There is no 一 ("4E00) in font nullfont!
Missing character: There is no 起 ("8D77) in font nullfont!
Missing character: There is no 考 ("8003) in font nullfont!
Missing character: There is no 虑 ("8651) in font nullfont!
Missing character: There is no ， ("FF0C) in font nullfont!
Missing character: There is no 把 ("628A) in font nullfont!
Missing character: There is no 各 ("5404) in font nullfont!
Missing character: There is no 个 ("4E2A) in font nullfont!
Missing character: There is no 不 ("4E0D) in font nullfont!
Missing character: There is no 完 ("5B8C) in font nullfont!
Missing character: There is no 善 ("5584) in font nullfont!
Missing character: There is no 的 ("7684) in font nullfont!
Missing character: There is no 谢 ("8C22) in font nullfont!
Missing character: There is no 弗 ("5F17) in font nullfont!
Missing character: There is no 元 ("5143) in font nullfont!
Missing character: There is no 件 ("4EF6) in font nullfont!
Missing character: There is no 的 ("7684) in font nullfont!
Missing character: There is no 影 ("5F71) in font nullfont!
Missing character: There is no 响 ("54CD) in font nullfont!
Missing character: There is no 加 ("52A0) in font nullfont!
Missing character: There is no 到 ("5230) in font nullfont!
Missing character: There is no 的 ("7684) in font nullfont!
Missing character: There is no 分 ("5206) in font nullfont!
Missing character: There is no 布 ("5E03) in font nullfont!
Missing character: There is no 函 ("51FD) in font nullfont!
Missing character: There is no 数 ("6570) in font nullfont!
Missing character: There is no 方 ("65B9) in font nullfont!
Missing character: There is no 程 ("7A0B) in font nullfont!
! Undefined control sequence.
l.230 ...考虑，把各个不完善的谢弗元件的影响加到 $\zeta$ 的分布函数方程\eqref
                                                  {eq:ch18_zeta_gaussian_rep...
The control sequence at the end of the top line
of your error message was never \def'ed. If you have
misspelled it (e.g., `\hobx'), type `I' and the correct
spelling (e.g., `I\hbox'). Otherwise just continue,
and I'll forget about whatever was undefined.

Missing character: There is no e ("65) in font nullfont!
Missing character: There is no q ("71) in font nullfont!
Missing character: There is no : ("3A) in font nullfont!
Missing character: There is no c ("63) in font nullfont!
Missing character: There is no h ("68) in font nullfont!
Missing character: There is no 1 ("31) in font nullfont!
Missing character: There is no 8 ("38) in font nullfont!
! Missing $ inserted.
<inserted text> 
                $
l.230 ...的谢弗元件的影响加到 $\zeta$ 的分布函数方程\eqref{eq:ch18_
                                                  zeta_gaussian_repr}上。和方程\e...
I've inserted a begin-math/end-math symbol since I think
you left one out. Proceed, with fingers crossed.

! Extra }, or forgotten $.
l.230 ...的分布函数方程\eqref{eq:ch18_zeta_gaussian_repr}
                                                  上。和方程\eqref{eq:ch18_compon...
I've deleted a group-closing symbol because it seems to be
spurious, as in `$x}$'. But perhaps the } is legitimate and
you forgot something else, as in `\hbox{$x}'. In such cases
the way to recover is to insert both the forgotten and the
deleted material, e.g., by typing `I$}'.

! Undefined control sequence.
l.230 ...ef{eq:ch18_zeta_gaussian_repr}上。和方程\eqref
                                                  {eq:ch18_component_error_n...
The control sequence at the end of the top line
of your error message was never \def'ed. If you have
misspelled it (e.g., `\hobx'), type `I' and the correct
spelling (e.g., `I\hbox'). Otherwise just continue,
and I'll forget about whatever was undefined.

! Undefined control sequence.
l.230 ...8_component_error_normal_dist}相似，方程\eqref
                                                  {eq:ch18_component_error_n...
The control sequence at the end of the top line
of your error message was never \def'ed. If you have
misspelled it (e.g., `\hobx'), type `I' and the correct
spelling (e.g., `I\hbox'). Otherwise just continue,
and I'll forget about whatever was undefined.

! Missing \endgroup inserted.
<inserted text> 
                \endgroup 
l.231 \begin{equation}
                      
I've inserted something that you may have forgotten.
(See the <inserted text> above.)
With luck, this will get me unwedged. But if you
really didn't forget anything, try typing `2' now; then
my insertion and my current dilemma will both disappear.

Missing character: There is no 上 ("4E0A) in font cmr10!
Missing character: There is no 。 ("3002) in font cmr10!
Missing character: There is no 和 ("548C) in font cmr10!
Missing character: There is no 方 ("65B9) in font cmr10!
Missing character: There is no 程 ("7A0B) in font cmr10!
Missing character: There is no 相 ("76F8) in font cmr10!
Missing character: There is no 似 ("4F3C) in font cmr10!
Missing character: There is no ， ("FF0C) in font cmr10!
Missing character: There is no 方 ("65B9) in font cmr10!
Missing character: There is no 程 ("7A0B) in font cmr10!
Missing character: There is no 可 ("53EF) in font cmr10!
Missing character: There is no 以 ("4EE5) in font cmr10!
Missing character: There is no 写 ("5199) in font cmr10!
Missing character: There is no 成 ("6210) in font cmr10!
! You can't use `\eqno' in math mode.
\eqno ->\@kernel@eqno 
                      \aftergroup \ignorespaces 
l.234 \end{equation}
                    
Sorry, but I'm not programmed to handle this case;
I'll just pretend that you didn't ask for it.
If you're in the wrong mode, you might be able to
return to the right one by typing `I}' or `I$' or `I\par'.

Missing character: There is no 。 ("3002) in font cmr10!

! LaTeX Error: \begin{document} ended by \end{equation}.

See the LaTeX manual or LaTeX Companion for explanation.
Type  H <return>  for immediate help.
 ...                                              
                                                  
l.234 \end{equation}
                    
Your command was ignored.
Type  I <command> <return>  to replace it with another command,
or  <return>  to continue without it.

! Missing $ inserted.
<inserted text> 
                $
l.234 \end{equation}
                    
I've inserted something that you may have forgotten.
(See the <inserted text> above.)
With luck, this will get me unwedged. But if you
really didn't forget anything, try typing `2' now; then
my insertion and my current dilemma will both disappear.

! Missing } inserted.
<inserted text> 
                }
l.234 \end{equation}
                    
I've inserted something that you may have forgotten.
(See the <inserted text> above.)
With luck, this will get me unwedged. But if you
really didn't forget anything, try typing `2' now; then
my insertion and my current dilemma will both disappear.

! Missing } inserted.
<inserted text> 
                }
l.234 \end{equation}
                    
I've inserted something that you may have forgotten.
(See the <inserted text> above.)
With luck, this will get me unwedged. But if you
really didn't forget anything, try typing `2' now; then
my insertion and my current dilemma will both disappear.

! Missing } inserted.
<inserted text> 
                }
l.234 \end{equation}
                    
I've inserted something that you may have forgotten.
(See the <inserted text> above.)
With luck, this will get me unwedged. But if you
really didn't forget anything, try typing `2' now; then
my insertion and my current dilemma will both disappear.

! Missing } inserted.
<inserted text> 
                }
l.234 \end{equation}
                    
I've inserted something that you may have forgotten.
(See the <inserted text> above.)
With luck, this will get me unwedged. But if you
really didn't forget anything, try typing `2' now; then
my insertion and my current dilemma will both disappear.

! Missing } inserted.
<inserted text> 
                }
l.234 \end{equation}
                    
I've inserted something that you may have forgotten.
(See the <inserted text> above.)
With luck, this will get me unwedged. But if you
really didn't forget anything, try typing `2' now; then
my insertion and my current dilemma will both disappear.

! Missing } inserted.
<inserted text> 
                }
l.234 \end{equation}
                    
I've inserted something that you may have forgotten.
(See the <inserted text> above.)
With luck, this will get me unwedged. But if you
really didn't forget anything, try typing `2' now; then
my insertion and my current dilemma will both disappear.

! Missing } inserted.
<inserted text> 
                }
l.234 \end{equation}
                    
I've inserted something that you may have forgotten.
(See the <inserted text> above.)
With luck, this will get me unwedged. But if you
really didn't forget anything, try typing `2' now; then
my insertion and my current dilemma will both disappear.

! Missing } inserted.
<inserted text> 
                }
l.234 \end{equation}
                    
I've inserted something that you may have forgotten.
(See the <inserted text> above.)
With luck, this will get me unwedged. But if you
really didn't forget anything, try typing `2' now; then
my insertion and my current dilemma will both disappear.

! Extra \endgroup.
<recently read> \endgroup 
                          
l.234 \end{equation}
                    
Things are pretty mixed up, but I think the worst is over.

Missing character: There is no 在 ("5728) in font nullfont!
Missing character: There is no 执 ("6267) in font nullfont!
Missing character: There is no 行 ("884C) in font nullfont!
Missing character: There is no 机 ("673A) in font nullfont!
Missing character: There is no 构 ("6784) in font nullfont!
Missing character: There is no 中 ("4E2D) in font nullfont!
Missing character: There is no 有 ("6709) in font nullfont!
Missing character: There is no 两 ("4E24) in font nullfont!
Missing character: There is no 类 ("7C7B) in font nullfont!
Missing character: There is no 谢 ("8C22) in font nullfont!
Missing character: There is no 弗 ("5F17) in font nullfont!
Missing character: There is no 元 ("5143) in font nullfont!
Missing character: There is no 件 ("4EF6) in font nullfont!
Missing character: There is no 。 ("3002) in font nullfont!
Missing character: There is no 假 ("5047) in font nullfont!
Missing character: There is no 定 ("5B9A) in font nullfont!
Missing character: There is no 输 ("8F93) in font nullfont!
Missing character: There is no 出 ("51FA) in font nullfont!
Missing character: There is no 是 ("662F) in font nullfont!
Missing character: There is no 激 ("6FC0) in font nullfont!
Missing character: There is no 发 ("53D1) in font nullfont!
Missing character: There is no 线 ("7EBF) in font nullfont!
Missing character: There is no 的 ("7684) in font nullfont!
Missing character: There is no 个 ("4E2A) in font nullfont!
Missing character: There is no 元 ("5143) in font nullfont!
Missing character: There is no 件 ("4EF6) in font nullfont!
Missing character: There is no 算 ("7B97) in font nullfont!
Missing character: There is no 一 ("4E00) in font nullfont!
Missing character: There is no 类 ("7C7B) in font nullfont!
Missing character: There is no 。 ("3002) in font nullfont!
Missing character: There is no 发 ("53D1) in font nullfont!
Missing character: There is no 生 ("751F) in font nullfont!
Missing character: There is no 一 ("4E00) in font nullfont!
Missing character: There is no 个 ("4E2A) in font nullfont!
Missing character: There is no 错 ("9519) in font nullfont!
Missing character: There is no 误 ("8BEF) in font nullfont!
Missing character: There is no 就 ("5C31) in font nullfont!
Missing character: There is no 会 ("4F1A) in font nullfont!
Missing character: There is no 把 ("628A) in font nullfont!
Missing character: There is no 激 ("6FC0) in font nullfont!
Missing character: There is no 发 ("53D1) in font nullfont!
Missing character: There is no 线 ("7EBF) in font nullfont!
Missing character: There is no 的 ("7684) in font nullfont!
Missing character: There is no 数 ("6570) in font nullfont!
Missing character: There is no 目 ("76EE) in font nullfont!
Missing character: There is no 减 ("51CF) in font nullfont!
Missing character: There is no 少 ("5C11) in font nullfont!
Missing character: There is no 一 ("4E00) in font nullfont!
Missing character: There is no 个 ("4E2A) in font nullfont!
Missing character: There is no 。 ("3002) in font nullfont!
Missing character: There is no 在 ("5728) in font nullfont!
Missing character: There is no 这 ("8FD9) in font nullfont!
Missing character: There is no 一 ("4E00) in font nullfont!
Missing character: There is no 类 ("7C7B) in font nullfont!
Missing character: There is no 元 ("5143) in font nullfont!
Missing character: There is no 件 ("4EF6) in font nullfont!
Missing character: There is no 中 ("4E2D) in font nullfont!
Missing character: There is no 个 ("4E2A) in font nullfont!
Missing character: There is no 元 ("5143) in font nullfont!
Missing character: There is no 件 ("4EF6) in font nullfont!
Missing character: There is no 发 ("53D1) in font nullfont!
Missing character: There is no 生 ("751F) in font nullfont!
Missing character: There is no 错 ("9519) in font nullfont!
Missing character: There is no 误 ("8BEF) in font nullfont!
Missing character: There is no 的 ("7684) in font nullfont!
Missing character: There is no 概 ("6982) in font nullfont!
Missing character: There is no 率 ("7387) in font nullfont!
Missing character: There is no 由 ("7531) in font nullfont!
Missing character: There is no 方 ("65B9) in font nullfont!
Missing character: There is no 程 ("7A0B) in font nullfont!
! Undefined control sequence.
l.235 ...发线的数目减少一个。在这一类元件中 $q$ 个元件发生错误的概率由方程\eqref
                                                  {eq:ch18_rho_error_gauss}给出
The control sequence at the end of the top line
of your error message was never \def'ed. If you have
misspelled it (e.g., `\hobx'), type `I' and the correct
spelling (e.g., `I\hbox'). Otherwise just continue,
and I'll forget about whatever was undefined.

Missing character: There is no e ("65) in font nullfont!
Missing character: There is no q ("71) in font nullfont!
Missing character: There is no : ("3A) in font nullfont!
Missing character: There is no c ("63) in font nullfont!
Missing character: There is no h ("68) in font nullfont!
Missing character: There is no 1 ("31) in font nullfont!
Missing character: There is no 8 ("38) in font nullfont!
! Missing $ inserted.
<inserted text> 
                $
l.235 ...。在这一类元件中 $q$ 个元件发生错误的概率由方程\eqref{eq:ch18_
                                                  rho_error_gauss}给出
I've inserted a begin-math/end-math symbol since I think
you left one out. Proceed, with fingers crossed.

! Extra }, or forgotten $.
l.235 ...发生错误的概率由方程\eqref{eq:ch18_rho_error_gauss}
                                                  给出
I've deleted a group-closing symbol because it seems to be
spurious, as in `$x}$'. But perhaps the } is legitimate and
you forgot something else, as in `\hbox{$x}'. In such cases
the way to recover is to insert both the forgotten and the
deleted material, e.g., by typing `I$}'.

! Missing \endgroup inserted.
<inserted text> 
                \endgroup 
l.236 \begin{equation}
                      
I've inserted something that you may have forgotten.
(See the <inserted text> above.)
With luck, this will get me unwedged. But if you
really didn't forget anything, try typing `2' now; then
my insertion and my current dilemma will both disappear.

Missing character: There is no 给 ("7ED9) in font cmr10!
Missing character: There is no 出 ("51FA) in font cmr10!
! You can't use `\eqno' in math mode.
\eqno ->\@kernel@eqno 
                      \aftergroup \ignorespaces 
l.239 \end{equation}
                    
Sorry, but I'm not programmed to handle this case;
I'll just pretend that you didn't ask for it.
If you're in the wrong mode, you might be able to
return to the right one by typing `I}' or `I$' or `I\par'.

Missing character: There is no 。 ("3002) in font cmr10!

! LaTeX Error: \begin{document} ended by \end{equation}.

See the LaTeX manual or LaTeX Companion for explanation.
Type  H <return>  for immediate help.
 ...                                              
                                                  
l.239 \end{equation}
                    
Your command was ignored.
Type  I <command> <return>  to replace it with another command,
or  <return>  to continue without it.

! Missing $ inserted.
<inserted text> 
                $
l.239 \end{equation}
                    
I've inserted something that you may have forgotten.
(See the <inserted text> above.)
With luck, this will get me unwedged. But if you
really didn't forget anything, try typing `2' now; then
my insertion and my current dilemma will both disappear.

! Missing } inserted.
<inserted text> 
                }
l.239 \end{equation}
                    
I've inserted something that you may have forgotten.
(See the <inserted text> above.)
With luck, this will get me unwedged. But if you
really didn't forget anything, try typing `2' now; then
my insertion and my current dilemma will both disappear.

! Extra \endgroup.
<recently read> \endgroup 
                          
l.239 \end{equation}
                    
Things are pretty mixed up, but I think the worst is over.

Missing character: There is no 此 ("6B64) in font nullfont!
Missing character: There is no 外 ("5916) in font nullfont!
Missing character: There is no ， ("FF0C) in font nullfont!
Missing character: There is no 假 ("5047) in font nullfont!
Missing character: There is no 定 ("5B9A) in font nullfont!
Missing character: There is no 输 ("8F93) in font nullfont!
Missing character: There is no 出 ("51FA) in font nullfont!
Missing character: There is no 是 ("662F) in font nullfont!
Missing character: There is no 未 ("672A) in font nullfont!
Missing character: There is no 激 ("6FC0) in font nullfont!
Missing character: There is no 发 ("53D1) in font nullfont!
Missing character: There is no 的 ("7684) in font nullfont!
Missing character: There is no 个 ("4E2A) in font nullfont!
Missing character: There is no 元 ("5143) in font nullfont!
Missing character: There is no 件 ("4EF6) in font nullfont!
Missing character: There is no 算 ("7B97) in font nullfont!
Missing character: There is no 作 ("4F5C) in font nullfont!
Missing character: There is no 另 ("53E6) in font nullfont!
Missing character: There is no 一 ("4E00) in font nullfont!
Missing character: There is no 类 ("7C7B) in font nullfont!
Missing character: There is no 。 ("3002) in font nullfont!
Missing character: There is no 一 ("4E00) in font nullfont!
Missing character: There is no 个 ("4E2A) in font nullfont!
Missing character: There is no 错 ("9519) in font nullfont!
Missing character: There is no 误 ("8BEF) in font nullfont!
Missing character: There is no 将 ("5C06) in font nullfont!
Missing character: There is no 会 ("4F1A) in font nullfont!
Missing character: There is no 增 ("589E) in font nullfont!
Missing character: There is no 加 ("52A0) in font nullfont!
Missing character: There is no 一 ("4E00) in font nullfont!
Missing character: There is no 根 ("6839) in font nullfont!
Missing character: There is no 激 ("6FC0) in font nullfont!
Missing character: There is no 发 ("53D1) in font nullfont!
Missing character: There is no 输 ("8F93) in font nullfont!
Missing character: There is no 出 ("51FA) in font nullfont!
Missing character: There is no 线 ("7EBF) in font nullfont!
Missing character: There is no ， ("FF0C) in font nullfont!
Missing character: There is no 这 ("8FD9) in font nullfont!
Missing character: There is no 一 ("4E00) in font nullfont!
Missing character: There is no 类 ("7C7B) in font nullfont!
Missing character: There is no 元 ("5143) in font nullfont!
Missing character: There is no 件 ("4EF6) in font nullfont!
Missing character: There is no 中 ("4E2D) in font nullfont!
Missing character: There is no 有 ("6709) in font nullfont!
Missing character: There is no 个 ("4E2A) in font nullfont!
Missing character: There is no 发 ("53D1) in font nullfont!
Missing character: There is no 生 ("751F) in font nullfont!
Missing character: There is no 错 ("9519) in font nullfont!
Missing character: There is no 误 ("8BEF) in font nullfont!
Missing character: There is no 的 ("7684) in font nullfont!
Missing character: There is no 概 ("6982) in font nullfont!
Missing character: There is no 率 ("7387) in font nullfont!
Missing character: There is no 分 ("5206) in font nullfont!
Missing character: There is no 布 ("5E03) in font nullfont!
Missing character: There is no 是 ("662F) in font nullfont!

Overfull \hbox (20.0pt too wide) in paragraph at lines 230--241
[]
 []


Overfull \hbox (5.11285pt too wide) in paragraph at lines 230--241
\OML/cmm/m/it/10 ^^P$
 []


Overfull \hbox (407.60551pt too wide) in paragraph at lines 230--241
[]\OML/cmm/m/it/10 eta[]aussian[]epr[][]$$^^Z \OT1/cmr/m/n/10 =
 []


Overfull \hbox (17.23035pt too wide) in paragraph at lines 230--241
\OML/cmm/m/it/10 "r \OT1/cmr/m/n/10 +
 []


Overfull \hbox (73.82391pt too wide) in paragraph at lines 230--241
[] \OML/cmm/m/it/10 y[][]$$$
 []


Overfull \hbox (11.1152pt too wide) in paragraph at lines 230--241
\OML/cmm/m/it/10 n^^P$
 []


Overfull \hbox (4.8229pt too wide) in paragraph at lines 230--241
\OML/cmm/m/it/10 q$
 []


Overfull \hbox (78.68506pt too wide) in paragraph at lines 230--241
[]\OML/cmm/m/it/10 ho[]rror[]auss$$q \OT1/cmr/m/n/10 =
 []


Overfull \hbox (23.55618pt too wide) in paragraph at lines 230--241
\OML/cmm/m/it/10 "^^Pn \OT1/cmr/m/n/10 +
 []


Overfull \hbox (80.14975pt too wide) in paragraph at lines 230--241
[] \OML/cmm/m/it/10 y[][]$$$
 []


Overfull \hbox (16.66672pt too wide) in paragraph at lines 230--241
\OT1/cmr/m/n/10 (1 \OMS/cmsy/m/n/10 ^^@
 []


Overfull \hbox (15.0041pt too wide) in paragraph at lines 230--241
\OML/cmm/m/it/10 ^^P\OT1/cmr/m/n/10 )\OML/cmm/m/it/10 n$
 []


Overfull \hbox (7.62846pt too wide) in paragraph at lines 230--241
\OML/cmm/m/it/10 q[]$
 []


Overfull \hbox (155.22098pt too wide) detected at line 244
\OML/cmm/m/it/10 q[] \OT1/cmr/m/n/10 = \OML/cmm/m/it/10 "\OT1/cmr/m/n/10 (1 \OM
S/cmsy/m/n/10 ^^@ \OML/cmm/m/it/10 ^^P\OT1/cmr/m/n/10 )\OML/cmm/m/it/10 n \OT1/
cmr/m/n/10 + [] \OML/cmm/m/it/10 y;[]
 []

Missing character: There is no 所 ("6240) in font nullfont!
Missing character: There is no 以 ("4EE5) in font nullfont!
Missing character: There is no 表 ("8868) in font nullfont!
Missing character: There is no 示 ("793A) in font nullfont!
Missing character: There is no 由 ("7531) in font nullfont!
Missing character: There is no 于 ("4E8E) in font nullfont!
Missing character: There is no 元 ("5143) in font nullfont!
Missing character: There is no 件 ("4EF6) in font nullfont!
Missing character: There is no 本 ("672C) in font nullfont!
Missing character: There is no 身 ("8EAB) in font nullfont!
Missing character: There is no 的 ("7684) in font nullfont!
Missing character: There is no 误 ("8BEF) in font nullfont!
Missing character: There is no 差 ("5DEE) in font nullfont!
Missing character: There is no 使 ("4F7F) in font nullfont!
Missing character: There is no 激 ("6FC0) in font nullfont!
Missing character: There is no 发 ("53D1) in font nullfont!
Missing character: There is no 输 ("8F93) in font nullfont!
Missing character: There is no 出 ("51FA) in font nullfont!
Missing character: There is no 线 ("7EBF) in font nullfont!
Missing character: There is no 增 ("589E) in font nullfont!
Missing character: There is no 加 ("52A0) in font nullfont!
Missing character: There is no 的 ("7684) in font nullfont!
Missing character: There is no 数 ("6570) in font nullfont!
Missing character: There is no 目 ("76EE) in font nullfont!
Missing character: There is no 。 ("3002) in font nullfont!
Missing character: There is no 根 ("6839) in font nullfont!
Missing character: There is no 据 ("636E) in font nullfont!
Missing character: There is no 方 ("65B9) in font nullfont!
Missing character: There is no 程 ("7A0B) in font nullfont!
! Undefined control sequence.
l.245 所以 $q'-q$ 表示由于元件本身的误差使激发输出线增加的数目。根据方程\eqref
                                                 {eq:ch18_q_error_count}和\eq...
The control sequence at the end of the top line
of your error message was never \def'ed. If you have
misspelled it (e.g., `\hobx'), type `I' and the correct
spelling (e.g., `I\hbox'). Otherwise just continue,
and I'll forget about whatever was undefined.

Missing character: There is no e ("65) in font nullfont!
Missing character: There is no q ("71) in font nullfont!
Missing character: There is no : ("3A) in font nullfont!
Missing character: There is no c ("63) in font nullfont!
Missing character: There is no h ("68) in font nullfont!
Missing character: There is no 1 ("31) in font nullfont!
Missing character: There is no 8 ("38) in font nullfont!
! Missing $ inserted.
<inserted text> 
                $
l.245 ...示由于元件本身的误差使激发输出线增加的数目。根据方程\eqref{eq:ch18_
                                                  q_error_count}和\eqref{eq:c...
I've inserted a begin-math/end-math symbol since I think
you left one out. Proceed, with fingers crossed.

! Double subscript.
l.245 ...于元件本身的误差使激发输出线增加的数目。根据方程\eqref{eq:ch18_q_
                                                  error_count}和\eqref{eq:ch1...
I treat `x_1_2' essentially like `x_1{}_2'.

! Extra }, or forgotten $.
l.245 ...出线增加的数目。根据方程\eqref{eq:ch18_q_error_count}
                                                  和\eqref{eq:ch18_q_prime_er...
I've deleted a group-closing symbol because it seems to be
spurious, as in `$x}$'. But perhaps the } is legitimate and
you forgot something else, as in `\hbox{$x}'. In such cases
the way to recover is to insert both the forgotten and the
deleted material, e.g., by typing `I$}'.

! Undefined control sequence.
l.245 ...。根据方程\eqref{eq:ch18_q_error_count}和\eqref
                                                  {eq:ch18_q_prime_error_cou...
The control sequence at the end of the top line
of your error message was never \def'ed. If you have
misspelled it (e.g., `\hobx'), type `I' and the correct
spelling (e.g., `I\hbox'). Otherwise just continue,
and I'll forget about whatever was undefined.

! Double subscript.
l.245 ...{eq:ch18_q_error_count}和\eqref{eq:ch18_q_
                                                  prime_error_count}，我们得到
I treat `x_1_2' essentially like `x_1{}_2'.

! Missing \endgroup inserted.
<inserted text> 
                \endgroup 
l.246 \begin{equation}
                      
I've inserted something that you may have forgotten.
(See the <inserted text> above.)
With luck, this will get me unwedged. But if you
really didn't forget anything, try typing `2' now; then
my insertion and my current dilemma will both disappear.

Missing character: There is no 和 ("548C) in font cmr10!
Missing character: There is no ， ("FF0C) in font cmr10!
Missing character: There is no 我 ("6211) in font cmr10!
Missing character: There is no 们 ("4EEC) in font cmr10!
Missing character: There is no 得 ("5F97) in font cmr10!
Missing character: There is no 到 ("5230) in font cmr10!
! You can't use `\eqno' in math mode.
\eqno ->\@kernel@eqno 
                      \aftergroup \ignorespaces 
l.249 \end{equation}
                    
Sorry, but I'm not programmed to handle this case;
I'll just pretend that you didn't ask for it.
If you're in the wrong mode, you might be able to
return to the right one by typing `I}' or `I$' or `I\par'.


! LaTeX Error: \begin{document} ended by \end{equation}.

See the LaTeX manual or LaTeX Companion for explanation.
Type  H <return>  for immediate help.
 ...                                              
                                                  
l.249 \end{equation}
                    
Your command was ignored.
Type  I <command> <return>  to replace it with another command,
or  <return>  to continue without it.

! Missing $ inserted.
<inserted text> 
                $
l.249 \end{equation}
                    
I've inserted something that you may have forgotten.
(See the <inserted text> above.)
With luck, this will get me unwedged. But if you
really didn't forget anything, try typing `2' now; then
my insertion and my current dilemma will both disappear.

! Missing } inserted.
<inserted text> 
                }
l.249 \end{equation}
                    
I've inserted something that you may have forgotten.
(See the <inserted text> above.)
With luck, this will get me unwedged. But if you
really didn't forget anything, try typing `2' now; then
my insertion and my current dilemma will both disappear.

! Extra \endgroup.
<recently read> \endgroup 
                          
l.249 \end{equation}
                    
Things are pretty mixed up, but I think the worst is over.

Missing character: There is no 上 ("4E0A) in font nullfont!
Missing character: There is no 面 ("9762) in font nullfont!
Missing character: There is no 方 ("65B9) in font nullfont!
Missing character: There is no 程 ("7A0B) in font nullfont!
Missing character: There is no 中 ("4E2D) in font nullfont!
Missing character: There is no 最 ("6700) in font nullfont!
Missing character: There is no 后 ("540E) in font nullfont!
Missing character: There is no 两 ("4E24) in font nullfont!
Missing character: There is no 项 ("9879) in font nullfont!
Missing character: There is no 是 ("662F) in font nullfont!
Missing character: There is no 两 ("4E24) in font nullfont!
Missing character: There is no 个 ("4E2A) in font nullfont!
Missing character: There is no 按 ("6309) in font nullfont!
Missing character: There is no 照 ("7167) in font nullfont!
Missing character: There is no 正 ("6B63) in font nullfont!
Missing character: There is no 态 ("6001) in font nullfont!
Missing character: There is no 分 ("5206) in font nullfont!
Missing character: There is no 布 ("5E03) in font nullfont!
Missing character: There is no 的 ("7684) in font nullfont!
Missing character: There is no 随 ("968F) in font nullfont!
Missing character: There is no 机 ("673A) in font nullfont!
Missing character: There is no 变 ("53D8) in font nullfont!
Missing character: There is no 量 ("91CF) in font nullfont!
Missing character: There is no 的 ("7684) in font nullfont!
Missing character: There is no 差 ("5DEE) in font nullfont!
Missing character: There is no 。 ("3002) in font nullfont!
Missing character: There is no 我 ("6211) in font nullfont!
Missing character: There is no 们 ("4EEC) in font nullfont!
Missing character: There is no 可 ("53EF) in font nullfont!
Missing character: There is no 以 ("4EE5) in font nullfont!
Missing character: There is no 证 ("8BC1) in font nullfont!
Missing character: There is no 明 ("660E) in font nullfont!
Missing character: There is no 两 ("4E24) in font nullfont!
Missing character: There is no 个 ("4E2A) in font nullfont!
Missing character: There is no 按 ("6309) in font nullfont!
Missing character: There is no 正 ("6B63) in font nullfont!
Missing character: There is no 态 ("6001) in font nullfont!
Missing character: There is no 分 ("5206) in font nullfont!
Missing character: There is no 布 ("5E03) in font nullfont!
Missing character: There is no 的 ("7684) in font nullfont!
Missing character: There is no 随 ("968F) in font nullfont!
Missing character: There is no 机 ("673A) in font nullfont!
Missing character: There is no 变 ("53D8) in font nullfont!
Missing character: There is no 量 ("91CF) in font nullfont!
Missing character: There is no 的 ("7684) in font nullfont!
Missing character: There is no 差 ("5DEE) in font nullfont!
Missing character: There is no 仍 ("4ECD) in font nullfont!
Missing character: There is no 然 ("7136) in font nullfont!
Missing character: There is no 是 ("662F) in font nullfont!
Missing character: There is no 一 ("4E00) in font nullfont!
Missing character: There is no 个 ("4E2A) in font nullfont!
Missing character: There is no 按 ("6309) in font nullfont!
Missing character: There is no 照 ("7167) in font nullfont!
Missing character: There is no 正 ("6B63) in font nullfont!
Missing character: There is no 态 ("6001) in font nullfont!
Missing character: There is no 分 ("5206) in font nullfont!
Missing character: There is no 布 ("5E03) in font nullfont!
Missing character: There is no 的 ("7684) in font nullfont!
Missing character: There is no 随 ("968F) in font nullfont!
Missing character: There is no 机 ("673A) in font nullfont!
Missing character: There is no 变 ("53D8) in font nullfont!
Missing character: There is no 量 ("91CF) in font nullfont!
Missing character: There is no 。 ("3002) in font nullfont!

Overfull \hbox (15.40627pt too wide) in paragraph at lines 244--251
 $\OML/cmm/m/it/10 q[] \OMS/cmsy/m/n/10 ^^@
 []


Overfull \hbox (4.8229pt too wide) in paragraph at lines 244--251
\OML/cmm/m/it/10 q$
 []


Overfull \hbox (183.41508pt too wide) in paragraph at lines 244--251
[][]\OML/cmm/m/it/10 rror[]ount[]$$q[] \OMS/cmsy/m/n/10 ^^@
 []


Overfull \hbox (15.37842pt too wide) in paragraph at lines 244--251
\OML/cmm/m/it/10 q \OT1/cmr/m/n/10 =
 []


Overfull \hbox (59.66443pt too wide) in paragraph at lines 244--251
\OT1/cmr/m/n/10 2\OML/cmm/m/it/10 " [] n \OT1/cmr/m/n/10 +
 []


Overfull \hbox (95.1475pt too wide) in paragraph at lines 244--251
[] \OML/cmm/m/it/10 y \OMS/cmsy/m/n/10 ^^@
 []


Overfull \hbox (84.59416pt too wide) in paragraph at lines 244--251
[] \OML/cmm/m/it/10 y;[] []$$$
 []


! LaTeX Error: Missing \begin{document}.

See the LaTeX manual or LaTeX Companion for explanation.
Type  H <return>  for immediate help.
 ...                                              
                                                  
l.252 考
       虑两个按照正态分布的随机变量 $z_1$ 和 $z_2$，它们的平均值都是 $0$，方差分别等于 $\sigma_1^2$ 和 $\sig...

You're in trouble here.  Try typing  <return>  to proceed.
If that doesn't work, type  X <return>  to quit.

Missing character: There is no 考 ("8003) in font nullfont!
Missing character: There is no 虑 ("8651) in font nullfont!
Missing character: There is no 两 ("4E24) in font nullfont!
Missing character: There is no 个 ("4E2A) in font nullfont!
Missing character: There is no 按 ("6309) in font nullfont!
Missing character: There is no 照 ("7167) in font nullfont!
Missing character: There is no 正 ("6B63) in font nullfont!
Missing character: There is no 态 ("6001) in font nullfont!
Missing character: There is no 分 ("5206) in font nullfont!
Missing character: There is no 布 ("5E03) in font nullfont!
Missing character: There is no 的 ("7684) in font nullfont!
Missing character: There is no 随 ("968F) in font nullfont!
Missing character: There is no 机 ("673A) in font nullfont!
Missing character: There is no 变 ("53D8) in font nullfont!
Missing character: There is no 量 ("91CF) in font nullfont!
Missing character: There is no 和 ("548C) in font nullfont!
Missing character: There is no ， ("FF0C) in font nullfont!
Missing character: There is no 它 ("5B83) in font nullfont!
Missing character: There is no 们 ("4EEC) in font nullfont!
Missing character: There is no 的 ("7684) in font nullfont!
Missing character: There is no 平 ("5E73) in font nullfont!
Missing character: There is no 均 ("5747) in font nullfont!
Missing character: There is no 值 ("503C) in font nullfont!
Missing character: There is no 都 ("90FD) in font nullfont!
Missing character: There is no 是 ("662F) in font nullfont!
Missing character: There is no ， ("FF0C) in font nullfont!
Missing character: There is no 方 ("65B9) in font nullfont!
Missing character: There is no 差 ("5DEE) in font nullfont!
Missing character: There is no 分 ("5206) in font nullfont!
Missing character: There is no 别 ("522B) in font nullfont!
Missing character: There is no 等 ("7B49) in font nullfont!
Missing character: There is no 于 ("4E8E) in font nullfont!
Missing character: There is no 和 ("548C) in font nullfont!
Missing character: There is no ， ("FF0C) in font nullfont!
Missing character: There is no 因 ("56E0) in font nullfont!
Missing character: There is no 而 ("800C) in font nullfont!

Overfull \hbox (20.0pt too wide) in paragraph at lines 252--253
[]
 []


Overfull \hbox (9.13663pt too wide) in paragraph at lines 252--253
\OML/cmm/m/it/10 z[]$
 []


Overfull \hbox (9.13663pt too wide) in paragraph at lines 252--253
\OML/cmm/m/it/10 z[]$
 []


Overfull \hbox (5.00002pt too wide) in paragraph at lines 252--253
\OT1/cmr/m/n/10 0$
 []


Overfull \hbox (10.55904pt too wide) in paragraph at lines 252--253
\OML/cmm/m/it/10 ^^[[]$
 []


Overfull \hbox (10.55904pt too wide) in paragraph at lines 252--253
\OML/cmm/m/it/10 ^^[[]$ 
 []


! LaTeX Error: Environment aligned undefined.

See the LaTeX manual or LaTeX Companion for explanation.
Type  H <return>  for immediate help.
 ...                                              
                                                  
l.255 \begin{aligned}
                     
Your command was ignored.
Type  I <command> <return>  to replace it with another command,
or  <return>  to continue without it.

! Misplaced alignment tab character &.
l.256 z_1 &
           = \sigma_1 y, \\
I can't figure out why you would want to use a tab mark
here. If you just want an ampersand, the remedy is
simple: Just type `I\&' now. But if some right brace
up above has ended a previous alignment prematurely,
you're probably due for more error messages, and you
might try typing `S' now just to see what is salvageable.

! Misplaced alignment tab character &.
l.257 z_2 &
           = \sigma_2 y。
I can't figure out why you would want to use a tab mark
here. If you just want an ampersand, the remedy is
simple: Just type `I\&' now. But if some right brace
up above has ended a previous alignment prematurely,
you're probably due for more error messages, and you
might try typing `S' now just to see what is salvageable.


! LaTeX Error: \begin{equation} on input line 253 ended by \end{aligned}.

See the LaTeX manual or LaTeX Companion for explanation.
Type  H <return>  for immediate help.
 ...                                              
                                                  
l.258 \end{aligned}
                   
Your command was ignored.
Type  I <command> <return>  to replace it with another command,
or  <return>  to continue without it.

Missing character: There is no 。 ("3002) in font cmr10!

Overfull \hbox (86.50783pt too wide) detected at line 261
[][]
 []

Missing character: There is no 或 ("6216) in font nullfont!
Missing character: There is no 者 ("8005) in font nullfont!
Missing character: There is no ， ("FF0C) in font nullfont!
Missing character: There is no 用 ("7528) in font nullfont!
Missing character: There is no 表 ("8868) in font nullfont!
Missing character: There is no 示 ("793A) in font nullfont!
Missing character: There is no 的 ("7684) in font nullfont!
Missing character: There is no 概 ("6982) in font nullfont!
Missing character: There is no 率 ("7387) in font nullfont!
Missing character: There is no 分 ("5206) in font nullfont!
Missing character: There is no 布 ("5E03) in font nullfont!
Missing character: There is no 函 ("51FD) in font nullfont!
Missing character: There is no 数 ("6570) in font nullfont!
Missing character: There is no ， ("FF0C) in font nullfont!
Missing character: There is no 表 ("8868) in font nullfont!
Missing character: There is no 示 ("793A) in font nullfont!
Missing character: There is no 的 ("7684) in font nullfont!
Missing character: There is no 概 ("6982) in font nullfont!
Missing character: There is no 率 ("7387) in font nullfont!
Missing character: There is no 分 ("5206) in font nullfont!
Missing character: There is no 布 ("5E03) in font nullfont!
Missing character: There is no 函 ("51FD) in font nullfont!
Missing character: There is no 数 ("6570) in font nullfont!
Missing character: There is no ， ("FF0C) in font nullfont!

! LaTeX Error: Environment equation* undefined.

See the LaTeX manual or LaTeX Companion for explanation.
Type  H <return>  for immediate help.
 ...                                              
                                                  
l.263 \begin{equation*}
                       
Your command was ignored.
Type  I <command> <return>  to replace it with another command,
or  <return>  to continue without it.

Missing character: There is no W ("57) in font nullfont!
! Missing $ inserted.
<inserted text> 
                $
l.264 W_
        1(z_1) = \frac{1}{\sigma_1\sqrt{2\pi}} \mathrm{e}^{-\frac{1}{2}\left...
I've inserted a begin-math/end-math symbol since I think
you left one out. Proceed, with fingers crossed.


! LaTeX Error: \begin{document} ended by \end{equation*}.

See the LaTeX manual or LaTeX Companion for explanation.
Type  H <return>  for immediate help.
 ...                                              
                                                  
l.265 \end{equation*}
                     
Your command was ignored.
Type  I <command> <return>  to replace it with another command,
or  <return>  to continue without it.

! Missing $ inserted.
<inserted text> 
                $
l.265 \end{equation*}
                     
I've inserted something that you may have forgotten.
(See the <inserted text> above.)
With luck, this will get me unwedged. But if you
really didn't forget anything, try typing `2' now; then
my insertion and my current dilemma will both disappear.


! LaTeX Error: Environment equation* undefined.

See the LaTeX manual or LaTeX Companion for explanation.
Type  H <return>  for immediate help.
 ...                                              
                                                  
l.266 \begin{equation*}
                       
Your command was ignored.
Type  I <command> <return>  to replace it with another command,
or  <return>  to continue without it.

Missing character: There is no W ("57) in font nullfont!
! Missing $ inserted.
<inserted text> 
                $
l.267 W_
        2(z_2) = \frac{1}{\sigma_2\sqrt{2\pi}} \mathrm{e}^{-\frac{1}{2}\left...
I've inserted a begin-math/end-math symbol since I think
you left one out. Proceed, with fingers crossed.


! LaTeX Error: \begin{document} ended by \end{equation*}.

See the LaTeX manual or LaTeX Companion for explanation.
Type  H <return>  for immediate help.
 ...                                              
                                                  
l.268 \end{equation*}
                     
Your command was ignored.
Type  I <command> <return>  to replace it with another command,
or  <return>  to continue without it.

! Missing $ inserted.
<inserted text> 
                $
l.268 \end{equation*}
                     
I've inserted something that you may have forgotten.
(See the <inserted text> above.)
With luck, this will get me unwedged. But if you
really didn't forget anything, try typing `2' now; then
my insertion and my current dilemma will both disappear.

Missing character: There is no 。 ("3002) in font cmr10!
Missing character: There is no 现 ("73B0) in font nullfont!
Missing character: There is no 在 ("5728) in font nullfont!
Missing character: There is no 假 ("5047) in font nullfont!
Missing character: There is no 设 ("8BBE) in font nullfont!
Missing character: There is no 两 ("4E24) in font nullfont!
Missing character: There is no 个 ("4E2A) in font nullfont!
Missing character: There is no 随 ("968F) in font nullfont!
Missing character: There is no 机 ("673A) in font nullfont!
Missing character: There is no 变 ("53D8) in font nullfont!
Missing character: There is no 量 ("91CF) in font nullfont!
Missing character: There is no 相 ("76F8) in font nullfont!
Missing character: There is no 互 ("4E92) in font nullfont!
Missing character: There is no 独 ("72EC) in font nullfont!
Missing character: There is no 立 ("7ACB) in font nullfont!
Missing character: There is no ， ("FF0C) in font nullfont!
Missing character: There is no 在 ("5728) in font nullfont!
Missing character: There is no 与 ("4E0E) in font nullfont!
Missing character: There is no 之 ("4E4B) in font nullfont!
Missing character: There is no 间 ("95F4) in font nullfont!
Missing character: There is no ， ("FF0C) in font nullfont!
Missing character: There is no 在 ("5728) in font nullfont!
Missing character: There is no 与 ("4E0E) in font nullfont!
Missing character: There is no 之 ("4E4B) in font nullfont!
Missing character: There is no 间 ("95F4) in font nullfont!
Missing character: There is no 的 ("7684) in font nullfont!
Missing character: There is no 联 ("8054) in font nullfont!
Missing character: There is no 合 ("5408) in font nullfont!
Missing character: There is no 概 ("6982) in font nullfont!
Missing character: There is no 率 ("7387) in font nullfont!
Missing character: There is no 是 ("662F) in font nullfont!

! LaTeX Error: Environment equation* undefined.

See the LaTeX manual or LaTeX Companion for explanation.
Type  H <return>  for immediate help.
 ...                                              
                                                  
l.270 \begin{equation*}
                       
Your command was ignored.
Type  I <command> <return>  to replace it with another command,
or  <return>  to continue without it.

Missing character: There is no W ("57) in font nullfont!
! Missing $ inserted.
<inserted text> 
                $
l.271 W_
        1(z_1)W_2(z_2)\mathrm{d}z_1\mathrm{d}z_2。
I've inserted a begin-math/end-math symbol since I think
you left one out. Proceed, with fingers crossed.


! LaTeX Error: \begin{document} ended by \end{equation*}.

See the LaTeX manual or LaTeX Companion for explanation.
Type  H <return>  for immediate help.
 ...                                              
                                                  
l.272 \end{equation*}
                     
Your command was ignored.
Type  I <command> <return>  to replace it with another command,
or  <return>  to continue without it.

! Missing $ inserted.
<inserted text> 
                $
l.272 \end{equation*}
                     
I've inserted something that you may have forgotten.
(See the <inserted text> above.)
With luck, this will get me unwedged. But if you
really didn't forget anything, try typing `2' now; then
my insertion and my current dilemma will both disappear.

Missing character: There is no 。 ("3002) in font cmr10!
Missing character: There is no 我 ("6211) in font nullfont!
Missing character: There is no 们 ("4EEC) in font nullfont!
Missing character: There is no 现 ("73B0) in font nullfont!
Missing character: There is no 在 ("5728) in font nullfont!
Missing character: There is no 引 ("5F15) in font nullfont!
Missing character: There is no 入 ("5165) in font nullfont!
Missing character: There is no 新 ("65B0) in font nullfont!
Missing character: There is no 的 ("7684) in font nullfont!
Missing character: There is no 变 ("53D8) in font nullfont!
Missing character: There is no 量 ("91CF) in font nullfont!
Missing character: There is no 和 ("548C) in font nullfont!
Missing character: There is no ， ("FF0C) in font nullfont!
Missing character: There is no 它 ("5B83) in font nullfont!
Missing character: There is no 们 ("4EEC) in font nullfont!
Missing character: There is no 定 ("5B9A) in font nullfont!
Missing character: There is no 义 ("4E49) in font nullfont!
Missing character: There is no 如 ("5982) in font nullfont!
Missing character: There is no 下 ("4E0B) in font nullfont!
Missing character: There is no ： ("FF1A) in font nullfont!

! LaTeX Error: Environment equation* undefined.

See the LaTeX manual or LaTeX Companion for explanation.
Type  H <return>  for immediate help.
 ...                                              
                                                  
l.274 \begin{equation*}
                       
Your command was ignored.
Type  I <command> <return>  to replace it with another command,
or  <return>  to continue without it.


! LaTeX Error: Environment aligned undefined.

See the LaTeX manual or LaTeX Companion for explanation.
Type  H <return>  for immediate help.
 ...                                              
                                                  
l.275 \begin{aligned}
                     
Your command was ignored.
Type  I <command> <return>  to replace it with another command,
or  <return>  to continue without it.

Missing character: There is no x ("78) in font nullfont!
! Missing $ inserted.
<inserted text> 
                $
l.276 x_
        1 &= z_1 - z_2, \\
I've inserted a begin-math/end-math symbol since I think
you left one out. Proceed, with fingers crossed.

! Misplaced alignment tab character &.
l.276 x_1 &
           = z_1 - z_2, \\
I can't figure out why you would want to use a tab mark
here. If you just want an ampersand, the remedy is
simple: Just type `I\&' now. But if some right brace
up above has ended a previous alignment prematurely,
you're probably due for more error messages, and you
might try typing `S' now just to see what is salvageable.

! Misplaced alignment tab character &.
l.277 x_2 &
           = z_1 + z_2, \\
I can't figure out why you would want to use a tab mark
here. If you just want an ampersand, the remedy is
simple: Just type `I\&' now. But if some right brace
up above has ended a previous alignment prematurely,
you're probably due for more error messages, and you
might try typing `S' now just to see what is salvageable.

! Misplaced alignment tab character &.
l.278 z_1 &
           = \frac{1}{2}(x_1 + x_2), \\
I can't figure out why you would want to use a tab mark
here. If you just want an ampersand, the remedy is
simple: Just type `I\&' now. But if some right brace
up above has ended a previous alignment prematurely,
you're probably due for more error messages, and you
might try typing `S' now just to see what is salvageable.

! Misplaced alignment tab character &.
l.279 z_2 &
           = \frac{1}{2}(x_2 - x_1)。
I can't figure out why you would want to use a tab mark
here. If you just want an ampersand, the remedy is
simple: Just type `I\&' now. But if some right brace
up above has ended a previous alignment prematurely,
you're probably due for more error messages, and you
might try typing `S' now just to see what is salvageable.


! LaTeX Error: \begin{document} ended by \end{aligned}.

See the LaTeX manual or LaTeX Companion for explanation.
Type  H <return>  for immediate help.
 ...                                              
                                                  
l.280 \end{aligned}
                   
Your command was ignored.
Type  I <command> <return>  to replace it with another command,
or  <return>  to continue without it.

! Missing $ inserted.
<inserted text> 
                $
l.280 \end{aligned}
                   
I've inserted something that you may have forgotten.
(See the <inserted text> above.)
With luck, this will get me unwedged. But if you
really didn't forget anything, try typing `2' now; then
my insertion and my current dilemma will both disappear.

Missing character: There is no 。 ("3002) in font cmr10!

! LaTeX Error: \begin{document} ended by \end{equation*}.

See the LaTeX manual or LaTeX Companion for explanation.
Type  H <return>  for immediate help.
 ...                                              
                                                  
l.281 \end{equation*}
                     
Your command was ignored.
Type  I <command> <return>  to replace it with another command,
or  <return>  to continue without it.

Missing character: There is no 新 ("65B0) in font nullfont!
Missing character: There is no 变 ("53D8) in font nullfont!
Missing character: There is no 量 ("91CF) in font nullfont!
Missing character: There is no 的 ("7684) in font nullfont!
Missing character: There is no 联 ("8054) in font nullfont!
Missing character: There is no 合 ("5408) in font nullfont!
Missing character: There is no 概 ("6982) in font nullfont!
Missing character: There is no 率 ("7387) in font nullfont!
Missing character: There is no 是 ("662F) in font nullfont!

! LaTeX Error: Environment equation* undefined.

See the LaTeX manual or LaTeX Companion for explanation.
Type  H <return>  for immediate help.
 ...                                              
                                                  
l.283 \begin{equation*}
                       
Your command was ignored.
Type  I <command> <return>  to replace it with another command,
or  <return>  to continue without it.

Missing character: There is no 1 ("31) in font nullfont!
! Missing $ inserted.
<inserted text> 
                $
l.284 \frac{1}{2}
                 W_1\left(\frac{x_1+x_2}{2}\right)W_2\left(\frac{x_2-x_1}{2}...
I've inserted a begin-math/end-math symbol since I think
you left one out. Proceed, with fingers crossed.

! Extra }, or forgotten $.
\frac  #1#2->{\begingroup #1\endgroup \over #2}
                                               
l.284 \frac{1}{2}
                 W_1\left(\frac{x_1+x_2}{2}\right)W_2\left(\frac{x_2-x_1}{2}...
I've deleted a group-closing symbol because it seems to be
spurious, as in `$x}$'. But perhaps the } is legitimate and
you forgot something else, as in `\hbox{$x}'. In such cases
the way to recover is to insert both the forgotten and the
deleted material, e.g., by typing `I$}'.


! LaTeX Error: \begin{document} ended by \end{equation*}.

See the LaTeX manual or LaTeX Companion for explanation.
Type  H <return>  for immediate help.
 ...                                              
                                                  
l.285 \end{equation*}
                     
Your command was ignored.
Type  I <command> <return>  to replace it with another command,
or  <return>  to continue without it.

! Missing $ inserted.
<inserted text> 
                $
l.285 \end{equation*}
                     
I've inserted something that you may have forgotten.
(See the <inserted text> above.)
With luck, this will get me unwedged. But if you
really didn't forget anything, try typing `2' now; then
my insertion and my current dilemma will both disappear.

Missing character: There is no 。 ("3002) in font cmr7!
! Missing } inserted.
<inserted text> 
                }
l.285 \end{equation*}
                     
I've inserted something that you may have forgotten.
(See the <inserted text> above.)
With luck, this will get me unwedged. But if you
really didn't forget anything, try typing `2' now; then
my insertion and my current dilemma will both disappear.

Missing character: There is no 把 ("628A) in font nullfont!
Missing character: There is no 这 ("8FD9) in font nullfont!
Missing character: There is no 个 ("4E2A) in font nullfont!
Missing character: There is no 联 ("8054) in font nullfont!
Missing character: There is no 合 ("5408) in font nullfont!
Missing character: There is no 概 ("6982) in font nullfont!
Missing character: There is no 率 ("7387) in font nullfont!
Missing character: There is no 从 ("4ECE) in font nullfont!
Missing character: There is no 到 ("5230) in font nullfont!
Missing character: There is no 对 ("5BF9) in font nullfont!
Missing character: There is no 积 ("79EF) in font nullfont!
Missing character: There is no 分 ("5206) in font nullfont!
Missing character: There is no ， ("FF0C) in font nullfont!
Missing character: There is no 我 ("6211) in font nullfont!
Missing character: There is no 们 ("4EEC) in font nullfont!
Missing character: There is no 就 ("5C31) in font nullfont!
Missing character: There is no 得 ("5F97) in font nullfont!
Missing character: There is no 到 ("5230) in font nullfont!
Missing character: There is no 概 ("6982) in font nullfont!
Missing character: There is no 率 ("7387) in font nullfont!
Missing character: There is no ， ("FF0C) in font nullfont!
Missing character: There is no 其 ("5176) in font nullfont!
Missing character: There is no 中 ("4E2D) in font nullfont!
Missing character: There is no 是 ("662F) in font nullfont!
Missing character: There is no 的 ("7684) in font nullfont!
Missing character: There is no 概 ("6982) in font nullfont!
Missing character: There is no 率 ("7387) in font nullfont!
Missing character: There is no 分 ("5206) in font nullfont!
Missing character: There is no 布 ("5E03) in font nullfont!
Missing character: There is no 函 ("51FD) in font nullfont!
Missing character: There is no 数 ("6570) in font nullfont!
Missing character: There is no 。 ("3002) in font nullfont!
Missing character: There is no 这 ("8FD9) in font nullfont!
Missing character: There is no 样 ("6837) in font nullfont!

! LaTeX Error: Environment equation* undefined.

See the LaTeX manual or LaTeX Companion for explanation.
Type  H <return>  for immediate help.
 ...                                              
                                                  
l.287 \begin{equation*}
                       
Your command was ignored.
Type  I <command> <return>  to replace it with another command,
or  <return>  to continue without it.


! LaTeX Error: Environment aligned undefined.

See the LaTeX manual or LaTeX Companion for explanation.
Type  H <return>  for immediate help.
 ...                                              
                                                  
l.288 \begin{aligned}
                     
Your command was ignored.
Type  I <command> <return>  to replace it with another command,
or  <return>  to continue without it.

Missing character: There is no W ("57) in font nullfont!
Missing character: There is no ( ("28) in font nullfont!
Missing character: There is no x ("78) in font nullfont!
! Missing $ inserted.
<inserted text> 
                $
l.289 W(x_
          1) &= \frac{1}{2}\int_{-\infty}^{\infty} W_1\left(\frac{x_1+x_2}{2...
I've inserted a begin-math/end-math symbol since I think
you left one out. Proceed, with fingers crossed.

! Misplaced alignment tab character &.
l.289 W(x_1) &
              = \frac{1}{2}\int_{-\infty}^{\infty} W_1\left(\frac{x_1+x_2}{2...
I can't figure out why you would want to use a tab mark
here. If you just want an ampersand, the remedy is
simple: Just type `I\&' now. But if some right brace
up above has ended a previous alignment prematurely,
you're probably due for more error messages, and you
might try typing `S' now just to see what is salvageable.

! Misplaced alignment tab character &.
<recently read> &
                 
l.290 &
       = \frac{1}{4\pi\sigma_1\sigma_2}\int_{-\infty}^{\infty} \mathrm{e}^{-...
I can't figure out why you would want to use a tab mark
here. If you just want an ampersand, the remedy is
simple: Just type `I\&' now. But if some right brace
up above has ended a previous alignment prematurely,
you're probably due for more error messages, and you
might try typing `S' now just to see what is salvageable.

! Misplaced alignment tab character &.
<recently read> &
                 
l.291 &
       = \frac{1}{4\pi\sigma_1\sigma_2}\mathrm{e}^{-\frac{1}{2}\frac{x_1^2}{...
I can't figure out why you would want to use a tab mark
here. If you just want an ampersand, the remedy is
simple: Just type `I\&' now. But if some right brace
up above has ended a previous alignment prematurely,
you're probably due for more error messages, and you
might try typing `S' now just to see what is salvageable.

! Misplaced alignment tab character &.
<recently read> &
                 
l.292 &
       = \frac{1}{\sqrt{2\pi}} \frac{1}{\sqrt{\sigma_1^2+\sigma_2^2}}\mathrm...
I can't figure out why you would want to use a tab mark
here. If you just want an ampersand, the remedy is
simple: Just type `I\&' now. But if some right brace
up above has ended a previous alignment prematurely,
you're probably due for more error messages, and you
might try typing `S' now just to see what is salvageable.


! LaTeX Error: \begin{document} ended by \end{aligned}.

See the LaTeX manual or LaTeX Companion for explanation.
Type  H <return>  for immediate help.
 ...                                              
                                                  
l.293 \end{aligned}
                   
Your command was ignored.
Type  I <command> <return>  to replace it with another command,
or  <return>  to continue without it.

! Missing $ inserted.
<inserted text> 
                $
l.293 \end{aligned}
                   
I've inserted something that you may have forgotten.
(See the <inserted text> above.)
With luck, this will get me unwedged. But if you
really didn't forget anything, try typing `2' now; then
my insertion and my current dilemma will both disappear.

Missing character: There is no 。 ("3002) in font cmr10!

! LaTeX Error: \begin{document} ended by \end{equation*}.

See the LaTeX manual or LaTeX Companion for explanation.
Type  H <return>  for immediate help.
 ...                                              
                                                  
l.294 \end{equation*}
                     
Your command was ignored.
Type  I <command> <return>  to replace it with another command,
or  <return>  to continue without it.

Missing character: There is no 所 ("6240) in font nullfont!
Missing character: There is no 以 ("4EE5) in font nullfont!
Missing character: There is no 我 ("6211) in font nullfont!
Missing character: There is no 们 ("4EEC) in font nullfont!
Missing character: There is no 可 ("53EF) in font nullfont!
Missing character: There is no 以 ("4EE5) in font nullfont!
Missing character: There is no 写 ("5199) in font nullfont!

Overfull \hbox (30.845pt too wide) in paragraph at lines 261--296
 $\OML/cmm/m/it/10 W[]\OT1/cmr/m/n/10 (\OML/cmm/m/it/10 z[]\OT1/cmr/m/n/10 )$
 []


Overfull \hbox (9.13663pt too wide) in paragraph at lines 261--296
\OML/cmm/m/it/10 z[]$
 []


Overfull \hbox (30.845pt too wide) in paragraph at lines 261--296
\OML/cmm/m/it/10 W[]\OT1/cmr/m/n/10 (\OML/cmm/m/it/10 z[]\OT1/cmr/m/n/10 )$
 []


Overfull \hbox (9.13663pt too wide) in paragraph at lines 261--296
\OML/cmm/m/it/10 z[]$
 []


Overfull \hbox (31.95607pt too wide) in paragraph at lines 261--296
[]\OT1/cmr/m/n/10 (\OML/cmm/m/it/10 z[]\OT1/cmr/m/n/10 ) =
 []


Overfull \hbox (69.64314pt too wide) in paragraph at lines 261--296
[]\OT1/cmr/m/n/10 e[]\OML/cmm/m/it/10 ;$
 []


Overfull \hbox (31.95607pt too wide) in paragraph at lines 261--296
[]\OT1/cmr/m/n/10 (\OML/cmm/m/it/10 z[]\OT1/cmr/m/n/10 ) =
 []


Overfull \hbox (66.86536pt too wide) in paragraph at lines 261--296
[]\OT1/cmr/m/n/10 e[]$
 []


Overfull \hbox (9.13663pt too wide) in paragraph at lines 261--296
\OML/cmm/m/it/10 z[]$
 []


Overfull \hbox (9.13663pt too wide) in paragraph at lines 261--296
\OML/cmm/m/it/10 z[]$
 []


Overfull \hbox (16.91443pt too wide) in paragraph at lines 261--296
\OML/cmm/m/it/10 z[] \OT1/cmr/m/n/10 +
 []


Overfull \hbox (14.6922pt too wide) in paragraph at lines 261--296
\OT1/cmr/m/n/10 d\OML/cmm/m/it/10 z[]$
 []


Overfull \hbox (9.13663pt too wide) in paragraph at lines 261--296
\OML/cmm/m/it/10 z[]$
 []


Overfull \hbox (9.13663pt too wide) in paragraph at lines 261--296
\OML/cmm/m/it/10 z[]$
 []


Overfull \hbox (16.91443pt too wide) in paragraph at lines 261--296
\OML/cmm/m/it/10 z[] \OT1/cmr/m/n/10 +
 []


Overfull \hbox (14.6922pt too wide) in paragraph at lines 261--296
\OT1/cmr/m/n/10 d\OML/cmm/m/it/10 z[]$
 []


Overfull \hbox (81.62996pt too wide) in paragraph at lines 261--296
[]\OT1/cmr/m/n/10 (\OML/cmm/m/it/10 z[]\OT1/cmr/m/n/10 )\OML/cmm/m/it/10 W[]\OT
1/cmr/m/n/10 (\OML/cmm/m/it/10 z[]\OT1/cmr/m/n/10 )d\OML/cmm/m/it/10 z[]\OT1/cm
r/m/n/10 d\OML/cmm/m/it/10 z[]$
 []


Overfull \hbox (10.2014pt too wide) in paragraph at lines 261--296
\OML/cmm/m/it/10 x[]$
 []


Overfull \hbox (10.2014pt too wide) in paragraph at lines 261--296
\OML/cmm/m/it/10 x[]$
 []


Overfull \hbox (15.04164pt too wide) in paragraph at lines 261--296
[] \OT1/cmr/m/n/10 =
 []


Overfull \hbox (16.91443pt too wide) in paragraph at lines 261--296
\OML/cmm/m/it/10 z[] \OMS/cmsy/m/n/10 ^^@
 []


Overfull \hbox (13.58104pt too wide) in paragraph at lines 261--296
\OML/cmm/m/it/10 z[]; [] 
 []


Overfull \hbox (20.75691pt too wide) in paragraph at lines 261--296
\OML/cmm/m/it/10 x[] \OT1/cmr/m/n/10 =
 []


Overfull \hbox (16.91443pt too wide) in paragraph at lines 261--296
\OML/cmm/m/it/10 z[] \OT1/cmr/m/n/10 +
 []


Overfull \hbox (13.58104pt too wide) in paragraph at lines 261--296
\OML/cmm/m/it/10 z[]; [] 
 []


Overfull \hbox (19.69214pt too wide) in paragraph at lines 261--296
\OML/cmm/m/it/10 z[] \OT1/cmr/m/n/10 =
 []


Overfull \hbox (28.25423pt too wide) in paragraph at lines 261--296
[]\OT1/cmr/m/n/10 (\OML/cmm/m/it/10 x[] \OT1/cmr/m/n/10 +
 []


Overfull \hbox (18.53471pt too wide) in paragraph at lines 261--296
\OML/cmm/m/it/10 x[]\OT1/cmr/m/n/10 )\OML/cmm/m/it/10 ; [] 
 []


Overfull \hbox (19.69214pt too wide) in paragraph at lines 261--296
\OML/cmm/m/it/10 z[] \OT1/cmr/m/n/10 =
 []


Overfull \hbox (28.25423pt too wide) in paragraph at lines 261--296
[]\OT1/cmr/m/n/10 (\OML/cmm/m/it/10 x[] \OMS/cmsy/m/n/10 ^^@
 []


Overfull \hbox (14.0903pt too wide) in paragraph at lines 261--296
\OML/cmm/m/it/10 x[]\OT1/cmr/m/n/10 )$
 []


Overfull \hbox (117.29807pt too wide) in paragraph at lines 261--296
[]$
 []


Overfull \hbox (17.77782pt too wide) in paragraph at lines 261--296
\OMS/cmsy/m/n/10 ^^@1$
 []


Overfull \hbox (10.00002pt too wide) in paragraph at lines 261--296
\OMS/cmsy/m/n/10 1$
 []


Overfull \hbox (10.2014pt too wide) in paragraph at lines 261--296
\OML/cmm/m/it/10 x[]$
 []


Overfull \hbox (47.66675pt too wide) in paragraph at lines 261--296
\OML/cmm/m/it/10 W[]\OT1/cmr/m/n/10 (\OML/cmm/m/it/10 x[]\OT1/cmr/m/n/10 )d\OML
/cmm/m/it/10 x[]$
 []


Overfull \hbox (31.90977pt too wide) in paragraph at lines 261--296
\OML/cmm/m/it/10 W[]\OT1/cmr/m/n/10 (\OML/cmm/m/it/10 x[]\OT1/cmr/m/n/10 )$
 []


Overfull \hbox (20.75691pt too wide) in paragraph at lines 261--296
\OML/cmm/m/it/10 x[] \OT1/cmr/m/n/10 =
 []


Overfull \hbox (16.91443pt too wide) in paragraph at lines 261--296
\OML/cmm/m/it/10 z[] \OMS/cmsy/m/n/10 ^^@
 []


Overfull \hbox (9.13663pt too wide) in paragraph at lines 261--296
\OML/cmm/m/it/10 z[]$
 []


Overfull \hbox (18.93054pt too wide) in paragraph at lines 261--296
[]\OT1/cmr/m/n/10 ) =
 []


Overfull \hbox (148.72108pt too wide) in paragraph at lines 261--296
[] [][] \OML/cmm/m/it/10 W[] [] W[] [] \OT1/cmr/m/n/10 d\OML/cmm/m/it/10 x[][] 

 []


Overfull \hbox (7.7778pt too wide) in paragraph at lines 261--296
\OT1/cmr/m/n/10 =
 []


Overfull \hbox (172.44208pt too wide) in paragraph at lines 261--296
[] [][] \OT1/cmr/m/n/10 e[]d\OML/cmm/m/it/10 x[][] 
 []


Overfull \hbox (7.7778pt too wide) in paragraph at lines 261--296
\OT1/cmr/m/n/10 =
 []


Overfull \hbox (182.07935pt too wide) in paragraph at lines 261--296
[]\OT1/cmr/m/n/10 e[] [][] e[][][] 
 []


Overfull \hbox (7.7778pt too wide) in paragraph at lines 261--296
\OT1/cmr/m/n/10 =
 []


Overfull \hbox (120.14207pt too wide) in paragraph at lines 261--296
[][]\OT1/cmr/m/n/10 e[]$
 []

Missing character: There is no 。 ("3002) in font cmr10!

Overfull \hbox (89.65273pt too wide) detected at line 299
\OML/cmm/m/it/10 z[] \OMS/cmsy/m/n/10 ^^@ \OML/cmm/m/it/10 z[] \OT1/cmr/m/n/10 
= [] \OML/cmm/m/it/10 y[]
 []

Missing character: There is no 把 ("628A) in font nullfont!
Missing character: There is no 联 ("8054) in font nullfont!
Missing character: There is no 合 ("5408) in font nullfont!
Missing character: There is no 概 ("6982) in font nullfont!
Missing character: There is no 率 ("7387) in font nullfont!
Missing character: There is no 对 ("5BF9) in font nullfont!
Missing character: There is no 求 ("6C42) in font nullfont!
Missing character: There is no 积 ("79EF) in font nullfont!
Missing character: There is no 分 ("5206) in font nullfont!
Missing character: There is no ， ("FF0C) in font nullfont!
Missing character: There is no 我 ("6211) in font nullfont!
Missing character: There is no 们 ("4EEC) in font nullfont!
Missing character: There is no 可 ("53EF) in font nullfont!
Missing character: There is no 以 ("4EE5) in font nullfont!
Missing character: There is no 得 ("5F97) in font nullfont!
Missing character: There is no 到 ("5230) in font nullfont!

Overfull \hbox (10.2014pt too wide) in paragraph at lines 299--301
 $\OML/cmm/m/it/10 x[]$
 []


Overfull \hbox (92.43051pt too wide) detected at line 304
\OML/cmm/m/it/10 z[] \OT1/cmr/m/n/10 + \OML/cmm/m/it/10 z[] \OT1/cmr/m/n/10 = [
] \OML/cmm/m/it/10 y;[]
 []

Missing character: There is no 因 ("56E0) in font nullfont!
Missing character: There is no 此 ("6B64) in font nullfont!
Missing character: There is no 两 ("4E24) in font nullfont!
Missing character: There is no 个 ("4E2A) in font nullfont!
Missing character: There is no 按 ("6309) in font nullfont!
Missing character: There is no 正 ("6B63) in font nullfont!
Missing character: There is no 态 ("6001) in font nullfont!
Missing character: There is no 分 ("5206) in font nullfont!
Missing character: There is no 布 ("5E03) in font nullfont!
Missing character: There is no 的 ("7684) in font nullfont!
Missing character: There is no 相 ("76F8) in font nullfont!
Missing character: There is no 互 ("4E92) in font nullfont!
Missing character: There is no 独 ("72EC) in font nullfont!
Missing character: There is no 立 ("7ACB) in font nullfont!
Missing character: There is no 随 ("968F) in font nullfont!
Missing character: There is no 机 ("673A) in font nullfont!
Missing character: There is no 变 ("53D8) in font nullfont!
Missing character: There is no 量 ("91CF) in font nullfont!
Missing character: There is no ， ("FF0C) in font nullfont!
Missing character: There is no 它 ("5B83) in font nullfont!
Missing character: There is no 们 ("4EEC) in font nullfont!
Missing character: There is no 的 ("7684) in font nullfont!
Missing character: There is no 和 ("548C) in font nullfont!
Missing character: There is no 以 ("4EE5) in font nullfont!
Missing character: There is no 及 ("53CA) in font nullfont!
Missing character: There is no 差 ("5DEE) in font nullfont!
Missing character: There is no 仍 ("4ECD) in font nullfont!
Missing character: There is no 然 ("7136) in font nullfont!
Missing character: There is no 是 ("662F) in font nullfont!
Missing character: There is no 按 ("6309) in font nullfont!
Missing character: There is no 正 ("6B63) in font nullfont!
Missing character: There is no 态 ("6001) in font nullfont!
Missing character: There is no 分 ("5206) in font nullfont!
Missing character: There is no 布 ("5E03) in font nullfont!
Missing character: There is no 的 ("7684) in font nullfont!
Missing character: There is no 随 ("968F) in font nullfont!
Missing character: There is no 机 ("673A) in font nullfont!
Missing character: There is no 变 ("53D8) in font nullfont!
Missing character: There is no 量 ("91CF) in font nullfont!
Missing character: There is no ， ("FF0C) in font nullfont!
Missing character: There is no 新 ("65B0) in font nullfont!
Missing character: There is no 概 ("6982) in font nullfont!
Missing character: There is no 率 ("7387) in font nullfont!
Missing character: There is no 分 ("5206) in font nullfont!
Missing character: There is no 布 ("5E03) in font nullfont!
Missing character: There is no 函 ("51FD) in font nullfont!
Missing character: There is no 数 ("6570) in font nullfont!
Missing character: There is no 的 ("7684) in font nullfont!
Missing character: There is no 方 ("65B9) in font nullfont!
Missing character: There is no 差 ("5DEE) in font nullfont!
Missing character: There is no 等 ("7B49) in font nullfont!
Missing character: There is no 于 ("4E8E) in font nullfont!
Missing character: There is no 原 ("539F) in font nullfont!
Missing character: There is no 来 ("6765) in font nullfont!
Missing character: There is no 两 ("4E24) in font nullfont!
Missing character: There is no 个 ("4E2A) in font nullfont!
Missing character: There is no 随 ("968F) in font nullfont!
Missing character: There is no 机 ("673A) in font nullfont!
Missing character: There is no 变 ("53D8) in font nullfont!
Missing character: There is no 量 ("91CF) in font nullfont!
Missing character: There is no 的 ("7684) in font nullfont!
Missing character: There is no 方 ("65B9) in font nullfont!
Missing character: There is no 差 ("5DEE) in font nullfont!
Missing character: There is no 的 ("7684) in font nullfont!
Missing character: There is no 和 ("548C) in font nullfont!
Missing character: There is no 。 ("3002) in font nullfont!
Missing character: There is no 按 ("6309) in font nullfont!
Missing character: There is no 正 ("6B63) in font nullfont!
Missing character: There is no 态 ("6001) in font nullfont!
Missing character: There is no 分 ("5206) in font nullfont!
Missing character: There is no 布 ("5E03) in font nullfont!
Missing character: There is no 而 ("800C) in font nullfont!
Missing character: There is no 且 ("4E14) in font nullfont!
Missing character: There is no 平 ("5E73) in font nullfont!
Missing character: There is no 均 ("5747) in font nullfont!
Missing character: There is no 值 ("503C) in font nullfont!
Missing character: There is no 等 ("7B49) in font nullfont!
Missing character: There is no 于 ("4E8E) in font nullfont!
Missing character: There is no 的 ("7684) in font nullfont!
Missing character: There is no 随 ("968F) in font nullfont!
Missing character: There is no 机 ("673A) in font nullfont!
Missing character: There is no 变 ("53D8) in font nullfont!
Missing character: There is no 量 ("91CF) in font nullfont!
Missing character: There is no 相 ("76F8) in font nullfont!
Missing character: There is no 加 ("52A0) in font nullfont!
Missing character: There is no 或 ("6216) in font nullfont!
Missing character: There is no 者 ("8005) in font nullfont!
Missing character: There is no 相 ("76F8) in font nullfont!
Missing character: There is no 减 ("51CF) in font nullfont!
Missing character: There is no 所 ("6240) in font nullfont!
Missing character: There is no 具 ("5177) in font nullfont!
Missing character: There is no 有 ("6709) in font nullfont!
Missing character: There is no 的 ("7684) in font nullfont!
Missing character: There is no 这 ("8FD9) in font nullfont!
Missing character: There is no 种 ("79CD) in font nullfont!
Missing character: There is no 特 ("7279) in font nullfont!
Missing character: There is no 性 ("6027) in font nullfont!
Missing character: There is no 是 ("662F) in font nullfont!
Missing character: There is no 可 ("53EF) in font nullfont!
Missing character: There is no 以 ("4EE5) in font nullfont!
Missing character: There is no 预 ("9884) in font nullfont!
Missing character: There is no 料 ("6599) in font nullfont!
Missing character: There is no 到 ("5230) in font nullfont!
Missing character: There is no 的 ("7684) in font nullfont!
Missing character: There is no ， ("FF0C) in font nullfont!
Missing character: There is no 因 ("56E0) in font nullfont!
Missing character: There is no 为 ("4E3A) in font nullfont!
Missing character: There is no 它 ("5B83) in font nullfont!
Missing character: There is no 们 ("4EEC) in font nullfont!
Missing character: There is no 对 ("5BF9) in font nullfont!
Missing character: There is no 于 ("4E8E) in font nullfont!
Missing character: There is no 正 ("6B63) in font nullfont!
Missing character: There is no 值 ("503C) in font nullfont!
Missing character: There is no 和 ("548C) in font nullfont!
Missing character: There is no 负 ("8D1F) in font nullfont!
Missing character: There is no 值 ("503C) in font nullfont!
Missing character: There is no 概 ("6982) in font nullfont!
Missing character: There is no 率 ("7387) in font nullfont!
Missing character: There is no 相 ("76F8) in font nullfont!
Missing character: There is no 等 ("7B49) in font nullfont!
Missing character: There is no 。 ("3002) in font nullfont!

Overfull \hbox (5.00002pt too wide) in paragraph at lines 304--306
 $\OT1/cmr/m/n/10 0$
 []


! LaTeX Error: Missing \begin{document}.

See the LaTeX manual or LaTeX Companion for explanation.
Type  H <return>  for immediate help.
 ...                                              
                                                  
l.307 借
       助于方程\eqref{eq:ch18_normal_var_diff_rule}的关系式，我们可以写出方程\eqref{eq:ch18_d...

You're in trouble here.  Try typing  <return>  to proceed.
If that doesn't work, type  X <return>  to quit.

Missing character: There is no 借 ("501F) in font nullfont!
Missing character: There is no 助 ("52A9) in font nullfont!
Missing character: There is no 于 ("4E8E) in font nullfont!
Missing character: There is no 方 ("65B9) in font nullfont!
Missing character: There is no 程 ("7A0B) in font nullfont!
! Undefined control sequence.
l.307 借助于方程\eqref
                 {eq:ch18_normal_var_diff_rule}的关系式，我们可以写出方程\eqref{eq:ch18_d...
The control sequence at the end of the top line
of your error message was never \def'ed. If you have
misspelled it (e.g., `\hobx'), type `I' and the correct
spelling (e.g., `I\hbox'). Otherwise just continue,
and I'll forget about whatever was undefined.

Missing character: There is no e ("65) in font nullfont!
Missing character: There is no q ("71) in font nullfont!
Missing character: There is no : ("3A) in font nullfont!
Missing character: There is no c ("63) in font nullfont!
Missing character: There is no h ("68) in font nullfont!
Missing character: There is no 1 ("31) in font nullfont!
Missing character: There is no 8 ("38) in font nullfont!
! Missing $ inserted.
<inserted text> 
                $
l.307 借助于方程\eqref{eq:ch18_
                          normal_var_diff_rule}的关系式，我们可以写出方程\eqref{eq:ch18_d...
I've inserted a begin-math/end-math symbol since I think
you left one out. Proceed, with fingers crossed.

! Extra }, or forgotten $.
l.307 借助于方程\eqref{eq:ch18_normal_var_diff_rule}
                                               的关系式，我们可以写出方程\eqref{eq:ch18_d...
I've deleted a group-closing symbol because it seems to be
spurious, as in `$x}$'. But perhaps the } is legitimate and
you forgot something else, as in `\hbox{$x}'. In such cases
the way to recover is to insert both the forgotten and the
deleted material, e.g., by typing `I$}'.

! Undefined control sequence.
l.307 ..._normal_var_diff_rule}的关系式，我们可以写出方程\eqref
                                                  {eq:ch18_delta_q_expressio...
The control sequence at the end of the top line
of your error message was never \def'ed. If you have
misspelled it (e.g., `\hobx'), type `I' and the correct
spelling (e.g., `I\hbox'). Otherwise just continue,
and I'll forget about whatever was undefined.

! Double subscript.
l.307 ...rule}的关系式，我们可以写出方程\eqref{eq:ch18_delta_q_
                                                  expression}的结果
I treat `x_1_2' essentially like `x_1{}_2'.


! LaTeX Error: Environment equation* undefined.

See the LaTeX manual or LaTeX Companion for explanation.
Type  H <return>  for immediate help.
 ...                                              
                                                  
l.308 \begin{equation*}
                       
Your command was ignored.
Type  I <command> <return>  to replace it with another command,
or  <return>  to continue without it.


! LaTeX Error: \begin{document} ended by \end{equation*}.

See the LaTeX manual or LaTeX Companion for explanation.
Type  H <return>  for immediate help.
 ...                                              
                                                  
l.310 \end{equation*}
                     
Your command was ignored.
Type  I <command> <return>  to replace it with another command,
or  <return>  to continue without it.

Missing character: There is no 的 ("7684) in font cmr10!
Missing character: There is no 关 ("5173) in font cmr10!
Missing character: There is no 系 ("7CFB) in font cmr10!
Missing character: There is no 式 ("5F0F) in font cmr10!
Missing character: There is no ， ("FF0C) in font cmr10!
Missing character: There is no 我 ("6211) in font cmr10!
Missing character: There is no 们 ("4EEC) in font cmr10!
Missing character: There is no 可 ("53EF) in font cmr10!
Missing character: There is no 以 ("4EE5) in font cmr10!
Missing character: There is no 写 ("5199) in font cmr10!
Missing character: There is no 出 ("51FA) in font cmr10!
Missing character: There is no 方 ("65B9) in font cmr10!
Missing character: There is no 程 ("7A0B) in font cmr10!
Missing character: There is no 的 ("7684) in font cmr10!
Missing character: There is no 结 ("7ED3) in font cmr10!
Missing character: There is no 果 ("679C) in font cmr10!
Missing character: There is no 。 ("3002) in font cmr10!
Missing character: There is no 令 ("4EE4) in font cmr10!
Missing character: There is no ( ("28) in font nullfont!
Missing character: There is no q ("71) in font nullfont!
Missing character: There is no ' ("27) in font nullfont!
Missing character: There is no - ("2D) in font nullfont!
Missing character: There is no q ("71) in font nullfont!
Missing character: There is no ) ("29) in font nullfont!
Missing character: There is no / ("2F) in font nullfont!
Missing character: There is no n ("6E) in font nullfont!
Missing character: There is no = ("3D) in font nullfont!
! Missing $ inserted.
<inserted text> 
                $
l.311 令 $(q'-q)/n=\Delta
                        \zeta$ 表示对于不完善的谢弗元件所占的百分数 $\zeta$ 的修正量，我们就得到
I've inserted a begin-math/end-math symbol since I think
you left one out. Proceed, with fingers crossed.

Missing character: There is no 表 ("8868) in font nullfont!
Missing character: There is no 示 ("793A) in font nullfont!
Missing character: There is no 对 ("5BF9) in font nullfont!
Missing character: There is no 于 ("4E8E) in font nullfont!
Missing character: There is no 不 ("4E0D) in font nullfont!
Missing character: There is no 完 ("5B8C) in font nullfont!
Missing character: There is no 善 ("5584) in font nullfont!
Missing character: There is no 的 ("7684) in font nullfont!
Missing character: There is no 谢 ("8C22) in font nullfont!
Missing character: There is no 弗 ("5F17) in font nullfont!
Missing character: There is no 元 ("5143) in font nullfont!
Missing character: There is no 件 ("4EF6) in font nullfont!
Missing character: There is no 所 ("6240) in font nullfont!
Missing character: There is no 占 ("5360) in font nullfont!
Missing character: There is no 的 ("7684) in font nullfont!
Missing character: There is no 百 ("767E) in font nullfont!
Missing character: There is no 分 ("5206) in font nullfont!
Missing character: There is no 数 ("6570) in font nullfont!
Missing character: There is no 的 ("7684) in font nullfont!
Missing character: There is no 修 ("4FEE) in font nullfont!
Missing character: There is no 正 ("6B63) in font nullfont!
Missing character: There is no 量 ("91CF) in font nullfont!
Missing character: There is no ， ("FF0C) in font nullfont!
Missing character: There is no 我 ("6211) in font nullfont!
Missing character: There is no 们 ("4EEC) in font nullfont!
Missing character: There is no 就 ("5C31) in font nullfont!
Missing character: There is no 得 ("5F97) in font nullfont!
Missing character: There is no 到 ("5230) in font nullfont!

Overfull \hbox (230.92104pt too wide) in paragraph at lines 307--312
[]$[]\OML/cmm/m/it/10 ormal[]ar[]iff[]ule[]q[] \OMS/cmsy/m/n/10 ^^@
 []


Overfull \hbox (15.37842pt too wide) in paragraph at lines 307--312
\OML/cmm/m/it/10 q \OT1/cmr/m/n/10 =
 []


Overfull \hbox (59.66443pt too wide) in paragraph at lines 307--312
\OT1/cmr/m/n/10 2\OML/cmm/m/it/10 " [] n \OT1/cmr/m/n/10 +
 []


Overfull \hbox (70.70311pt too wide) in paragraph at lines 307--312
[] \OML/cmm/m/it/10 y$$\OT1/cmr/m/n/10 ^^A\OML/cmm/m/it/10 ^^P$
 []


Overfull \hbox (5.11285pt too wide) in paragraph at lines 307--312
\OML/cmm/m/it/10 ^^P$
 []


Overfull \hbox (141.77667pt too wide) detected at line 315
\OT1/cmr/m/n/10 ^^A\OML/cmm/m/it/10 ^^P \OT1/cmr/m/n/10 = 2\OML/cmm/m/it/10 " [
] \OT1/cmr/m/n/10 + [] \OML/cmm/m/it/10 y;[]
 []


! LaTeX Error: Missing \begin{document}.

See the LaTeX manual or LaTeX Companion for explanation.
Type  H <return>  for immediate help.
 ...                                              
                                                  
l.317 现
       在我们可以把方程\eqref{eq:ch18_zeta_gaussian_repr}与\eqref{eq:ch18_zeta_correc...

You're in trouble here.  Try typing  <return>  to proceed.
If that doesn't work, type  X <return>  to quit.

Missing character: There is no 现 ("73B0) in font nullfont!
Missing character: There is no 在 ("5728) in font nullfont!
Missing character: There is no 我 ("6211) in font nullfont!
Missing character: There is no 们 ("4EEC) in font nullfont!
Missing character: There is no 可 ("53EF) in font nullfont!
Missing character: There is no 以 ("4EE5) in font nullfont!
Missing character: There is no 把 ("628A) in font nullfont!
Missing character: There is no 方 ("65B9) in font nullfont!
Missing character: There is no 程 ("7A0B) in font nullfont!
! Undefined control sequence.
l.317 现在我们可以把方程\eqref
                     {eq:ch18_zeta_gaussian_repr}与\eqref{eq:ch18_zeta_correc...
The control sequence at the end of the top line
of your error message was never \def'ed. If you have
misspelled it (e.g., `\hobx'), type `I' and the correct
spelling (e.g., `I\hbox'). Otherwise just continue,
and I'll forget about whatever was undefined.

Missing character: There is no e ("65) in font nullfont!
Missing character: There is no q ("71) in font nullfont!
Missing character: There is no : ("3A) in font nullfont!
Missing character: There is no c ("63) in font nullfont!
Missing character: There is no h ("68) in font nullfont!
Missing character: There is no 1 ("31) in font nullfont!
Missing character: There is no 8 ("38) in font nullfont!
! Missing $ inserted.
<inserted text> 
                $
l.317 现在我们可以把方程\eqref{eq:ch18_
                              zeta_gaussian_repr}与\eqref{eq:ch18_zeta_correc...
I've inserted a begin-math/end-math symbol since I think
you left one out. Proceed, with fingers crossed.

! Extra }, or forgotten $.
l.317 现在我们可以把方程\eqref{eq:ch18_zeta_gaussian_repr}
                                                 与\eqref{eq:ch18_zeta_correc...
I've deleted a group-closing symbol because it seems to be
spurious, as in `$x}$'. But perhaps the } is legitimate and
you forgot something else, as in `\hbox{$x}'. In such cases
the way to recover is to insert both the forgotten and the
deleted material, e.g., by typing `I$}'.

! Undefined control sequence.
l.317 ...\eqref{eq:ch18_zeta_gaussian_repr}与\eqref
                                                  {eq:ch18_zeta_correction_d...
The control sequence at the end of the top line
of your error message was never \def'ed. If you have
misspelled it (e.g., `\hobx'), type `I' and the correct
spelling (e.g., `I\hbox'). Otherwise just continue,
and I'll forget about whatever was undefined.

Missing character: There is no 与 ("4E0E) in font cmr10!
Missing character: There is no 结 ("7ED3) in font cmr10!
Missing character: There is no 合 ("5408) in font cmr10!
Missing character: There is no 起 ("8D77) in font cmr10!
Missing character: There is no 来 ("6765) in font cmr10!
Missing character: There is no ， ("FF0C) in font cmr10!
Missing character: There is no 于 ("4E8E) in font cmr10!
Missing character: There is no 是 ("662F) in font cmr10!
Missing character: There is no 修 ("4FEE) in font cmr10!
Missing character: There is no 正 ("6B63) in font cmr10!
Missing character: There is no 了 ("4E86) in font cmr10!
Missing character: There is no 的 ("7684) in font cmr10!
Missing character: There is no 输 ("8F93) in font cmr10!
Missing character: There is no 出 ("51FA) in font cmr10!
Missing character: There is no 线 ("7EBF) in font cmr10!
Missing character: There is no 中 ("4E2D) in font cmr10!
Missing character: There is no 激 ("6FC0) in font cmr10!
Missing character: There is no 发 ("53D1) in font cmr10!
Missing character: There is no 线 ("7EBF) in font cmr10!
Missing character: There is no 的 ("7684) in font cmr10!
Missing character: There is no 百 ("767E) in font cmr10!
Missing character: There is no 分 ("5206) in font cmr10!
Missing character: There is no 数 ("6570) in font cmr10!
! Missing $ inserted.
<inserted text> 
                $
l.317 ...ction_delta}结合起来，于是修正了的输出线中激发线的百分数 $\zeta
                                                  '$ 是
I've inserted a begin-math/end-math symbol since I think
you left one out. Proceed, with fingers crossed.

Missing character: There is no 是 ("662F) in font nullfont!

Overfull \hbox (227.60435pt too wide) in paragraph at lines 317--318
[]$[]\OML/cmm/m/it/10 eta[]aussian[]epr[]$$^^P[]$
 []


! LaTeX Error: Environment aligned undefined.

See the LaTeX manual or LaTeX Companion for explanation.
Type  H <return>  for immediate help.
 ...                                              
                                                  
l.319 \begin{aligned}
                     
Your command was ignored.
Type  I <command> <return>  to replace it with another command,
or  <return>  to continue without it.

! Misplaced alignment tab character &.
l.320 \zeta' &
              = \zeta + \Delta\zeta = \zeta + 2\varepsilon\left(\frac{1}{2}-...
I can't figure out why you would want to use a tab mark
here. If you just want an ampersand, the remedy is
simple: Just type `I\&' now. But if some right brace
up above has ended a previous alignment prematurely,
you're probably due for more error messages, and you
might try typing `S' now just to see what is salvageable.

! Misplaced alignment tab character &.
<recently read> &
                 
l.321 &
       = (1-\xi\eta) + 2\varepsilon\left(\xi\eta - \frac{1}{2}\right) + (1-2...
I can't figure out why you would want to use a tab mark
here. If you just want an ampersand, the remedy is
simple: Just type `I\&' now. But if some right brace
up above has ended a previous alignment prematurely,
you're probably due for more error messages, and you
might try typing `S' now just to see what is salvageable.

! Misplaced alignment tab character &.
<recently read> &
                 
l.322 &
       \quad + \sqrt{\frac{\varepsilon(1-\varepsilon)}{n}}\,y,
I can't figure out why you would want to use a tab mark
here. If you just want an ampersand, the remedy is
simple: Just type `I\&' now. But if some right brace
up above has ended a previous alignment prematurely,
you're probably due for more error messages, and you
might try typing `S' now just to see what is salvageable.


! LaTeX Error: \begin{equation} on input line 318 ended by \end{aligned}.

See the LaTeX manual or LaTeX Companion for explanation.
Type  H <return>  for immediate help.
 ...                                              
                                                  
l.323 \end{aligned}
                   
Your command was ignored.
Type  I <command> <return>  to replace it with another command,
or  <return>  to continue without it.


Overfull \hbox (485.54427pt too wide) detected at line 325
\OML/cmm/m/it/10 ^^P[] \OT1/cmr/m/n/10 = \OML/cmm/m/it/10 ^^P \OT1/cmr/m/n/10 +
 ^^A\OML/cmm/m/it/10 ^^P \OT1/cmr/m/n/10 = \OML/cmm/m/it/10 ^^P \OT1/cmr/m/n/10
 + 2\OML/cmm/m/it/10 " [] \OT1/cmr/m/n/10 + [] \OML/cmm/m/it/10 y[]  \OT1/cmr/m
/n/10 = (1 \OMS/cmsy/m/n/10 ^^@ \OML/cmm/m/it/10 ^^X^^Q\OT1/cmr/m/n/10 ) + 2\OM
L/cmm/m/it/10 " [] \OT1/cmr/m/n/10 + (1 \OMS/cmsy/m/n/10 ^^@ \OT1/cmr/m/n/10 2\
OML/cmm/m/it/10 "\OT1/cmr/m/n/10 )[] \OML/cmm/m/it/10 y[]   \OT1/cmr/m/n/10 + [
] \OML/cmm/m/it/10 y;[]
 []

Missing character: There is no 方 ("65B9) in font nullfont!
Missing character: There is no 程 ("7A0B) in font nullfont!
! Undefined control sequence.
l.326 方程\eqref
              {eq:ch18_zeta_prime_combined_18_25}的最后两项表示两个按正态分布的随机变量相加。这样，我们...
The control sequence at the end of the top line
of your error message was never \def'ed. If you have
misspelled it (e.g., `\hobx'), type `I' and the correct
spelling (e.g., `I\hbox'). Otherwise just continue,
and I'll forget about whatever was undefined.

Missing character: There is no e ("65) in font nullfont!
Missing character: There is no q ("71) in font nullfont!
Missing character: There is no : ("3A) in font nullfont!
Missing character: There is no c ("63) in font nullfont!
Missing character: There is no h ("68) in font nullfont!
Missing character: There is no 1 ("31) in font nullfont!
Missing character: There is no 8 ("38) in font nullfont!
! Missing $ inserted.
<inserted text> 
                $
l.326 方程\eqref{eq:ch18_
                       zeta_prime_combined_18_25}的最后两项表示两个按正态分布的随机变量相加。这样，我们...
I've inserted a begin-math/end-math symbol since I think
you left one out. Proceed, with fingers crossed.

! Extra }, or forgotten $.
l.326 方程\eqref{eq:ch18_zeta_prime_combined_18_25}
                                                 的最后两项表示两个按正态分布的随机变量相加。这样，我们...
I've deleted a group-closing symbol because it seems to be
spurious, as in `$x}$'. But perhaps the } is legitimate and
you forgot something else, as in `\hbox{$x}'. In such cases
the way to recover is to insert both the forgotten and the
deleted material, e.g., by typing `I$}'.

! Undefined control sequence.
l.326 ...}的最后两项表示两个按正态分布的随机变量相加。这样，我们也就可以用方程\eqref
                                                  {eq:ch18_normal_var_sum_ru...
The control sequence at the end of the top line
of your error message was never \def'ed. If you have
misspelled it (e.g., `\hobx'), type `I' and the correct
spelling (e.g., `I\hbox'). Otherwise just continue,
and I'll forget about whatever was undefined.

Missing character: There is no 的 ("7684) in font cmr10!
Missing character: There is no 最 ("6700) in font cmr10!
Missing character: There is no 后 ("540E) in font cmr10!
Missing character: There is no 两 ("4E24) in font cmr10!
Missing character: There is no 项 ("9879) in font cmr10!
Missing character: There is no 表 ("8868) in font cmr10!
Missing character: There is no 示 ("793A) in font cmr10!
Missing character: There is no 两 ("4E24) in font cmr10!
Missing character: There is no 个 ("4E2A) in font cmr10!
Missing character: There is no 按 ("6309) in font cmr10!
Missing character: There is no 正 ("6B63) in font cmr10!
Missing character: There is no 态 ("6001) in font cmr10!
Missing character: There is no 分 ("5206) in font cmr10!
Missing character: There is no 布 ("5E03) in font cmr10!
Missing character: There is no 的 ("7684) in font cmr10!
Missing character: There is no 随 ("968F) in font cmr10!
Missing character: There is no 机 ("673A) in font cmr10!
Missing character: There is no 变 ("53D8) in font cmr10!
Missing character: There is no 量 ("91CF) in font cmr10!
Missing character: There is no 相 ("76F8) in font cmr10!
Missing character: There is no 加 ("52A0) in font cmr10!
Missing character: There is no 。 ("3002) in font cmr10!
Missing character: There is no 这 ("8FD9) in font cmr10!
Missing character: There is no 样 ("6837) in font cmr10!
Missing character: There is no ， ("FF0C) in font cmr10!
Missing character: There is no 我 ("6211) in font cmr10!
Missing character: There is no 们 ("4EEC) in font cmr10!
Missing character: There is no 也 ("4E5F) in font cmr10!
Missing character: There is no 就 ("5C31) in font cmr10!
Missing character: There is no 可 ("53EF) in font cmr10!
Missing character: There is no 以 ("4EE5) in font cmr10!
Missing character: There is no 用 ("7528) in font cmr10!
Missing character: There is no 方 ("65B9) in font cmr10!
Missing character: There is no 程 ("7A0B) in font cmr10!
Missing character: There is no 了 ("4E86) in font cmr10!
Missing character: There is no 。 ("3002) in font cmr10!
Missing character: There is no 所 ("6240) in font cmr10!
Missing character: There is no 以 ("4EE5) in font cmr10!
Missing character: There is no ， ("FF0C) in font cmr10!
Missing character: There is no 最 ("6700) in font cmr10!
Missing character: There is no 后 ("540E) in font cmr10!
Missing character: There is no ， ("FF0C) in font cmr10!
Missing character: There is no 用 ("7528) in font cmr10!
! Missing $ inserted.
<inserted text> 
                $
l.326 ...ch18_normal_var_sum_rule}了。所以，最后，用 $\zeta
                                                  $ 代替 $\zeta'$，从方程\eqref{eq...
I've inserted a begin-math/end-math symbol since I think
you left one out. Proceed, with fingers crossed.

Missing character: There is no 代 ("4EE3) in font nullfont!
Missing character: There is no 替 ("66FF) in font nullfont!
Missing character: There is no ， ("FF0C) in font nullfont!
Missing character: There is no 从 ("4ECE) in font nullfont!
Missing character: There is no 方 ("65B9) in font nullfont!
Missing character: There is no 程 ("7A0B) in font nullfont!
! Undefined control sequence.
l.326 ...e}了。所以，最后，用 $\zeta$ 代替 $\zeta'$，从方程\eqref
                                                  {eq:ch18_zeta_correction_d...
The control sequence at the end of the top line
of your error message was never \def'ed. If you have
misspelled it (e.g., `\hobx'), type `I' and the correct
spelling (e.g., `I\hbox'). Otherwise just continue,
and I'll forget about whatever was undefined.

Missing character: There is no e ("65) in font nullfont!
Missing character: There is no q ("71) in font nullfont!
Missing character: There is no : ("3A) in font nullfont!
Missing character: There is no c ("63) in font nullfont!
Missing character: There is no h ("68) in font nullfont!
Missing character: There is no 1 ("31) in font nullfont!
Missing character: There is no 8 ("38) in font nullfont!
! Missing $ inserted.
<inserted text> 
                $
l.326 ...，用 $\zeta$ 代替 $\zeta'$，从方程\eqref{eq:ch18_
                                                  zeta_correction_delta}我们得到
I've inserted a begin-math/end-math symbol since I think
you left one out. Proceed, with fingers crossed.

! Extra }, or forgotten $.
l.326 ...，从方程\eqref{eq:ch18_zeta_correction_delta}
                                                  我们得到
I've deleted a group-closing symbol because it seems to be
spurious, as in `$x}$'. But perhaps the } is legitimate and
you forgot something else, as in `\hbox{$x}'. In such cases
the way to recover is to insert both the forgotten and the
deleted material, e.g., by typing `I$}'.

! Missing \endgroup inserted.
<inserted text> 
                \endgroup 
l.327 \begin{equation}
                      
I've inserted something that you may have forgotten.
(See the <inserted text> above.)
With luck, this will get me unwedged. But if you
really didn't forget anything, try typing `2' now; then
my insertion and my current dilemma will both disappear.

Missing character: There is no 我 ("6211) in font cmr10!
Missing character: There is no 们 ("4EEC) in font cmr10!
Missing character: There is no 得 ("5F97) in font cmr10!
Missing character: There is no 到 ("5230) in font cmr10!
! You can't use `\eqno' in math mode.
\eqno ->\@kernel@eqno 
                      \aftergroup \ignorespaces 
l.330 \end{equation}
                    
Sorry, but I'm not programmed to handle this case;
I'll just pretend that you didn't ask for it.
If you're in the wrong mode, you might be able to
return to the right one by typing `I}' or `I$' or `I\par'.


! LaTeX Error: \begin{document} ended by \end{equation}.

See the LaTeX manual or LaTeX Companion for explanation.
Type  H <return>  for immediate help.
 ...                                              
                                                  
l.330 \end{equation}
                    
Your command was ignored.
Type  I <command> <return>  to replace it with another command,
or  <return>  to continue without it.

! Missing $ inserted.
<inserted text> 
                $
l.330 \end{equation}
                    
I've inserted something that you may have forgotten.
(See the <inserted text> above.)
With luck, this will get me unwedged. But if you
really didn't forget anything, try typing `2' now; then
my insertion and my current dilemma will both disappear.

! Missing } inserted.
<inserted text> 
                }
l.330 \end{equation}
                    
I've inserted something that you may have forgotten.
(See the <inserted text> above.)
With luck, this will get me unwedged. But if you
really didn't forget anything, try typing `2' now; then
my insertion and my current dilemma will both disappear.

! Missing } inserted.
<inserted text> 
                }
l.330 \end{equation}
                    
I've inserted something that you may have forgotten.
(See the <inserted text> above.)
With luck, this will get me unwedged. But if you
really didn't forget anything, try typing `2' now; then
my insertion and my current dilemma will both disappear.

! Missing } inserted.
<inserted text> 
                }
l.330 \end{equation}
                    
I've inserted something that you may have forgotten.
(See the <inserted text> above.)
With luck, this will get me unwedged. But if you
really didn't forget anything, try typing `2' now; then
my insertion and my current dilemma will both disappear.

! Missing } inserted.
<inserted text> 
                }
l.330 \end{equation}
                    
I've inserted something that you may have forgotten.
(See the <inserted text> above.)
With luck, this will get me unwedged. But if you
really didn't forget anything, try typing `2' now; then
my insertion and my current dilemma will both disappear.

! Extra \endgroup.
<recently read> \endgroup 
                          
l.330 \end{equation}
                    
Things are pretty mixed up, but I think the worst is over.

Missing character: There is no 其 ("5176) in font nullfont!
Missing character: There is no 中 ("4E2D) in font nullfont!
Missing character: There is no 是 ("662F) in font nullfont!
Missing character: There is no 按 ("6309) in font nullfont!
Missing character: There is no 正 ("6B63) in font nullfont!
Missing character: There is no 态 ("6001) in font nullfont!
Missing character: There is no 分 ("5206) in font nullfont!
Missing character: There is no 布 ("5E03) in font nullfont!
Missing character: There is no 的 ("7684) in font nullfont!
Missing character: There is no 随 ("968F) in font nullfont!
Missing character: There is no 机 ("673A) in font nullfont!
Missing character: There is no 变 ("53D8) in font nullfont!
Missing character: There is no 量 ("91CF) in font nullfont!
Missing character: There is no ， ("FF0C) in font nullfont!
Missing character: There is no 平 ("5E73) in font nullfont!
Missing character: There is no 均 ("5747) in font nullfont!
Missing character: There is no 值 ("503C) in font nullfont!
Missing character: There is no 等 ("7B49) in font nullfont!
Missing character: There is no 于 ("4E8E) in font nullfont!
Missing character: There is no 而 ("800C) in font nullfont!
Missing character: There is no 方 ("65B9) in font nullfont!
Missing character: There is no 差 ("5DEE) in font nullfont!
Missing character: There is no 等 ("7B49) in font nullfont!
Missing character: There is no 于 ("4E8E) in font nullfont!
Missing character: There is no 。 ("3002) in font nullfont!
Missing character: There is no 方 ("65B9) in font nullfont!
Missing character: There is no 程 ("7A0B) in font nullfont!
! Undefined control sequence.
l.331 ... 是按正态分布的随机变量，平均值等于 $0$ 而方差等于 $1$。方程\eqref
                                                  {eq:ch18_final_zeta_distri...
The control sequence at the end of the top line
of your error message was never \def'ed. If you have
misspelled it (e.g., `\hobx'), type `I' and the correct
spelling (e.g., `I\hbox'). Otherwise just continue,
and I'll forget about whatever was undefined.

Missing character: There is no e ("65) in font nullfont!
Missing character: There is no q ("71) in font nullfont!
Missing character: There is no : ("3A) in font nullfont!
Missing character: There is no c ("63) in font nullfont!
Missing character: There is no h ("68) in font nullfont!
Missing character: There is no 1 ("31) in font nullfont!
Missing character: There is no 8 ("38) in font nullfont!
! Missing $ inserted.
<inserted text> 
                $
l.331 ...机变量，平均值等于 $0$ 而方差等于 $1$。方程\eqref{eq:ch18_
                                                  final_zeta_distribution_18...
I've inserted a begin-math/end-math symbol since I think
you left one out. Proceed, with fingers crossed.

! Extra }, or forgotten $.
l.331 ...ef{eq:ch18_final_zeta_distribution_18_26}
                                                  描述了由谢弗元件组成的复合系统中执行机构的性质，这个...
I've deleted a group-closing symbol because it seems to be
spurious, as in `$x}$'. But perhaps the } is legitimate and
you forgot something else, as in `\hbox{$x}'. In such cases
the way to recover is to insert both the forgotten and the
deleted material, e.g., by typing `I$}'.

Missing character: There is no 描 ("63CF) in font cmr10!
Missing character: There is no 述 ("8FF0) in font cmr10!
Missing character: There is no 了 ("4E86) in font cmr10!
Missing character: There is no 由 ("7531) in font cmr10!
Missing character: There is no 谢 ("8C22) in font cmr10!
Missing character: There is no 弗 ("5F17) in font cmr10!
Missing character: There is no 元 ("5143) in font cmr10!
Missing character: There is no 件 ("4EF6) in font cmr10!
Missing character: There is no 组 ("7EC4) in font cmr10!
Missing character: There is no 成 ("6210) in font cmr10!
Missing character: There is no 的 ("7684) in font cmr10!
Missing character: There is no 复 ("590D) in font cmr10!
Missing character: There is no 合 ("5408) in font cmr10!
Missing character: There is no 系 ("7CFB) in font cmr10!
Missing character: There is no 统 ("7EDF) in font cmr10!
Missing character: There is no 中 ("4E2D) in font cmr10!
Missing character: There is no 执 ("6267) in font cmr10!
Missing character: There is no 行 ("884C) in font cmr10!
Missing character: There is no 机 ("673A) in font cmr10!
Missing character: There is no 构 ("6784) in font cmr10!
Missing character: There is no 的 ("7684) in font cmr10!
Missing character: There is no 性 ("6027) in font cmr10!
Missing character: There is no 质 ("8D28) in font cmr10!
Missing character: There is no ， ("FF0C) in font cmr10!
Missing character: There is no 这 ("8FD9) in font cmr10!
Missing character: There is no 个 ("4E2A) in font cmr10!
Missing character: There is no 系 ("7CFB) in font cmr10!
Missing character: There is no 统 ("7EDF) in font cmr10!
Missing character: There is no 中 ("4E2D) in font cmr10!
Missing character: There is no 输 ("8F93) in font cmr10!
Missing character: There is no 入 ("5165) in font cmr10!
Missing character: There is no 激 ("6FC0) in font cmr10!
Missing character: There is no 发 ("53D1) in font cmr10!
Missing character: There is no 线 ("7EBF) in font cmr10!
Missing character: There is no 的 ("7684) in font cmr10!
Missing character: There is no 百 ("767E) in font cmr10!
Missing character: There is no 分 ("5206) in font cmr10!
Missing character: There is no 数 ("6570) in font cmr10!
Missing character: There is no 分 ("5206) in font cmr10!
Missing character: There is no 别 ("522B) in font cmr10!
Missing character: There is no 是 ("662F) in font cmr10!
! Missing $ inserted.
<inserted text> 
                $
l.331 ...弗元件组成的复合系统中执行机构的性质，这个系统中输入激发线的百分数分别是 $\xi
                                                  $ 和 $\eta$，输出激发线的百分数是 $\ze...
I've inserted a begin-math/end-math symbol since I think
you left one out. Proceed, with fingers crossed.

Missing character: There is no 和 ("548C) in font nullfont!
Missing character: There is no ， ("FF0C) in font nullfont!
Missing character: There is no 输 ("8F93) in font nullfont!
Missing character: There is no 出 ("51FA) in font nullfont!
Missing character: There is no 激 ("6FC0) in font nullfont!
Missing character: There is no 发 ("53D1) in font nullfont!
Missing character: There is no 线 ("7EBF) in font nullfont!
Missing character: There is no 的 ("7684) in font nullfont!
Missing character: There is no 百 ("767E) in font nullfont!
Missing character: There is no 分 ("5206) in font nullfont!
Missing character: There is no 数 ("6570) in font nullfont!
Missing character: There is no 是 ("662F) in font nullfont!
Missing character: There is no ， ("FF0C) in font nullfont!
Missing character: There is no 各 ("5404) in font nullfont!
Missing character: There is no 个 ("4E2A) in font nullfont!
Missing character: There is no 谢 ("8C22) in font nullfont!
Missing character: There is no 弗 ("5F17) in font nullfont!
Missing character: There is no 元 ("5143) in font nullfont!
Missing character: There is no 件 ("4EF6) in font nullfont!
Missing character: There is no 失 ("5931) in font nullfont!
Missing character: There is no 效 ("6548) in font nullfont!
Missing character: There is no 的 ("7684) in font nullfont!
Missing character: There is no 概 ("6982) in font nullfont!
Missing character: There is no 率 ("7387) in font nullfont!
Missing character: There is no 等 ("7B49) in font nullfont!
Missing character: There is no 于 ("4E8E) in font nullfont!
Missing character: There is no 。 ("3002) in font nullfont!

Overfull \hbox (231.18938pt too wide) in paragraph at lines 325--332
$[]\OML/cmm/m/it/10 eta[]rime[]ombined[]\OT1/cmr/m/n/10 8[]5[]$$\OML/cmm/m/it/1
0 ^^P$
 []


Overfull \hbox (108.5338pt too wide) in paragraph at lines 325--332
\OML/cmm/m/it/10 ^^P[]$$[]eta[]orrection[]elta$$^^P \OT1/cmr/m/n/10 =
 []


Overfull \hbox (16.66672pt too wide) in paragraph at lines 325--332
\OT1/cmr/m/n/10 (1 \OMS/cmsy/m/n/10 ^^@
 []


Overfull \hbox (21.82587pt too wide) in paragraph at lines 325--332
\OML/cmm/m/it/10 ^^X^^Q\OT1/cmr/m/n/10 ) +
 []


Overfull \hbox (57.04176pt too wide) in paragraph at lines 325--332
\OT1/cmr/m/n/10 2\OML/cmm/m/it/10 " [] \OT1/cmr/m/n/10 +
 []


Overfull \hbox (149.35753pt too wide) in paragraph at lines 325--332
[] \OML/cmm/m/it/10 y;[] []$$$
 []


Overfull \hbox (5.2616pt too wide) in paragraph at lines 325--332
\OML/cmm/m/it/10 y$
 []


Overfull \hbox (5.00002pt too wide) in paragraph at lines 325--332
\OT1/cmr/m/n/10 0$
 []


Overfull \hbox (122.43275pt too wide) in paragraph at lines 325--332
\OT1/cmr/m/n/10 1$$[]\OML/cmm/m/it/10 inal[]eta[]istribution[]\OT1/cmr/m/n/10 8
[]6$$\OML/cmm/m/it/10 ^^X$
 []


Overfull \hbox (5.32408pt too wide) in paragraph at lines 325--332
\OML/cmm/m/it/10 ^^Q$
 []


Overfull \hbox (5.11285pt too wide) in paragraph at lines 325--332
\OML/cmm/m/it/10 ^^P$
 []


Overfull \hbox (4.66318pt too wide) in paragraph at lines 325--332
\OML/cmm/m/it/10 "$ 
 []

! Undefined control sequence.
l.334 \section
              {复合系统的误差}
The control sequence at the end of the top line
of your error message was never \def'ed. If you have
misspelled it (e.g., `\hobx'), type `I' and the correct
spelling (e.g., `I\hbox'). Otherwise just continue,
and I'll forget about whatever was undefined.


! LaTeX Error: Missing \begin{document}.

See the LaTeX manual or LaTeX Companion for explanation.
Type  H <return>  for immediate help.
 ...                                              
                                                  
l.334 \section{复
                合系统的误差}
You're in trouble here.  Try typing  <return>  to proceed.
If that doesn't work, type  X <return>  to quit.

Missing character: There is no 复 ("590D) in font nullfont!
Missing character: There is no 合 ("5408) in font nullfont!
Missing character: There is no 系 ("7CFB) in font nullfont!
Missing character: There is no 统 ("7EDF) in font nullfont!
Missing character: There is no 的 ("7684) in font nullfont!
Missing character: There is no 误 ("8BEF) in font nullfont!
Missing character: There is no 差 ("5DEE) in font nullfont!

Overfull \hbox (20.0pt too wide) in paragraph at lines 334--335
[] 
 []


! LaTeX Error: Missing \begin{document}.

See the LaTeX manual or LaTeX Companion for explanation.
Type  H <return>  for immediate help.
 ...                                              
                                                  
l.336 分
       析了由谢弗元件组成的复合系统中执行机构的性质以后，我们进行其他的计算就非常容易了。复原机构的每一个单元（图\ref{fig:18_8}）实...

You're in trouble here.  Try typing  <return>  to proceed.
If that doesn't work, type  X <return>  to quit.

Missing character: There is no 分 ("5206) in font nullfont!
Missing character: There is no 析 ("6790) in font nullfont!
Missing character: There is no 了 ("4E86) in font nullfont!
Missing character: There is no 由 ("7531) in font nullfont!
Missing character: There is no 谢 ("8C22) in font nullfont!
Missing character: There is no 弗 ("5F17) in font nullfont!
Missing character: There is no 元 ("5143) in font nullfont!
Missing character: There is no 件 ("4EF6) in font nullfont!
Missing character: There is no 组 ("7EC4) in font nullfont!
Missing character: There is no 成 ("6210) in font nullfont!
Missing character: There is no 的 ("7684) in font nullfont!
Missing character: There is no 复 ("590D) in font nullfont!
Missing character: There is no 合 ("5408) in font nullfont!
Missing character: There is no 系 ("7CFB) in font nullfont!
Missing character: There is no 统 ("7EDF) in font nullfont!
Missing character: There is no 中 ("4E2D) in font nullfont!
Missing character: There is no 执 ("6267) in font nullfont!
Missing character: There is no 行 ("884C) in font nullfont!
Missing character: There is no 机 ("673A) in font nullfont!
Missing character: There is no 构 ("6784) in font nullfont!
Missing character: There is no 的 ("7684) in font nullfont!
Missing character: There is no 性 ("6027) in font nullfont!
Missing character: There is no 质 ("8D28) in font nullfont!
Missing character: There is no 以 ("4EE5) in font nullfont!
Missing character: There is no 后 ("540E) in font nullfont!
Missing character: There is no ， ("FF0C) in font nullfont!
Missing character: There is no 我 ("6211) in font nullfont!
Missing character: There is no 们 ("4EEC) in font nullfont!
Missing character: There is no 进 ("8FDB) in font nullfont!
Missing character: There is no 行 ("884C) in font nullfont!
Missing character: There is no 其 ("5176) in font nullfont!
Missing character: There is no 他 ("4ED6) in font nullfont!
Missing character: There is no 的 ("7684) in font nullfont!
Missing character: There is no 计 ("8BA1) in font nullfont!
Missing character: There is no 算 ("7B97) in font nullfont!
Missing character: There is no 就 ("5C31) in font nullfont!
Missing character: There is no 非 ("975E) in font nullfont!
Missing character: There is no 常 ("5E38) in font nullfont!
Missing character: There is no 容 ("5BB9) in font nullfont!
Missing character: There is no 易 ("6613) in font nullfont!
Missing character: There is no 了 ("4E86) in font nullfont!
Missing character: There is no 。 ("3002) in font nullfont!
Missing character: There is no 复 ("590D) in font nullfont!
Missing character: There is no 原 ("539F) in font nullfont!
Missing character: There is no 机 ("673A) in font nullfont!
Missing character: There is no 构 ("6784) in font nullfont!
Missing character: There is no 的 ("7684) in font nullfont!
Missing character: There is no 每 ("6BCF) in font nullfont!
Missing character: There is no 一 ("4E00) in font nullfont!
Missing character: There is no 个 ("4E2A) in font nullfont!
Missing character: There is no 单 ("5355) in font nullfont!
Missing character: There is no 元 ("5143) in font nullfont!
Missing character: There is no （ ("FF08) in font nullfont!
Missing character: There is no 图 ("56FE) in font nullfont!
! Undefined control sequence.
<write> ... Reference `fig:18_8' on page \thepage 
                                                  \space undefined\on@line .^^J
l.336 ...们进行其他的计算就非常容易了。复原机构的每一个单元（图\ref{fig:18_8}
                                                  ）实际上等价于一个执行机构。对于复原机构的第一个单元...
The control sequence at the end of the top line
of your error message was never \def'ed. If you have
misspelled it (e.g., `\hobx'), type `I' and the correct
spelling (e.g., `I\hbox'). Otherwise just continue,
and I'll forget about whatever was undefined.


LaTeX Warning: Reference `fig:18_8' on page  undefined on input line 336.

Missing character: There is no ） ("FF09) in font nullfont!
Missing character: There is no 实 ("5B9E) in font nullfont!
Missing character: There is no 际 ("9645) in font nullfont!
Missing character: There is no 上 ("4E0A) in font nullfont!
Missing character: There is no 等 ("7B49) in font nullfont!
Missing character: There is no 价 ("4EF7) in font nullfont!
Missing character: There is no 于 ("4E8E) in font nullfont!
Missing character: There is no 一 ("4E00) in font nullfont!
Missing character: There is no 个 ("4E2A) in font nullfont!
Missing character: There is no 执 ("6267) in font nullfont!
Missing character: There is no 行 ("884C) in font nullfont!
Missing character: There is no 机 ("673A) in font nullfont!
Missing character: There is no 构 ("6784) in font nullfont!
Missing character: There is no 。 ("3002) in font nullfont!
Missing character: There is no 对 ("5BF9) in font nullfont!
Missing character: There is no 于 ("4E8E) in font nullfont!
Missing character: There is no 复 ("590D) in font nullfont!
Missing character: There is no 原 ("539F) in font nullfont!
Missing character: There is no 机 ("673A) in font nullfont!
Missing character: There is no 构 ("6784) in font nullfont!
Missing character: There is no 的 ("7684) in font nullfont!
Missing character: There is no 第 ("7B2C) in font nullfont!
Missing character: There is no 一 ("4E00) in font nullfont!
Missing character: There is no 个 ("4E2A) in font nullfont!
Missing character: There is no 单 ("5355) in font nullfont!
Missing character: There is no 元 ("5143) in font nullfont!
Missing character: There is no ， ("FF0C) in font nullfont!
Missing character: There is no 输 ("8F93) in font nullfont!
Missing character: There is no 入 ("5165) in font nullfont!
Missing character: There is no 线 ("7EBF) in font nullfont!
Missing character: There is no 是 ("662F) in font nullfont!
Missing character: There is no 把 ("628A) in font nullfont!
Missing character: There is no 执 ("6267) in font nullfont!
Missing character: There is no 行 ("884C) in font nullfont!
Missing character: There is no 机 ("673A) in font nullfont!
Missing character: There is no 构 ("6784) in font nullfont!
Missing character: There is no 的 ("7684) in font nullfont!
Missing character: There is no 输 ("8F93) in font nullfont!
Missing character: There is no 出 ("51FA) in font nullfont!
Missing character: There is no 线 ("7EBF) in font nullfont!
Missing character: There is no 分 ("5206) in font nullfont!
Missing character: There is no 开 ("5F00) in font nullfont!
Missing character: There is no 而 ("800C) in font nullfont!
Missing character: There is no 成 ("6210) in font nullfont!
Missing character: There is no 的 ("7684) in font nullfont!
Missing character: There is no 。 ("3002) in font nullfont!
Missing character: There is no 所 ("6240) in font nullfont!
Missing character: There is no 以 ("4EE5) in font nullfont!
Missing character: There is no 我 ("6211) in font nullfont!
Missing character: There is no 们 ("4EEC) in font nullfont!
Missing character: There is no 可 ("53EF) in font nullfont!
Missing character: There is no 以 ("4EE5) in font nullfont!
Missing character: There is no 只 ("53EA) in font nullfont!
Missing character: There is no 用 ("7528) in font nullfont!
Missing character: There is no 同 ("540C) in font nullfont!
Missing character: There is no 一 ("4E00) in font nullfont!
Missing character: There is no 个 ("4E2A) in font nullfont!
Missing character: There is no 百 ("767E) in font nullfont!
Missing character: There is no 分 ("5206) in font nullfont!
Missing character: There is no 数 ("6570) in font nullfont!
Missing character: There is no 来 ("6765) in font nullfont!
Missing character: There is no 代 ("4EE3) in font nullfont!
Missing character: There is no 替 ("66FF) in font nullfont!
Missing character: There is no 两 ("4E24) in font nullfont!
Missing character: There is no 个 ("4E2A) in font nullfont!
Missing character: There is no 不 ("4E0D) in font nullfont!
Missing character: There is no 同 ("540C) in font nullfont!
Missing character: There is no 的 ("7684) in font nullfont!
Missing character: There is no 百 ("767E) in font nullfont!
Missing character: There is no 分 ("5206) in font nullfont!
Missing character: There is no 数 ("6570) in font nullfont!
Missing character: There is no 和 ("548C) in font nullfont!
Missing character: There is no ， ("FF0C) in font nullfont!
Missing character: There is no 因 ("56E0) in font nullfont!
Missing character: There is no 此 ("6B64) in font nullfont!
Missing character: There is no ， ("FF0C) in font nullfont!
Missing character: There is no 假 ("5047) in font nullfont!
Missing character: There is no 设 ("8BBE) in font nullfont!
Missing character: There is no 是 ("662F) in font nullfont!
Missing character: There is no 第 ("7B2C) in font nullfont!
Missing character: There is no 一 ("4E00) in font nullfont!
Missing character: There is no 个 ("4E2A) in font nullfont!
Missing character: There is no 单 ("5355) in font nullfont!
Missing character: There is no 元 ("5143) in font nullfont!
Missing character: There is no 输 ("8F93) in font nullfont!
Missing character: There is no 出 ("51FA) in font nullfont!
Missing character: There is no 激 ("6FC0) in font nullfont!
Missing character: There is no 发 ("53D1) in font nullfont!
Missing character: There is no 线 ("7EBF) in font nullfont!
Missing character: There is no 的 ("7684) in font nullfont!
Missing character: There is no 百 ("767E) in font nullfont!
Missing character: There is no 分 ("5206) in font nullfont!
Missing character: There is no 数 ("6570) in font nullfont!
Missing character: There is no ， ("FF0C) in font nullfont!
Missing character: There is no 于 ("4E8E) in font nullfont!
Missing character: There is no 是 ("662F) in font nullfont!
Missing character: There is no 根 ("6839) in font nullfont!
Missing character: There is no 据 ("636E) in font nullfont!
Missing character: There is no 方 ("65B9) in font nullfont!
Missing character: There is no 程 ("7A0B) in font nullfont!
! Undefined control sequence.
l.336 ...，因此，假设 $\mu$ 是第一个单元输出激发线的百分数，于是根据方程\eqref
                                                  {eq:ch18_final_zeta_distri...
The control sequence at the end of the top line
of your error message was never \def'ed. If you have
misspelled it (e.g., `\hobx'), type `I' and the correct
spelling (e.g., `I\hbox'). Otherwise just continue,
and I'll forget about whatever was undefined.

Missing character: There is no e ("65) in font nullfont!
Missing character: There is no q ("71) in font nullfont!
Missing character: There is no : ("3A) in font nullfont!
Missing character: There is no c ("63) in font nullfont!
Missing character: There is no h ("68) in font nullfont!
Missing character: There is no 1 ("31) in font nullfont!
Missing character: There is no 8 ("38) in font nullfont!
! Missing $ inserted.
<inserted text> 
                $
l.336 ...mu$ 是第一个单元输出激发线的百分数，于是根据方程\eqref{eq:ch18_
                                                  final_zeta_distribution}
I've inserted a begin-math/end-math symbol since I think
you left one out. Proceed, with fingers crossed.

! Extra }, or forgotten $.
l.336 ...方程\eqref{eq:ch18_final_zeta_distribution}
                                                  
I've deleted a group-closing symbol because it seems to be
spurious, as in `$x}$'. But perhaps the } is legitimate and
you forgot something else, as in `\hbox{$x}'. In such cases
the way to recover is to insert both the forgotten and the
deleted material, e.g., by typing `I$}'.

! Missing \endgroup inserted.
<inserted text> 
                \endgroup 
l.337 \begin{equation}
                      
I've inserted something that you may have forgotten.
(See the <inserted text> above.)
With luck, this will get me unwedged. But if you
really didn't forget anything, try typing `2' now; then
my insertion and my current dilemma will both disappear.

! You can't use `\eqno' in math mode.
\eqno ->\@kernel@eqno 
                      \aftergroup \ignorespaces 
l.340 \end{equation}
                    
Sorry, but I'm not programmed to handle this case;
I'll just pretend that you didn't ask for it.
If you're in the wrong mode, you might be able to
return to the right one by typing `I}' or `I$' or `I\par'.

Missing character: There is no 。 ("3002) in font cmr10!

! LaTeX Error: \begin{document} ended by \end{equation}.

See the LaTeX manual or LaTeX Companion for explanation.
Type  H <return>  for immediate help.
 ...                                              
                                                  
l.340 \end{equation}
                    
Your command was ignored.
Type  I <command> <return>  to replace it with another command,
or  <return>  to continue without it.

! Missing $ inserted.
<inserted text> 
                $
l.340 \end{equation}
                    
I've inserted something that you may have forgotten.
(See the <inserted text> above.)
With luck, this will get me unwedged. But if you
really didn't forget anything, try typing `2' now; then
my insertion and my current dilemma will both disappear.

! Missing } inserted.
<inserted text> 
                }
l.340 \end{equation}
                    
I've inserted something that you may have forgotten.
(See the <inserted text> above.)
With luck, this will get me unwedged. But if you
really didn't forget anything, try typing `2' now; then
my insertion and my current dilemma will both disappear.

! Missing } inserted.
<inserted text> 
                }
l.340 \end{equation}
                    
I've inserted something that you may have forgotten.
(See the <inserted text> above.)
With luck, this will get me unwedged. But if you
really didn't forget anything, try typing `2' now; then
my insertion and my current dilemma will both disappear.

! Extra \endgroup.
<recently read> \endgroup 
                          
l.340 \end{equation}
                    
Things are pretty mixed up, but I think the worst is over.


Overfull \hbox (30.86pt too wide) in paragraph at lines 336--341
[][]
 []


Overfull \hbox (4.83508pt too wide) in paragraph at lines 336--341
\OML/cmm/m/it/10 ^^X$
 []


Overfull \hbox (4.83508pt too wide) in paragraph at lines 336--341
\OML/cmm/m/it/10 ^^X$
 []


Overfull \hbox (5.32408pt too wide) in paragraph at lines 336--341
\OML/cmm/m/it/10 ^^Q$
 []


Overfull \hbox (6.02548pt too wide) in paragraph at lines 336--341
\OML/cmm/m/it/10 ^^V$
 []


Overfull \hbox (110.20636pt too wide) in paragraph at lines 336--341
[]\OML/cmm/m/it/10 inal[]eta[]istribution$$^^V \OT1/cmr/m/n/10 =
 []


Overfull \hbox (16.66672pt too wide) in paragraph at lines 336--341
\OT1/cmr/m/n/10 (1 \OMS/cmsy/m/n/10 ^^@
 []


Overfull \hbox (21.26569pt too wide) in paragraph at lines 336--341
\OML/cmm/m/it/10 ^^P[]\OT1/cmr/m/n/10 ) +
 []


Overfull \hbox (56.48158pt too wide) in paragraph at lines 336--341
\OT1/cmr/m/n/10 2\OML/cmm/m/it/10 " [] \OT1/cmr/m/n/10 +
 []


Overfull \hbox (127.92047pt too wide) in paragraph at lines 336--341
[] \OML/cmm/m/it/10 y[][]$$$ 
 []


! LaTeX Error: Missing \begin{document}.

See the LaTeX manual or LaTeX Companion for explanation.
Type  H <return>  for immediate help.
 ...                                              
                                                  
l.342 与
       此类似，假设 $v$ 是复原机构中第二个单元的输出中激发线的百分数，那么
You're in trouble here.  Try typing  <return>  to proceed.
If that doesn't work, type  X <return>  to quit.

Missing character: There is no 与 ("4E0E) in font nullfont!
Missing character: There is no 此 ("6B64) in font nullfont!
Missing character: There is no 类 ("7C7B) in font nullfont!
Missing character: There is no 似 ("4F3C) in font nullfont!
Missing character: There is no ， ("FF0C) in font nullfont!
Missing character: There is no 假 ("5047) in font nullfont!
Missing character: There is no 设 ("8BBE) in font nullfont!
Missing character: There is no 是 ("662F) in font nullfont!
Missing character: There is no 复 ("590D) in font nullfont!
Missing character: There is no 原 ("539F) in font nullfont!
Missing character: There is no 机 ("673A) in font nullfont!
Missing character: There is no 构 ("6784) in font nullfont!
Missing character: There is no 中 ("4E2D) in font nullfont!
Missing character: There is no 第 ("7B2C) in font nullfont!
Missing character: There is no 二 ("4E8C) in font nullfont!
Missing character: There is no 个 ("4E2A) in font nullfont!
Missing character: There is no 单 ("5355) in font nullfont!
Missing character: There is no 元 ("5143) in font nullfont!
Missing character: There is no 的 ("7684) in font nullfont!
Missing character: There is no 输 ("8F93) in font nullfont!
Missing character: There is no 出 ("51FA) in font nullfont!
Missing character: There is no 中 ("4E2D) in font nullfont!
Missing character: There is no 激 ("6FC0) in font nullfont!
Missing character: There is no 发 ("53D1) in font nullfont!
Missing character: There is no 线 ("7EBF) in font nullfont!
Missing character: There is no 的 ("7684) in font nullfont!
Missing character: There is no 百 ("767E) in font nullfont!
Missing character: There is no 分 ("5206) in font nullfont!
Missing character: There is no 数 ("6570) in font nullfont!
Missing character: There is no ， ("FF0C) in font nullfont!
Missing character: There is no 那 ("90A3) in font nullfont!
Missing character: There is no 么 ("4E48) in font nullfont!

Overfull \hbox (20.0pt too wide) in paragraph at lines 342--343
[]
 []


Overfull \hbox (5.20601pt too wide) in paragraph at lines 342--343
\OML/cmm/m/it/10 v$
 []

Missing character: There is no 。 ("3002) in font cmr10!

Overfull \hbox (272.39706pt too wide) detected at line 346
\OML/cmm/m/it/10 v \OT1/cmr/m/n/10 = (1 \OMS/cmsy/m/n/10 ^^@ \OML/cmm/m/it/10 ^
^V[]\OT1/cmr/m/n/10 ) + 2\OML/cmm/m/it/10 " [] \OT1/cmr/m/n/10 + [] \OML/cmm/m/
it/10 y[]
 []

Missing character: There is no 方 ("65B9) in font nullfont!
Missing character: There is no 程 ("7A0B) in font nullfont!
! Undefined control sequence.
l.347 方程\eqref
              {eq:ch18_recovery_unit1_mu_dist}和\eqref{eq:ch18_recovery_unit2...
The control sequence at the end of the top line
of your error message was never \def'ed. If you have
misspelled it (e.g., `\hobx'), type `I' and the correct
spelling (e.g., `I\hbox'). Otherwise just continue,
and I'll forget about whatever was undefined.

Missing character: There is no e ("65) in font nullfont!
Missing character: There is no q ("71) in font nullfont!
Missing character: There is no : ("3A) in font nullfont!
Missing character: There is no c ("63) in font nullfont!
Missing character: There is no h ("68) in font nullfont!
Missing character: There is no 1 ("31) in font nullfont!
Missing character: There is no 8 ("38) in font nullfont!
! Missing $ inserted.
<inserted text> 
                $
l.347 方程\eqref{eq:ch18_
                       recovery_unit1_mu_dist}和\eqref{eq:ch18_recovery_unit2...
I've inserted a begin-math/end-math symbol since I think
you left one out. Proceed, with fingers crossed.

! Extra }, or forgotten $.
l.347 方程\eqref{eq:ch18_recovery_unit1_mu_dist}
                                              和\eqref{eq:ch18_recovery_unit2...
I've deleted a group-closing symbol because it seems to be
spurious, as in `$x}$'. But perhaps the } is legitimate and
you forgot something else, as in `\hbox{$x}'. In such cases
the way to recover is to insert both the forgotten and the
deleted material, e.g., by typing `I$}'.

! Undefined control sequence.
l.347 ...ef{eq:ch18_recovery_unit1_mu_dist}和\eqref
                                                  {eq:ch18_recovery_unit2_v_...
The control sequence at the end of the top line
of your error message was never \def'ed. If you have
misspelled it (e.g., `\hobx'), type `I' and the correct
spelling (e.g., `I\hbox'). Otherwise just continue,
and I'll forget about whatever was undefined.

! Double subscript.
l.347 ...mu_dist}和\eqref{eq:ch18_recovery_unit2_v_
                                                  dist}中，第一项的形式和方程\eqref{eq:...
I treat `x_1_2' essentially like `x_1{}_2'.

! Undefined control sequence.
l.347 ...8_recovery_unit2_v_dist}中，第一项的形式和方程\eqref
                                                  {eq:ch18_single_recovery_u...
The control sequence at the end of the top line
of your error message was never \def'ed. If you have
misspelled it (e.g., `\hobx'), type `I' and the correct
spelling (e.g., `I\hbox'). Otherwise just continue,
and I'll forget about whatever was undefined.

! Missing $ inserted.
<inserted text> 
                $
l.348 
      
I've inserted a begin-math/end-math symbol since I think
you left one out. Proceed, with fingers crossed.

Missing character: There is no 和 ("548C) in font cmr10!
Missing character: There is no 中 ("4E2D) in font cmr10!
Missing character: There is no ， ("FF0C) in font cmr10!
Missing character: There is no 第 ("7B2C) in font cmr10!
Missing character: There is no 一 ("4E00) in font cmr10!
Missing character: There is no 项 ("9879) in font cmr10!
Missing character: There is no 的 ("7684) in font cmr10!
Missing character: There is no 形 ("5F62) in font cmr10!
Missing character: There is no 式 ("5F0F) in font cmr10!
Missing character: There is no 和 ("548C) in font cmr10!
Missing character: There is no 方 ("65B9) in font cmr10!
Missing character: There is no 程 ("7A0B) in font cmr10!
Missing character: There is no 完 ("5B8C) in font cmr10!
Missing character: There is no 全 ("5168) in font cmr10!
Missing character: There is no 一 ("4E00) in font cmr10!
Missing character: There is no 样 ("6837) in font cmr10!
Missing character: There is no 。 ("3002) in font cmr10!
Missing character: There is no 附 ("9644) in font cmr10!
Missing character: There is no 加 ("52A0) in font cmr10!
Missing character: There is no 项 ("9879) in font cmr10!
Missing character: There is no 是 ("662F) in font cmr10!
Missing character: There is no 由 ("7531) in font cmr10!
Missing character: There is no 于 ("4E8E) in font cmr10!
Missing character: There is no 不 ("4E0D) in font cmr10!
Missing character: There is no 完 ("5B8C) in font cmr10!
Missing character: There is no 善 ("5584) in font cmr10!
Missing character: There is no 的 ("7684) in font cmr10!
Missing character: There is no 元 ("5143) in font cmr10!
Missing character: There is no 件 ("4EF6) in font cmr10!
Missing character: There is no 以 ("4EE5) in font cmr10!
Missing character: There is no 及 ("53CA) in font cmr10!
Missing character: There is no 从 ("4ECE) in font cmr10!
Missing character: There is no 误 ("8BEF) in font cmr10!
Missing character: There is no 差 ("5DEE) in font cmr10!
Missing character: There is no 的 ("7684) in font cmr10!
Missing character: There is no 统 ("7EDF) in font cmr10!
Missing character: There is no 计 ("8BA1) in font cmr10!
Missing character: There is no 分 ("5206) in font cmr10!
Missing character: There is no 布 ("5E03) in font cmr10!
Missing character: There is no 所 ("6240) in font cmr10!
Missing character: There is no 产 ("4EA7) in font cmr10!
Missing character: There is no 生 ("751F) in font cmr10!
Missing character: There is no 的 ("7684) in font cmr10!
Missing character: There is no 。 ("3002) in font cmr10!

Overfull \hbox (360.77356pt too wide) in paragraph at lines 346--348
$[]\OML/cmm/m/it/10 ecovery[]nit\OT1/cmr/m/n/10 1[]\OML/cmm/m/it/10 u[]ist[][]$
 
 []


! LaTeX Error: Missing \begin{document}.

See the LaTeX manual or LaTeX Companion for explanation.
Type  H <return>  for immediate help.
 ...                                              
                                                  
l.349 只
       要给定了 $\xi,\eta,\zeta,\varepsilon$ 和 $n$ 时，我们就可以利用方程\eqref{eq:ch18_fin...

You're in trouble here.  Try typing  <return>  to proceed.
If that doesn't work, type  X <return>  to quit.

Missing character: There is no 只 ("53EA) in font nullfont!
Missing character: There is no 要 ("8981) in font nullfont!
Missing character: There is no 给 ("7ED9) in font nullfont!
Missing character: There is no 定 ("5B9A) in font nullfont!
Missing character: There is no 了 ("4E86) in font nullfont!
Missing character: There is no 和 ("548C) in font nullfont!
Missing character: There is no 时 ("65F6) in font nullfont!
Missing character: There is no ， ("FF0C) in font nullfont!
Missing character: There is no 我 ("6211) in font nullfont!
Missing character: There is no 们 ("4EEC) in font nullfont!
Missing character: There is no 就 ("5C31) in font nullfont!
Missing character: There is no 可 ("53EF) in font nullfont!
Missing character: There is no 以 ("4EE5) in font nullfont!
Missing character: There is no 利 ("5229) in font nullfont!
Missing character: There is no 用 ("7528) in font nullfont!
Missing character: There is no 方 ("65B9) in font nullfont!
Missing character: There is no 程 ("7A0B) in font nullfont!
! Undefined control sequence.
l.349 ...zeta,\varepsilon$ 和 $n$ 时，我们就可以利用方程\eqref
                                                  {eq:ch18_final_zeta_distri...
The control sequence at the end of the top line
of your error message was never \def'ed. If you have
misspelled it (e.g., `\hobx'), type `I' and the correct
spelling (e.g., `I\hbox'). Otherwise just continue,
and I'll forget about whatever was undefined.

Missing character: There is no e ("65) in font nullfont!
Missing character: There is no q ("71) in font nullfont!
Missing character: There is no : ("3A) in font nullfont!
Missing character: There is no c ("63) in font nullfont!
Missing character: There is no h ("68) in font nullfont!
Missing character: There is no 1 ("31) in font nullfont!
Missing character: There is no 8 ("38) in font nullfont!
! Missing $ inserted.
<inserted text> 
                $
l.349 ...epsilon$ 和 $n$ 时，我们就可以利用方程\eqref{eq:ch18_
                                                  final_zeta_distribution}到\...
I've inserted a begin-math/end-math symbol since I think
you left one out. Proceed, with fingers crossed.

! Extra }, or forgotten $.
l.349 ...方程\eqref{eq:ch18_final_zeta_distribution}
                                                  到\eqref{eq:ch18_recovery_u...
I've deleted a group-closing symbol because it seems to be
spurious, as in `$x}$'. But perhaps the } is legitimate and
you forgot something else, as in `\hbox{$x}'. In such cases
the way to recover is to insert both the forgotten and the
deleted material, e.g., by typing `I$}'.

! Undefined control sequence.
l.349 ...f{eq:ch18_final_zeta_distribution}到\eqref
                                                  {eq:ch18_recovery_unit2_v_...
The control sequence at the end of the top line
of your error message was never \def'ed. If you have
misspelled it (e.g., `\hobx'), type `I' and the correct
spelling (e.g., `I\hbox'). Otherwise just continue,
and I'll forget about whatever was undefined.

! Double subscript.
l.349 ...ibution}到\eqref{eq:ch18_recovery_unit2_v_
                                                  dist}来计算 $v$ 的分布函数，$v$ 是谢弗...
I treat `x_1_2' essentially like `x_1{}_2'.

Missing character: There is no 到 ("5230) in font cmr10!
Missing character: There is no 来 ("6765) in font cmr10!
Missing character: There is no 计 ("8BA1) in font cmr10!
Missing character: There is no 算 ("7B97) in font cmr10!
Missing character: There is no v ("76) in font nullfont!
Missing character: There is no 的 ("7684) in font cmr10!
Missing character: There is no 分 ("5206) in font cmr10!
Missing character: There is no 布 ("5E03) in font cmr10!
Missing character: There is no 函 ("51FD) in font cmr10!
Missing character: There is no 数 ("6570) in font cmr10!
Missing character: There is no ， ("FF0C) in font cmr10!
Missing character: There is no v ("76) in font nullfont!
! Undefined control sequence.
l.349 ...把表达式回复到原先的概率分布函数形式。我们可以看得比较清楚，例如，方程\eqref
                                                  {eq:ch18_final_zeta_distri...
The control sequence at the end of the top line
of your error message was never \def'ed. If you have
misspelled it (e.g., `\hobx'), type `I' and the correct
spelling (e.g., `I\hbox'). Otherwise just continue,
and I'll forget about whatever was undefined.


! LaTeX Error: Environment equation* undefined.

See the LaTeX manual or LaTeX Companion for explanation.
Type  H <return>  for immediate help.
 ...                                              
                                                  
l.350 \begin{equation*}
                       
Your command was ignored.
Type  I <command> <return>  to replace it with another command,
or  <return>  to continue without it.


! LaTeX Error: \begin{document} ended by \end{equation*}.

See the LaTeX manual or LaTeX Companion for explanation.
Type  H <return>  for immediate help.
 ...                                              
                                                  
l.352 \end{equation*}
                     
Your command was ignored.
Type  I <command> <return>  to replace it with another command,
or  <return>  to continue without it.

Missing character: There is no 是 ("662F) in font cmr10!
Missing character: There is no 谢 ("8C22) in font cmr10!
Missing character: There is no 弗 ("5F17) in font cmr10!
Missing character: There is no 元 ("5143) in font cmr10!
Missing character: There is no 件 ("4EF6) in font cmr10!
Missing character: There is no 组 ("7EC4) in font cmr10!
Missing character: There is no 成 ("6210) in font cmr10!
Missing character: There is no 的 ("7684) in font cmr10!
Missing character: There is no 整 ("6574) in font cmr10!
Missing character: There is no 个 ("4E2A) in font cmr10!
Missing character: There is no 系 ("7CFB) in font cmr10!
Missing character: There is no 统 ("7EDF) in font cmr10!
Missing character: There is no 中 ("4E2D) in font cmr10!
Missing character: There is no 输 ("8F93) in font cmr10!
Missing character: There is no 出 ("51FA) in font cmr10!
Missing character: There is no 激 ("6FC0) in font cmr10!
Missing character: There is no 发 ("53D1) in font cmr10!
Missing character: There is no 线 ("7EBF) in font cmr10!
Missing character: There is no 的 ("7684) in font cmr10!
Missing character: There is no 百 ("767E) in font cmr10!
Missing character: There is no 分 ("5206) in font cmr10!
Missing character: There is no 数 ("6570) in font cmr10!
Missing character: There is no 。 ("3002) in font cmr10!
Missing character: There is no 把 ("628A) in font cmr10!
Missing character: There is no 表 ("8868) in font cmr10!
Missing character: There is no 达 ("8FBE) in font cmr10!
Missing character: There is no 式 ("5F0F) in font cmr10!
Missing character: There is no 回 ("56DE) in font cmr10!
Missing character: There is no 复 ("590D) in font cmr10!
Missing character: There is no 到 ("5230) in font cmr10!
Missing character: There is no 原 ("539F) in font cmr10!
Missing character: There is no 先 ("5148) in font cmr10!
Missing character: There is no 的 ("7684) in font cmr10!
Missing character: There is no 概 ("6982) in font cmr10!
Missing character: There is no 率 ("7387) in font cmr10!
Missing character: There is no 分 ("5206) in font cmr10!
Missing character: There is no 布 ("5E03) in font cmr10!
Missing character: There is no 函 ("51FD) in font cmr10!
Missing character: There is no 数 ("6570) in font cmr10!
Missing character: There is no 形 ("5F62) in font cmr10!
Missing character: There is no 式 ("5F0F) in font cmr10!
Missing character: There is no 。 ("3002) in font cmr10!
Missing character: There is no 我 ("6211) in font cmr10!
Missing character: There is no 们 ("4EEC) in font cmr10!
Missing character: There is no 可 ("53EF) in font cmr10!
Missing character: There is no 以 ("4EE5) in font cmr10!
Missing character: There is no 看 ("770B) in font cmr10!
Missing character: There is no 得 ("5F97) in font cmr10!
Missing character: There is no 比 ("6BD4) in font cmr10!
Missing character: There is no 较 ("8F83) in font cmr10!
Missing character: There is no 清 ("6E05) in font cmr10!
Missing character: There is no 楚 ("695A) in font cmr10!
Missing character: There is no ， ("FF0C) in font cmr10!
Missing character: There is no 例 ("4F8B) in font cmr10!
Missing character: There is no 如 ("5982) in font cmr10!
Missing character: There is no ， ("FF0C) in font cmr10!
Missing character: There is no 方 ("65B9) in font cmr10!
Missing character: There is no 程 ("7A0B) in font cmr10!
Missing character: There is no 等 ("7B49) in font cmr10!
Missing character: There is no 价 ("4EF7) in font cmr10!
Missing character: There is no 于 ("4E8E) in font cmr10!
Missing character: There is no 。 ("3002) in font cmr10!
Missing character: There is no 只 ("53EA) in font cmr10!
Missing character: There is no 要 ("8981) in font cmr10!
Missing character: There is no 把 ("628A) in font cmr10!
! Missing $ inserted.
<inserted text> 
                $
l.353 只要把 $\zeta
                ,\mu$ 和 $v$ 的联合概率对 $\zeta$ 和 $\mu$ 求积分，于是我们就可以得到 $v$ 的概率分布函数...
I've inserted a begin-math/end-math symbol since I think
you left one out. Proceed, with fingers crossed.

Missing character: There is no 和 ("548C) in font nullfont!
Missing character: There is no 的 ("7684) in font nullfont!
Missing character: There is no 联 ("8054) in font nullfont!
Missing character: There is no 合 ("5408) in font nullfont!
Missing character: There is no 概 ("6982) in font nullfont!
Missing character: There is no 率 ("7387) in font nullfont!
Missing character: There is no 对 ("5BF9) in font nullfont!
Missing character: There is no 和 ("548C) in font nullfont!
Missing character: There is no 求 ("6C42) in font nullfont!
Missing character: There is no 积 ("79EF) in font nullfont!
Missing character: There is no 分 ("5206) in font nullfont!
Missing character: There is no ， ("FF0C) in font nullfont!
Missing character: There is no 于 ("4E8E) in font nullfont!
Missing character: There is no 是 ("662F) in font nullfont!
Missing character: There is no 我 ("6211) in font nullfont!
Missing character: There is no 们 ("4EEC) in font nullfont!
Missing character: There is no 就 ("5C31) in font nullfont!
Missing character: There is no 可 ("53EF) in font nullfont!
Missing character: There is no 以 ("4EE5) in font nullfont!
Missing character: There is no 得 ("5F97) in font nullfont!
Missing character: There is no 到 ("5230) in font nullfont!
Missing character: There is no 的 ("7684) in font nullfont!
Missing character: There is no 概 ("6982) in font nullfont!
Missing character: There is no 率 ("7387) in font nullfont!
Missing character: There is no 分 ("5206) in font nullfont!
Missing character: There is no 布 ("5E03) in font nullfont!
Missing character: There is no 函 ("51FD) in font nullfont!
Missing character: There is no 数 ("6570) in font nullfont!
Missing character: There is no ， ("FF0C) in font nullfont!
Missing character: There is no 也 ("4E5F) in font nullfont!
Missing character: There is no 就 ("5C31) in font nullfont!
Missing character: There is no 是 ("662F) in font nullfont!

Overfull \hbox (20.0pt too wide) in paragraph at lines 349--354
[]
 []


Overfull \hbox (33.26843pt too wide) in paragraph at lines 349--354
\OML/cmm/m/it/10 ^^X; ^^Q; ^^P; "$
 []


Overfull \hbox (6.00235pt too wide) in paragraph at lines 349--354
\OML/cmm/m/it/10 n$
 []


Overfull \hbox (409.08633pt too wide) in paragraph at lines 349--354
[]\OML/cmm/m/it/10 inal[]eta[]istribution[]$$$$[]W\OT1/cmr/m/n/10 (\OML/cmm/m/i
t/10 ^^P\OT1/cmr/m/n/10 ; \OML/cmm/m/it/10 ^^X; ^^Q\OT1/cmr/m/n/10 ; \OML/cmm/m
/it/10 n\OT1/cmr/m/n/10 ) =
 []


Overfull \hbox (180.62268pt too wide) in paragraph at lines 349--354
[]$$\OML/cmm/m/it/10 ^^P; ^^V$
 []


Overfull \hbox (5.20601pt too wide) in paragraph at lines 349--354
\OML/cmm/m/it/10 v$
 []


Overfull \hbox (5.11285pt too wide) in paragraph at lines 349--354
\OML/cmm/m/it/10 ^^P$
 []


Overfull \hbox (6.02548pt too wide) in paragraph at lines 349--354
\OML/cmm/m/it/10 ^^V$
 []


Overfull \hbox (5.20601pt too wide) in paragraph at lines 349--354
\OML/cmm/m/it/10 v$
 []


Overfull \hbox (53.3119pt too wide) in paragraph at lines 349--354
\OML/cmm/m/it/10 W\OT1/cmr/m/n/10 (\OML/cmm/m/it/10 v\OT1/cmr/m/n/10 ; \OML/cmm
/m/it/10 ^^X; ^^Q\OT1/cmr/m/n/10 ; \OML/cmm/m/it/10 n\OT1/cmr/m/n/10 )$ 
 []


! LaTeX Error: Environment aligned undefined.

See the LaTeX manual or LaTeX Companion for explanation.
Type  H <return>  for immediate help.
 ...                                              
                                                  
l.355 \begin{aligned}
                     
Your command was ignored.
Type  I <command> <return>  to replace it with another command,
or  <return>  to continue without it.

! Misplaced alignment tab character &.
l.356 W(v;\xi,\eta;n) &
                       = \frac{1}{(2\pi)^{\frac{3}{2}} \sqrt{\frac{(1-2\vare...
I can't figure out why you would want to use a tab mark
here. If you just want an ampersand, the remedy is
simple: Just type `I\&' now. But if some right brace
up above has ended a previous alignment prematurely,
you're probably due for more error messages, and you
might try typing `S' now just to see what is salvageable.

! Misplaced alignment tab character &.
<recently read> &
                 
l.357 &
       \quad \cdot \int_{-\infty}^{\infty} \frac{\mathrm{d}\zeta}{\sqrt{\fra...
I can't figure out why you would want to use a tab mark
here. If you just want an ampersand, the remedy is
simple: Just type `I\&' now. But if some right brace
up above has ended a previous alignment prematurely,
you're probably due for more error messages, and you
might try typing `S' now just to see what is salvageable.

! Misplaced alignment tab character &.
<recently read> &
                 
l.358 &
       \quad \cdot \exp\left\{
I can't figure out why you would want to use a tab mark
here. If you just want an ampersand, the remedy is
simple: Just type `I\&' now. But if some right brace
up above has ended a previous alignment prematurely,
you're probably due for more error messages, and you
might try typing `S' now just to see what is salvageable.

! Misplaced alignment tab character &.
<recently read> &
                 
l.361 &
       \quad -\frac{1}{2}\left[\frac{\mu-\left\{(1-\zeta^2)+2\varepsilon\lef...
I can't figure out why you would want to use a tab mark
here. If you just want an ampersand, the remedy is
simple: Just type `I\&' now. But if some right brace
up above has ended a previous alignment prematurely,
you're probably due for more error messages, and you
might try typing `S' now just to see what is salvageable.

! Misplaced alignment tab character &.
<recently read> &
                 
l.362 &
       \quad \left. -\frac{1}{2}\left[\frac{v-\left\{(1-\mu^2)+2\varepsilon\...
I can't figure out why you would want to use a tab mark
here. If you just want an ampersand, the remedy is
simple: Just type `I\&' now. But if some right brace
up above has ended a previous alignment prematurely,
you're probably due for more error messages, and you
might try typing `S' now just to see what is salvageable.


! LaTeX Error: \begin{equation} on input line 354 ended by \end{aligned}.

See the LaTeX manual or LaTeX Companion for explanation.
Type  H <return>  for immediate help.
 ...                                              
                                                  
l.364 \end{aligned}
                   
Your command was ignored.
Type  I <command> <return>  to replace it with another command,
or  <return>  to continue without it.

Missing character: There is no 。 ("3002) in font cmr10!

Overfull \hbox (1019.9569pt too wide) detected at line 366
\OML/cmm/m/it/10 W\OT1/cmr/m/n/10 (\OML/cmm/m/it/10 v\OT1/cmr/m/n/10 ; \OML/cmm
/m/it/10 ^^X; ^^Q\OT1/cmr/m/n/10 ; \OML/cmm/m/it/10 n\OT1/cmr/m/n/10 ) = [] [][
] d\OML/cmm/m/it/10 ^^V[]   \OMS/cmsy/m/n/10 ^^A [][] [][]   ^^A [] [] []   ^^@
 [] [][] []   [] []
 []


! LaTeX Error: Missing \begin{document}.

See the LaTeX manual or LaTeX Companion for explanation.
Type  H <return>  for immediate help.
 ...                                              
                                                  
l.368 我
       们现在可以证明在适当的条件下，如果 $n$ 增大，那么由谢弗元件组成的系统就能够具有合乎理想的性质。考虑一个给定的置信水平 $\delta...

You're in trouble here.  Try typing  <return>  to proceed.
If that doesn't work, type  X <return>  to quit.

Missing character: There is no 我 ("6211) in font nullfont!
Missing character: There is no 们 ("4EEC) in font nullfont!
Missing character: There is no 现 ("73B0) in font nullfont!
Missing character: There is no 在 ("5728) in font nullfont!
Missing character: There is no 可 ("53EF) in font nullfont!
Missing character: There is no 以 ("4EE5) in font nullfont!
Missing character: There is no 证 ("8BC1) in font nullfont!
Missing character: There is no 明 ("660E) in font nullfont!
Missing character: There is no 在 ("5728) in font nullfont!
Missing character: There is no 适 ("9002) in font nullfont!
Missing character: There is no 当 ("5F53) in font nullfont!
Missing character: There is no 的 ("7684) in font nullfont!
Missing character: There is no 条 ("6761) in font nullfont!
Missing character: There is no 件 ("4EF6) in font nullfont!
Missing character: There is no 下 ("4E0B) in font nullfont!
Missing character: There is no ， ("FF0C) in font nullfont!
Missing character: There is no 如 ("5982) in font nullfont!
Missing character: There is no 果 ("679C) in font nullfont!
Missing character: There is no 增 ("589E) in font nullfont!
Missing character: There is no 大 ("5927) in font nullfont!
Missing character: There is no ， ("FF0C) in font nullfont!
Missing character: There is no 那 ("90A3) in font nullfont!
Missing character: There is no 么 ("4E48) in font nullfont!
Missing character: There is no 由 ("7531) in font nullfont!
Missing character: There is no 谢 ("8C22) in font nullfont!
Missing character: There is no 弗 ("5F17) in font nullfont!
Missing character: There is no 元 ("5143) in font nullfont!
Missing character: There is no 件 ("4EF6) in font nullfont!
Missing character: There is no 组 ("7EC4) in font nullfont!
Missing character: There is no 成 ("6210) in font nullfont!
Missing character: There is no 的 ("7684) in font nullfont!
Missing character: There is no 系 ("7CFB) in font nullfont!
Missing character: There is no 统 ("7EDF) in font nullfont!
Missing character: There is no 就 ("5C31) in font nullfont!
Missing character: There is no 能 ("80FD) in font nullfont!
Missing character: There is no 够 ("591F) in font nullfont!
Missing character: There is no 具 ("5177) in font nullfont!
Missing character: There is no 有 ("6709) in font nullfont!
Missing character: There is no 合 ("5408) in font nullfont!
Missing character: There is no 乎 ("4E4E) in font nullfont!
Missing character: There is no 理 ("7406) in font nullfont!
Missing character: There is no 想 ("60F3) in font nullfont!
Missing character: There is no 的 ("7684) in font nullfont!
Missing character: There is no 性 ("6027) in font nullfont!
Missing character: There is no 质 ("8D28) in font nullfont!
Missing character: There is no 。 ("3002) in font nullfont!
Missing character: There is no 考 ("8003) in font nullfont!
Missing character: There is no 虑 ("8651) in font nullfont!
Missing character: There is no 一 ("4E00) in font nullfont!
Missing character: There is no 个 ("4E2A) in font nullfont!
Missing character: There is no 给 ("7ED9) in font nullfont!
Missing character: There is no 定 ("5B9A) in font nullfont!
Missing character: There is no 的 ("7684) in font nullfont!
Missing character: There is no 置 ("7F6E) in font nullfont!
Missing character: There is no 信 ("4FE1) in font nullfont!
Missing character: There is no 水 ("6C34) in font nullfont!
Missing character: There is no 平 ("5E73) in font nullfont!
Missing character: There is no ， ("FF0C) in font nullfont!
Missing character: There is no 如 ("5982) in font nullfont!
Missing character: There is no 果 ("679C) in font nullfont!
Missing character: There is no 两 ("4E24) in font nullfont!
Missing character: There is no 束 ("675F) in font nullfont!
Missing character: There is no 输 ("8F93) in font nullfont!
Missing character: There is no 入 ("5165) in font nullfont!
Missing character: There is no 线 ("7EBF) in font nullfont!
Missing character: There is no 束 ("675F) in font nullfont!
Missing character: There is no 中 ("4E2D) in font nullfont!
Missing character: There is no 激 ("6FC0) in font nullfont!
Missing character: There is no 发 ("53D1) in font nullfont!
Missing character: There is no 线 ("7EBF) in font nullfont!
Missing character: There is no 所 ("6240) in font nullfont!
Missing character: There is no 占 ("5360) in font nullfont!
Missing character: There is no 的 ("7684) in font nullfont!
Missing character: There is no 百 ("767E) in font nullfont!
Missing character: There is no 分 ("5206) in font nullfont!
Missing character: There is no 数 ("6570) in font nullfont!
Missing character: There is no 分 ("5206) in font nullfont!
Missing character: There is no 别 ("522B) in font nullfont!
Missing character: There is no 用 ("7528) in font nullfont!
Missing character: There is no 和 ("548C) in font nullfont!
Missing character: There is no 表 ("8868) in font nullfont!
Missing character: There is no 示 ("793A) in font nullfont!
Missing character: There is no ， ("FF0C) in font nullfont!
Missing character: There is no 表 ("8868) in font nullfont!
Missing character: There is no 示 ("793A) in font nullfont!
Missing character: There is no 输 ("8F93) in font nullfont!
Missing character: There is no 出 ("51FA) in font nullfont!
Missing character: There is no 线 ("7EBF) in font nullfont!
Missing character: There is no 束 ("675F) in font nullfont!
Missing character: There is no 中 ("4E2D) in font nullfont!
Missing character: There is no 未 ("672A) in font nullfont!
Missing character: There is no 激 ("6FC0) in font nullfont!
Missing character: There is no 发 ("53D1) in font nullfont!
Missing character: There is no 线 ("7EBF) in font nullfont!
Missing character: There is no 所 ("6240) in font nullfont!
Missing character: There is no 占 ("5360) in font nullfont!
Missing character: There is no 的 ("7684) in font nullfont!
Missing character: There is no 百 ("767E) in font nullfont!
Missing character: There is no 分 ("5206) in font nullfont!
Missing character: There is no 数 ("6570) in font nullfont!
Missing character: There is no ， ("FF0C) in font nullfont!
Missing character: There is no 要 ("8981) in font nullfont!
Missing character: There is no 求 ("6C42) in font nullfont!
Missing character: There is no 系 ("7CFB) in font nullfont!
Missing character: There is no 统 ("7EDF) in font nullfont!
Missing character: There is no 具 ("5177) in font nullfont!
Missing character: There is no 有 ("6709) in font nullfont!
Missing character: There is no 理 ("7406) in font nullfont!
Missing character: There is no 想 ("60F3) in font nullfont!
Missing character: There is no 的 ("7684) in font nullfont!
Missing character: There is no 性 ("6027) in font nullfont!
Missing character: There is no 质 ("8D28) in font nullfont!
Missing character: There is no 就 ("5C31) in font nullfont!
Missing character: There is no 必 ("5FC5) in font nullfont!
Missing character: There is no 须 ("987B) in font nullfont!
Missing character: There is no 有 ("6709) in font nullfont!
Missing character: There is no ： ("FF1A) in font nullfont!
! Undefined control sequence.
l.368 ...中未激发线所占的百分数，要求系统具有理想的性质就必须有：$\xi\geqslant
                                                  1-\delta$，并且 $\eta\geqslan...
The control sequence at the end of the top line
of your error message was never \def'ed. If you have
misspelled it (e.g., `\hobx'), type `I' and the correct
spelling (e.g., `I\hbox'). Otherwise just continue,
and I'll forget about whatever was undefined.

Missing character: There is no ， ("FF0C) in font nullfont!
Missing character: There is no 并 ("5E76) in font nullfont!
Missing character: There is no 且 ("4E14) in font nullfont!
! Undefined control sequence.
l.368 ...：$\xi\geqslant1-\delta$，并且 $\eta\geqslant
                                                  1-\delta$ 时，有 $v\leqslant\...
The control sequence at the end of the top line
of your error message was never \def'ed. If you have
misspelled it (e.g., `\hobx'), type `I' and the correct
spelling (e.g., `I\hbox'). Otherwise just continue,
and I'll forget about whatever was undefined.

Missing character: There is no 时 ("65F6) in font nullfont!
Missing character: There is no ， ("FF0C) in font nullfont!
Missing character: There is no 有 ("6709) in font nullfont!
! Undefined control sequence.
l.368 ...且 $\eta\geqslant1-\delta$ 时，有 $v\leqslant
                                                  \delta$；以及当 $\xi\leqslant\...
The control sequence at the end of the top line
of your error message was never \def'ed. If you have
misspelled it (e.g., `\hobx'), type `I' and the correct
spelling (e.g., `I\hbox'). Otherwise just continue,
and I'll forget about whatever was undefined.

Missing character: There is no ； ("FF1B) in font nullfont!
Missing character: There is no 以 ("4EE5) in font nullfont!
Missing character: There is no 及 ("53CA) in font nullfont!
Missing character: There is no 当 ("5F53) in font nullfont!
! Undefined control sequence.
l.368 ... 时，有 $v\leqslant\delta$；以及当 $\xi\leqslant
                                                  \delta$ 并且 $\eta\geqslant1...
The control sequence at the end of the top line
of your error message was never \def'ed. If you have
misspelled it (e.g., `\hobx'), type `I' and the correct
spelling (e.g., `I\hbox'). Otherwise just continue,
and I'll forget about whatever was undefined.

Missing character: There is no 并 ("5E76) in font nullfont!
Missing character: There is no 且 ("4E14) in font nullfont!
! Undefined control sequence.
l.368 ...及当 $\xi\leqslant\delta$ 并且 $\eta\geqslant
                                                  1-\delta$ 时，或者当 $\xi\geqsl...
The control sequence at the end of the top line
of your error message was never \def'ed. If you have
misspelled it (e.g., `\hobx'), type `I' and the correct
spelling (e.g., `I\hbox'). Otherwise just continue,
and I'll forget about whatever was undefined.

Missing character: There is no 时 ("65F6) in font nullfont!
Missing character: There is no ， ("FF0C) in font nullfont!
Missing character: There is no 或 ("6216) in font nullfont!
Missing character: There is no 者 ("8005) in font nullfont!
Missing character: There is no 当 ("5F53) in font nullfont!
! Undefined control sequence.
l.368 ...eta\geqslant1-\delta$ 时，或者当 $\xi\geqslant
                                                  1-\delta$，并且 $\eta\leqslan...
The control sequence at the end of the top line
of your error message was never \def'ed. If you have
misspelled it (e.g., `\hobx'), type `I' and the correct
spelling (e.g., `I\hbox'). Otherwise just continue,
and I'll forget about whatever was undefined.

Missing character: There is no ， ("FF0C) in font nullfont!
Missing character: There is no 并 ("5E76) in font nullfont!
Missing character: There is no 且 ("4E14) in font nullfont!
! Undefined control sequence.
l.368 ... $\xi\geqslant1-\delta$，并且 $\eta\leqslant
                                                  \delta$ 时，$v\geqslant1-\de...
The control sequence at the end of the top line
of your error message was never \def'ed. If you have
misspelled it (e.g., `\hobx'), type `I' and the correct
spelling (e.g., `I\hbox'). Otherwise just continue,
and I'll forget about whatever was undefined.

Missing character: There is no 时 ("65F6) in font nullfont!
Missing character: There is no ， ("FF0C) in font nullfont!
! Undefined control sequence.
l.368 ...a$，并且 $\eta\leqslant\delta$ 时，$v\geqslant
                                                  1-\delta$；以及 $\xi\leqslant...
The control sequence at the end of the top line
of your error message was never \def'ed. If you have
misspelled it (e.g., `\hobx'), type `I' and the correct
spelling (e.g., `I\hbox'). Otherwise just continue,
and I'll forget about whatever was undefined.

Missing character: There is no ； ("FF1B) in font nullfont!
Missing character: There is no 以 ("4EE5) in font nullfont!
Missing character: There is no 及 ("53CA) in font nullfont!
! Undefined control sequence.
l.368 ...$ 时，$v\geqslant1-\delta$；以及 $\xi\leqslant
                                                  \delta$，并且 $\eta\leqslant\...
The control sequence at the end of the top line
of your error message was never \def'ed. If you have
misspelled it (e.g., `\hobx'), type `I' and the correct
spelling (e.g., `I\hbox'). Otherwise just continue,
and I'll forget about whatever was undefined.

Missing character: There is no ， ("FF0C) in font nullfont!
Missing character: There is no 并 ("5E76) in font nullfont!
Missing character: There is no 且 ("4E14) in font nullfont!
! Undefined control sequence.
l.368 ...以及 $\xi\leqslant\delta$，并且 $\eta\leqslant
                                                  \delta$ 时 $v\geqslant1-\de...
The control sequence at the end of the top line
of your error message was never \def'ed. If you have
misspelled it (e.g., `\hobx'), type `I' and the correct
spelling (e.g., `I\hbox'). Otherwise just continue,
and I'll forget about whatever was undefined.

Missing character: There is no 时 ("65F6) in font nullfont!
! Undefined control sequence.
l.368 ...a$，并且 $\eta\leqslant\delta$ 时 $v\geqslant
                                                  1-\delta$。我们假定 $n$ 相当大，$\v...
The control sequence at the end of the top line
of your error message was never \def'ed. If you have
misspelled it (e.g., `\hobx'), type `I' and the correct
spelling (e.g., `I\hbox'). Otherwise just continue,
and I'll forget about whatever was undefined.

Missing character: There is no 。 ("3002) in font nullfont!
Missing character: There is no 我 ("6211) in font nullfont!
Missing character: There is no 们 ("4EEC) in font nullfont!
Missing character: There is no 假 ("5047) in font nullfont!
Missing character: There is no 定 ("5B9A) in font nullfont!
Missing character: There is no 相 ("76F8) in font nullfont!
Missing character: There is no 当 ("5F53) in font nullfont!
Missing character: There is no 大 ("5927) in font nullfont!
Missing character: There is no ， ("FF0C) in font nullfont!
Missing character: There is no 相 ("76F8) in font nullfont!
Missing character: There is no 当 ("5F53) in font nullfont!
Missing character: There is no 小 ("5C0F) in font nullfont!
Missing character: There is no ， ("FF0C) in font nullfont!
Missing character: There is no 以 ("4EE5) in font nullfont!
Missing character: There is no 至 ("81F3) in font nullfont!
Missing character: There is no 于 ("4E8E) in font nullfont!
Missing character: There is no 方 ("65B9) in font nullfont!
Missing character: There is no 程 ("7A0B) in font nullfont!
! Undefined control sequence.
l.368 ...们假定 $n$ 相当大，$\varepsilon$ 相当小，以至于方程\eqref
                                                  {eq:ch18_final_zeta_distri...
The control sequence at the end of the top line
of your error message was never \def'ed. If you have
misspelled it (e.g., `\hobx'), type `I' and the correct
spelling (e.g., `I\hbox'). Otherwise just continue,
and I'll forget about whatever was undefined.

Missing character: There is no e ("65) in font nullfont!
Missing character: There is no q ("71) in font nullfont!
Missing character: There is no : ("3A) in font nullfont!
Missing character: There is no c ("63) in font nullfont!
Missing character: There is no h ("68) in font nullfont!
Missing character: There is no 1 ("31) in font nullfont!
Missing character: There is no 8 ("38) in font nullfont!
! Missing $ inserted.
<inserted text> 
                $
l.368 ...当大，$\varepsilon$ 相当小，以至于方程\eqref{eq:ch18_
                                                  final_zeta_distribution}到\...
I've inserted a begin-math/end-math symbol since I think
you left one out. Proceed, with fingers crossed.

! Extra }, or forgotten $.
l.368 ...方程\eqref{eq:ch18_final_zeta_distribution}
                                                  到\eqref{eq:ch18_recovery_u...
I've deleted a group-closing symbol because it seems to be
spurious, as in `$x}$'. But perhaps the } is legitimate and
you forgot something else, as in `\hbox{$x}'. In such cases
the way to recover is to insert both the forgotten and the
deleted material, e.g., by typing `I$}'.

! Undefined control sequence.
l.368 ...f{eq:ch18_final_zeta_distribution}到\eqref
                                                  {eq:ch18_recovery_unit2_v_...
The control sequence at the end of the top line
of your error message was never \def'ed. If you have
misspelled it (e.g., `\hobx'), type `I' and the correct
spelling (e.g., `I\hbox'). Otherwise just continue,
and I'll forget about whatever was undefined.

! Double subscript.
l.368 ...ibution}到\eqref{eq:ch18_recovery_unit2_v_
                                                  dist}中数量级与 $\varepsilon$ 和...
I treat `x_1_2' essentially like `x_1{}_2'.

Missing character: There is no 到 ("5230) in font cmr10!
Missing character: There is no 中 ("4E2D) in font cmr10!
Missing character: There is no 数 ("6570) in font cmr10!
Missing character: There is no 量 ("91CF) in font cmr10!
Missing character: There is no 级 ("7EA7) in font cmr10!
Missing character: There is no 与 ("4E0E) in font cmr10!
! Missing $ inserted.
<inserted text> 
                $
l.368 ..._recovery_unit2_v_dist}中数量级与 $\varepsilon
                                                  $ 和 $1/\sqrt{n}$ 相同的项都可以略去...
I've inserted a begin-math/end-math symbol since I think
you left one out. Proceed, with fingers crossed.

Missing character: There is no 和 ("548C) in font nullfont!
Missing character: There is no 相 ("76F8) in font nullfont!
Missing character: There is no 同 ("540C) in font nullfont!
Missing character: There is no 的 ("7684) in font nullfont!
Missing character: There is no 项 ("9879) in font nullfont!
Missing character: There is no 都 ("90FD) in font nullfont!
Missing character: There is no 可 ("53EF) in font nullfont!
Missing character: There is no 以 ("4EE5) in font nullfont!
Missing character: There is no 略 ("7565) in font nullfont!
Missing character: There is no 去 ("53BB) in font nullfont!
Missing character: There is no 不 ("4E0D) in font nullfont!
Missing character: There is no 计 ("8BA1) in font nullfont!
Missing character: There is no 。 ("3002) in font nullfont!
Missing character: There is no 于 ("4E8E) in font nullfont!
Missing character: There is no 是 ("662F) in font nullfont!
Missing character: There is no 就 ("5C31) in font nullfont!
Missing character: There is no 有 ("6709) in font nullfont!

Overfull \hbox (20.0pt too wide) in paragraph at lines 368--369
[]
 []


Overfull \hbox (6.00235pt too wide) in paragraph at lines 368--369
\OML/cmm/m/it/10 n$
 []


Overfull \hbox (4.8229pt too wide) in paragraph at lines 368--369
\OML/cmm/m/it/10 ^^N$
 []


Overfull \hbox (4.83508pt too wide) in paragraph at lines 368--369
\OML/cmm/m/it/10 ^^X$
 []


Overfull \hbox (5.32408pt too wide) in paragraph at lines 368--369
\OML/cmm/m/it/10 ^^Q$
 []


Overfull \hbox (5.20601pt too wide) in paragraph at lines 368--369
\OML/cmm/m/it/10 v$
 []


Overfull \hbox (17.6129pt too wide) in paragraph at lines 368--369
\OML/cmm/m/it/10 ^^X\OT1/cmr/m/n/10 1 \OMS/cmsy/m/n/10 ^^@
 []


Overfull \hbox (4.8229pt too wide) in paragraph at lines 368--369
\OML/cmm/m/it/10 ^^N$
 []


Overfull \hbox (18.1019pt too wide) in paragraph at lines 368--369
\OML/cmm/m/it/10 ^^Q\OT1/cmr/m/n/10 1 \OMS/cmsy/m/n/10 ^^@
 []


Overfull \hbox (4.8229pt too wide) in paragraph at lines 368--369
\OML/cmm/m/it/10 ^^N$
 []


Overfull \hbox (10.02892pt too wide) in paragraph at lines 368--369
\OML/cmm/m/it/10 v^^N$
 []


Overfull \hbox (9.65799pt too wide) in paragraph at lines 368--369
\OML/cmm/m/it/10 ^^X^^N$
 []


Overfull \hbox (18.1019pt too wide) in paragraph at lines 368--369
\OML/cmm/m/it/10 ^^Q\OT1/cmr/m/n/10 1 \OMS/cmsy/m/n/10 ^^@
 []


Overfull \hbox (4.8229pt too wide) in paragraph at lines 368--369
\OML/cmm/m/it/10 ^^N$
 []


Overfull \hbox (17.6129pt too wide) in paragraph at lines 368--369
\OML/cmm/m/it/10 ^^X\OT1/cmr/m/n/10 1 \OMS/cmsy/m/n/10 ^^@
 []


Overfull \hbox (4.8229pt too wide) in paragraph at lines 368--369
\OML/cmm/m/it/10 ^^N$
 []


Overfull \hbox (10.14699pt too wide) in paragraph at lines 368--369
\OML/cmm/m/it/10 ^^Q^^N$
 []


Overfull \hbox (17.98383pt too wide) in paragraph at lines 368--369
\OML/cmm/m/it/10 v\OT1/cmr/m/n/10 1 \OMS/cmsy/m/n/10 ^^@
 []


Overfull \hbox (4.8229pt too wide) in paragraph at lines 368--369
\OML/cmm/m/it/10 ^^N$
 []


Overfull \hbox (9.65799pt too wide) in paragraph at lines 368--369
\OML/cmm/m/it/10 ^^X^^N$
 []


Overfull \hbox (10.14699pt too wide) in paragraph at lines 368--369
\OML/cmm/m/it/10 ^^Q^^N$
 []


Overfull \hbox (17.98383pt too wide) in paragraph at lines 368--369
\OML/cmm/m/it/10 v\OT1/cmr/m/n/10 1 \OMS/cmsy/m/n/10 ^^@
 []


Overfull \hbox (4.8229pt too wide) in paragraph at lines 368--369
\OML/cmm/m/it/10 ^^N$
 []


Overfull \hbox (6.00235pt too wide) in paragraph at lines 368--369
\OML/cmm/m/it/10 n$
 []


Overfull \hbox (4.66318pt too wide) in paragraph at lines 368--369
\OML/cmm/m/it/10 "$
 []


Overfull \hbox (218.44833pt too wide) in paragraph at lines 368--369
[]\OML/cmm/m/it/10 inal[]eta[]istribution[]$$"$
 []


Overfull \hbox (24.33574pt too wide) in paragraph at lines 368--369
\OT1/cmr/m/n/10 1\OML/cmm/m/it/10 =[]$
 []

Missing character: There is no 。 ("3002) in font cmr10!

Overfull \hbox (141.33607pt too wide) detected at line 371
\OML/cmm/m/it/10 ^^P \OMS/cmsy/m/n/10 ^^Y \OT1/cmr/m/n/10 (1 \OMS/cmsy/m/n/10 ^
^@ \OML/cmm/m/it/10 ^^X^^Q\OT1/cmr/m/n/10 )\OML/cmm/m/it/10 ;  ^^V \OMS/cmsy/m/
n/10 ^^Y \OT1/cmr/m/n/10 1 \OMS/cmsy/m/n/10 ^^@ \OML/cmm/m/it/10 ^^X[];  v \OMS
/cmsy/m/n/10 ^^Y \OT1/cmr/m/n/10 1 \OMS/cmsy/m/n/10 ^^@ \OML/cmm/m/it/10 ^^V[]
 []

Missing character: There is no 或 ("6216) in font nullfont!
Missing character: There is no 者 ("8005) in font nullfont!
Missing character: There is no 当 ("5F53) in font nullfont!
Missing character: There is no 时 ("65F6) in font nullfont!
Missing character: There is no ， ("FF0C) in font nullfont!

Overfull \hbox (18.78008pt too wide) in paragraph at lines 371--373
 $\OML/cmm/m/it/10 n \OMS/cmsy/m/n/10 ^^]
 []


Overfull \hbox (26.88533pt too wide) in paragraph at lines 371--373
\OT1/cmr/m/n/10 1\OML/cmm/m/it/10 ; " \OMS/cmsy/m/n/10 ^^\
 []


Overfull \hbox (5.00002pt too wide) in paragraph at lines 371--373
\OT1/cmr/m/n/10 1$
 []

Missing character: There is no 。 ("3002) in font cmr10!

Overfull \hbox (81.16325pt too wide) detected at line 376
\OML/cmm/m/it/10 v \OMS/cmsy/m/n/10 ^^Y \OT1/cmr/m/n/10 1 \OMS/cmsy/m/n/10 ^^@ 
\OT1/cmr/m/n/10 (2\OML/cmm/m/it/10 ^^X^^Q \OMS/cmsy/m/n/10 ^^@ \OML/cmm/m/it/10
 ^^X[]^^Q[]\OT1/cmr/m/n/10 )[]
 []

Missing character: There is no 现 ("73B0) in font nullfont!
Missing character: There is no 在 ("5728) in font nullfont!
Missing character: There is no 令 ("4EE4) in font nullfont!
Missing character: There is no ， ("FF0C) in font nullfont!
Missing character: There is no 并 ("5E76) in font nullfont!
Missing character: There is no 且 ("4E14) in font nullfont!
! Undefined control sequence.
l.377 ...a,\eta=1-\beta$，并且 $\alpha,\beta\leqslant
                                                  \delta$；这样 $\xi\geqslant1-...
The control sequence at the end of the top line
of your error message was never \def'ed. If you have
misspelled it (e.g., `\hobx'), type `I' and the correct
spelling (e.g., `I\hbox'). Otherwise just continue,
and I'll forget about whatever was undefined.

Missing character: There is no ； ("FF1B) in font nullfont!
Missing character: There is no 这 ("8FD9) in font nullfont!
Missing character: There is no 样 ("6837) in font nullfont!
! Undefined control sequence.
l.377 ...ha,\beta\leqslant\delta$；这样 $\xi\geqslant
                                                  1-\delta,\eta\geqslant1-\d...
The control sequence at the end of the top line
of your error message was never \def'ed. If you have
misspelled it (e.g., `\hobx'), type `I' and the correct
spelling (e.g., `I\hbox'). Otherwise just continue,
and I'll forget about whatever was undefined.

! Undefined control sequence.
l.377 ...a$；这样 $\xi\geqslant1-\delta,\eta\geqslant
                                                  1-\delta$，于是方程\eqref{eq:ch...
The control sequence at the end of the top line
of your error message was never \def'ed. If you have
misspelled it (e.g., `\hobx'), type `I' and the correct
spelling (e.g., `I\hbox'). Otherwise just continue,
and I'll forget about whatever was undefined.

Missing character: There is no ， ("FF0C) in font nullfont!
Missing character: There is no 于 ("4E8E) in font nullfont!
Missing character: There is no 是 ("662F) in font nullfont!
Missing character: There is no 方 ("65B9) in font nullfont!
Missing character: There is no 程 ("7A0B) in font nullfont!
! Undefined control sequence.
l.377 ...-\delta,\eta\geqslant1-\delta$，于是方程\eqref
                                                  {eq:ch18_ideal_v_approx_la...
The control sequence at the end of the top line
of your error message was never \def'ed. If you have
misspelled it (e.g., `\hobx'), type `I' and the correct
spelling (e.g., `I\hbox'). Otherwise just continue,
and I'll forget about whatever was undefined.

Missing character: There is no e ("65) in font nullfont!
Missing character: There is no q ("71) in font nullfont!
Missing character: There is no : ("3A) in font nullfont!
Missing character: There is no c ("63) in font nullfont!
Missing character: There is no h ("68) in font nullfont!
Missing character: There is no 1 ("31) in font nullfont!
Missing character: There is no 8 ("38) in font nullfont!
! Missing $ inserted.
<inserted text> 
                $
l.377 ...eta\geqslant1-\delta$，于是方程\eqref{eq:ch18_
                                                  ideal_v_approx_large_n}给出
I've inserted a begin-math/end-math symbol since I think
you left one out. Proceed, with fingers crossed.

! Double subscript.
l.377 ...lant1-\delta$，于是方程\eqref{eq:ch18_ideal_v_
                                                  approx_large_n}给出
I treat `x_1_2' essentially like `x_1{}_2'.

! Extra }, or forgotten $.
l.377 ...是方程\eqref{eq:ch18_ideal_v_approx_large_n}
                                                  给出
I've deleted a group-closing symbol because it seems to be
spurious, as in `$x}$'. But perhaps the } is legitimate and
you forgot something else, as in `\hbox{$x}'. In such cases
the way to recover is to insert both the forgotten and the
deleted material, e.g., by typing `I$}'.


! LaTeX Error: Bad math environment delimiter.

See the LaTeX manual or LaTeX Companion for explanation.
Type  H <return>  for immediate help.
 ...                                              
                                                  
l.378 \[
        
Your command was ignored.
Type  I <command> <return>  to replace it with another command,
or  <return>  to continue without it.


! LaTeX Error: Bad math environment delimiter.

See the LaTeX manual or LaTeX Companion for explanation.
Type  H <return>  for immediate help.
 ...                                              
                                                  
l.380 \]
        
Your command was ignored.
Type  I <command> <return>  to replace it with another command,
or  <return>  to continue without it.

Missing character: There is no 给 ("7ED9) in font cmr10!
Missing character: There is no 出 ("51FA) in font cmr10!
Missing character: There is no 。 ("3002) in font cmr10!
Missing character: There is no 因 ("56E0) in font cmr10!
Missing character: There is no 此 ("6B64) in font cmr10!
Missing character: There is no v ("76) in font nullfont!
Missing character: There is no = ("3D) in font nullfont!
Missing character: There is no O ("4F) in font nullfont!
Missing character: There is no ( ("28) in font nullfont!
! Missing $ inserted.
<inserted text> 
                $
l.381 因此 $v=O(\delta
                    ^2)$\footnote{$O(\delta^2)$ 表示一个与 $\delta^2$ 同数量级的变量。}。与...
I've inserted a begin-math/end-math symbol since I think
you left one out. Proceed, with fingers crossed.

! Undefined control sequence.
\@footnotetext ...tins {\reset@font \footnotesize 
                                                  \interlinepenalty \interfo...
l.381 ...{$O(\delta^2)$ 表示一个与 $\delta^2$ 同数量级的变量。}
                                                  。与此类似，如果 $\xi\leqslant\del...
The control sequence at the end of the top line
of your error message was never \def'ed. If you have
misspelled it (e.g., `\hobx'), type `I' and the correct
spelling (e.g., `I\hbox'). Otherwise just continue,
and I'll forget about whatever was undefined.

! Undefined control sequence.
\@footnotetext ...}\color@begingroup \@makefntext 
                                                  {\rule \z@ \footnotesep \i...
l.381 ...{$O(\delta^2)$ 表示一个与 $\delta^2$ 同数量级的变量。}
                                                  。与此类似，如果 $\xi\leqslant\del...
The control sequence at the end of the top line
of your error message was never \def'ed. If you have
misspelled it (e.g., `\hobx'), type `I' and the correct
spelling (e.g., `I\hbox'). Otherwise just continue,
and I'll forget about whatever was undefined.

Missing character: There is no 表 (U+8868) in font [lmroman10-regular]:mapping=t
ex-text;!
Missing character: There is no 示 (U+793A) in font [lmroman10-regular]:mapping=t
ex-text;!
Missing character: There is no 一 (U+4E00) in font [lmroman10-regular]:mapping=t
ex-text;!
Missing character: There is no 个 (U+4E2A) in font [lmroman10-regular]:mapping=t
ex-text;!
Missing character: There is no 与 (U+4E0E) in font [lmroman10-regular]:mapping=t
ex-text;!
Missing character: There is no 同 (U+540C) in font [lmroman10-regular]:mapping=t
ex-text;!
Missing character: There is no 数 (U+6570) in font [lmroman10-regular]:mapping=t
ex-text;!
Missing character: There is no 量 (U+91CF) in font [lmroman10-regular]:mapping=t
ex-text;!
Missing character: There is no 级 (U+7EA7) in font [lmroman10-regular]:mapping=t
ex-text;!
Missing character: There is no 的 (U+7684) in font [lmroman10-regular]:mapping=t
ex-text;!
Missing character: There is no 变 (U+53D8) in font [lmroman10-regular]:mapping=t
ex-text;!
Missing character: There is no 量 (U+91CF) in font [lmroman10-regular]:mapping=t
ex-text;!
Missing character: There is no 。 (U+3002) in font [lmroman10-regular]:mapping=t
ex-text;!

Overfull \hbox (24.99239pt too wide) in paragraph at lines 381--381
[][]$\OML/cmm/m/it/10 O\OT1/cmr/m/n/10 (\OML/cmm/m/it/10 ^^N[]\OT1/cmr/m/n/10 )
$
 []


Overfull \hbox (14.0pt too wide) in paragraph at lines 381--381
\TU/lmr/m/n/10 表示一个与
 []


Overfull \hbox (9.30904pt too wide) in paragraph at lines 381--381
\OML/cmm/m/it/10 ^^N[]$
 []


Overfull \hbox (22.4pt too wide) in paragraph at lines 381--381
\TU/lmr/m/n/10 同数量级的变量。| 
 []

Missing character: There is no 。 ("3002) in font nullfont!
Missing character: There is no 与 ("4E0E) in font nullfont!
Missing character: There is no 此 ("6B64) in font nullfont!
Missing character: There is no 类 ("7C7B) in font nullfont!
Missing character: There is no 似 ("4F3C) in font nullfont!
Missing character: There is no ， ("FF0C) in font nullfont!
Missing character: There is no 如 ("5982) in font nullfont!
Missing character: There is no 果 ("679C) in font nullfont!
! Undefined control sequence.
l.381 ...\delta^2$ 同数量级的变量。}。与此类似，如果 $\xi\leqslant
                                                  \delta$，而 $\eta\geqslant1-...
The control sequence at the end of the top line
of your error message was never \def'ed. If you have
misspelled it (e.g., `\hobx'), type `I' and the correct
spelling (e.g., `I\hbox'). Otherwise just continue,
and I'll forget about whatever was undefined.

Missing character: There is no ， ("FF0C) in font nullfont!
Missing character: There is no 而 ("800C) in font nullfont!
! Undefined control sequence.
l.381 ...，如果 $\xi\leqslant\delta$，而 $\eta\geqslant
                                                  1-\delta$，或者 $\xi\geqslant...
The control sequence at the end of the top line
of your error message was never \def'ed. If you have
misspelled it (e.g., `\hobx'), type `I' and the correct
spelling (e.g., `I\hbox'). Otherwise just continue,
and I'll forget about whatever was undefined.

Missing character: There is no ， ("FF0C) in font nullfont!
Missing character: There is no 或 ("6216) in font nullfont!
Missing character: There is no 者 ("8005) in font nullfont!
! Undefined control sequence.
l.381 ... $\eta\geqslant1-\delta$，或者 $\xi\geqslant
                                                  1-\delta,\eta\leqslant\del...
The control sequence at the end of the top line
of your error message was never \def'ed. If you have
misspelled it (e.g., `\hobx'), type `I' and the correct
spelling (e.g., `I\hbox'). Otherwise just continue,
and I'll forget about whatever was undefined.

! Undefined control sequence.
l.381 ...a$，或者 $\xi\geqslant1-\delta,\eta\leqslant
                                                  \delta$，方程\eqref{eq:ch18_i...
The control sequence at the end of the top line
of your error message was never \def'ed. If you have
misspelled it (e.g., `\hobx'), type `I' and the correct
spelling (e.g., `I\hbox'). Otherwise just continue,
and I'll forget about whatever was undefined.

Missing character: There is no ， ("FF0C) in font nullfont!
Missing character: There is no 方 ("65B9) in font nullfont!
Missing character: There is no 程 ("7A0B) in font nullfont!
! Undefined control sequence.
l.381 ...ant1-\delta,\eta\leqslant\delta$，方程\eqref
                                                  {eq:ch18_ideal_v_approx_la...
The control sequence at the end of the top line
of your error message was never \def'ed. If you have
misspelled it (e.g., `\hobx'), type `I' and the correct
spelling (e.g., `I\hbox'). Otherwise just continue,
and I'll forget about whatever was undefined.

Missing character: There is no e ("65) in font nullfont!
Missing character: There is no q ("71) in font nullfont!
Missing character: There is no : ("3A) in font nullfont!
Missing character: There is no c ("63) in font nullfont!
Missing character: There is no h ("68) in font nullfont!
Missing character: There is no 1 ("31) in font nullfont!
Missing character: There is no 8 ("38) in font nullfont!
! Missing $ inserted.
<inserted text> 
                $
l.381 ...ta,\eta\leqslant\delta$，方程\eqref{eq:ch18_
                                                  ideal_v_approx_large_n}给出 ...
I've inserted a begin-math/end-math symbol since I think
you left one out. Proceed, with fingers crossed.

! Double subscript.
l.381 ...leqslant\delta$，方程\eqref{eq:ch18_ideal_v_
                                                  approx_large_n}给出 $v=1-O(\...
I treat `x_1_2' essentially like `x_1{}_2'.

! Extra }, or forgotten $.
l.381 ...，方程\eqref{eq:ch18_ideal_v_approx_large_n}
                                                  给出 $v=1-O(\delta^2)$。更进一步，...
I've deleted a group-closing symbol because it seems to be
spurious, as in `$x}$'. But perhaps the } is legitimate and
you forgot something else, as in `\hbox{$x}'. In such cases
the way to recover is to insert both the forgotten and the
deleted material, e.g., by typing `I$}'.

Missing character: There is no 给 ("7ED9) in font cmr10!
Missing character: There is no 出 ("51FA) in font cmr10!
Missing character: There is no v ("76) in font nullfont!
Missing character: There is no = ("3D) in font nullfont!
Missing character: There is no 1 ("31) in font nullfont!
Missing character: There is no - ("2D) in font nullfont!
Missing character: There is no O ("4F) in font nullfont!
Missing character: There is no ( ("28) in font nullfont!
! Missing $ inserted.
<inserted text> 
                $
l.381 ...8_ideal_v_approx_large_n}给出 $v=1-O(\delta
                                                  ^2)$。更进一步，如果 $\xi\leqslant...
I've inserted a begin-math/end-math symbol since I think
you left one out. Proceed, with fingers crossed.

Missing character: There is no 。 ("3002) in font nullfont!
Missing character: There is no 更 ("66F4) in font nullfont!
Missing character: There is no 进 ("8FDB) in font nullfont!
Missing character: There is no 一 ("4E00) in font nullfont!
Missing character: There is no 步 ("6B65) in font nullfont!
Missing character: There is no ， ("FF0C) in font nullfont!
Missing character: There is no 如 ("5982) in font nullfont!
Missing character: There is no 果 ("679C) in font nullfont!
! Undefined control sequence.
l.381 ...出 $v=1-O(\delta^2)$。更进一步，如果 $\xi\leqslant
                                                  \delta,\eta\leqslant\delta...
The control sequence at the end of the top line
of your error message was never \def'ed. If you have
misspelled it (e.g., `\hobx'), type `I' and the correct
spelling (e.g., `I\hbox'). Otherwise just continue,
and I'll forget about whatever was undefined.

! Undefined control sequence.
l.381 ...更进一步，如果 $\xi\leqslant\delta,\eta\leqslant
                                                  \delta$ 方程也给出 $v=1-O(\delt...
The control sequence at the end of the top line
of your error message was never \def'ed. If you have
misspelled it (e.g., `\hobx'), type `I' and the correct
spelling (e.g., `I\hbox'). Otherwise just continue,
and I'll forget about whatever was undefined.

Missing character: There is no 方 ("65B9) in font nullfont!
Missing character: There is no 程 ("7A0B) in font nullfont!
Missing character: There is no 也 ("4E5F) in font nullfont!
Missing character: There is no 给 ("7ED9) in font nullfont!
Missing character: There is no 出 ("51FA) in font nullfont!
Missing character: There is no 。 ("3002) in font nullfont!
Missing character: There is no 所 ("6240) in font nullfont!
Missing character: There is no 以 ("4EE5) in font nullfont!
Missing character: There is no ， ("FF0C) in font nullfont!
Missing character: There is no 只 ("53EA) in font nullfont!
Missing character: There is no 要 ("8981) in font nullfont!
Missing character: There is no 和 ("548C) in font nullfont!
Missing character: There is no 很 ("5F88) in font nullfont!
Missing character: There is no 小 ("5C0F) in font nullfont!
Missing character: There is no ， ("FF0C) in font nullfont!
Missing character: There is no 当 ("5F53) in font nullfont!
Missing character: There is no 时 ("65F6) in font nullfont!
Missing character: There is no ， ("FF0C) in font nullfont!
Missing character: There is no 由 ("7531) in font nullfont!
Missing character: There is no 谢 ("8C22) in font nullfont!
Missing character: There is no 弗 ("5F17) in font nullfont!
Missing character: There is no 元 ("5143) in font nullfont!
Missing character: There is no 件 ("4EF6) in font nullfont!
Missing character: There is no 按 ("6309) in font nullfont!
Missing character: There is no 复 ("590D) in font nullfont!
Missing character: There is no 合 ("5408) in font nullfont!
Missing character: There is no 法 ("6CD5) in font nullfont!
Missing character: There is no 组 ("7EC4) in font nullfont!
Missing character: There is no 成 ("6210) in font nullfont!
Missing character: There is no 的 ("7684) in font nullfont!
Missing character: There is no 系 ("7CFB) in font nullfont!
Missing character: There is no 统 ("7EDF) in font nullfont!
Missing character: There is no 就 ("5C31) in font nullfont!
Missing character: There is no 能 ("80FD) in font nullfont!
Missing character: There is no 真 ("771F) in font nullfont!
Missing character: There is no 正 ("6B63) in font nullfont!
Missing character: There is no 得 ("5F97) in font nullfont!
Missing character: There is no 到 ("5230) in font nullfont!
Missing character: There is no 极 ("6781) in font nullfont!
Missing character: There is no 为 ("4E3A) in font nullfont!
Missing character: There is no 可 ("53EF) in font nullfont!
Missing character: There is no 靠 ("9760) in font nullfont!
Missing character: There is no 的 ("7684) in font nullfont!
Missing character: There is no 性 ("6027) in font nullfont!
Missing character: There is no 质 ("8D28) in font nullfont!
Missing character: There is no 。 ("3002) in font nullfont!

Overfull \hbox (15.3906pt too wide) in paragraph at lines 376--382
 $\OML/cmm/m/it/10 ^^X \OT1/cmr/m/n/10 =
 []


Overfull \hbox (12.77782pt too wide) in paragraph at lines 376--382
\OT1/cmr/m/n/10 1 \OMS/cmsy/m/n/10 ^^@
 []


Overfull \hbox (26.75804pt too wide) in paragraph at lines 376--382
\OML/cmm/m/it/10 ^^K; ^^Q \OT1/cmr/m/n/10 =
 []


Overfull \hbox (12.77782pt too wide) in paragraph at lines 376--382
\OT1/cmr/m/n/10 1 \OMS/cmsy/m/n/10 ^^@
 []


Overfull \hbox (6.18402pt too wide) in paragraph at lines 376--382
\OML/cmm/m/it/10 ^^L$
 []


Overfull \hbox (21.88538pt too wide) in paragraph at lines 376--382
\OML/cmm/m/it/10 ^^K; ^^L^^N$
 []


Overfull \hbox (17.6129pt too wide) in paragraph at lines 376--382
\OML/cmm/m/it/10 ^^X\OT1/cmr/m/n/10 1 \OMS/cmsy/m/n/10 ^^@
 []


Overfull \hbox (26.81366pt too wide) in paragraph at lines 376--382
\OML/cmm/m/it/10 ^^N; ^^Q\OT1/cmr/m/n/10 1 \OMS/cmsy/m/n/10 ^^@
 []


Overfull \hbox (105.4205pt too wide) in paragraph at lines 376--382
\OML/cmm/m/it/10 ^^N$$[]deal[][]pprox[]arge[]v \OMS/cmsy/m/n/10 ^^Y
 []


Overfull \hbox (27.58688pt too wide) in paragraph at lines 376--382
\OT1/cmr/m/n/10 2(\OML/cmm/m/it/10 ^^K[] \OT1/cmr/m/n/10 +
 []


Overfull \hbox (22.33685pt too wide) in paragraph at lines 376--382
\OML/cmm/m/it/10 ^^L[]\OT1/cmr/m/n/10 ) +
 []


Overfull \hbox (31.01418pt too wide) in paragraph at lines 376--382
[] $$\OML/cmm/m/it/10 ^^N[]\OT1/cmr/m/n/10 )$[]
 []


Overfull \hbox (9.65799pt too wide) in paragraph at lines 376--382
\OML/cmm/m/it/10 ^^X^^N$
 []


Overfull \hbox (18.1019pt too wide) in paragraph at lines 376--382
\OML/cmm/m/it/10 ^^Q\OT1/cmr/m/n/10 1 \OMS/cmsy/m/n/10 ^^@
 []


Overfull \hbox (4.8229pt too wide) in paragraph at lines 376--382
\OML/cmm/m/it/10 ^^N$
 []


Overfull \hbox (17.6129pt too wide) in paragraph at lines 376--382
\OML/cmm/m/it/10 ^^X\OT1/cmr/m/n/10 1 \OMS/cmsy/m/n/10 ^^@
 []


Overfull \hbox (116.89276pt too wide) in paragraph at lines 376--382
\OML/cmm/m/it/10 ^^N; ^^Q^^N$$[]deal[][]pprox[]arge[]$$^^N[]\OT1/cmr/m/n/10 )$
 []


Overfull \hbox (23.69383pt too wide) in paragraph at lines 376--382
\OML/cmm/m/it/10 ^^X^^N; ^^Q^^N$
 []


Overfull \hbox (15.76152pt too wide) in paragraph at lines 376--382
\OML/cmm/m/it/10 v \OT1/cmr/m/n/10 =
 []


Overfull \hbox (12.77782pt too wide) in paragraph at lines 376--382
\OT1/cmr/m/n/10 1 \OMS/cmsy/m/n/10 ^^@
 []


Overfull \hbox (24.99239pt too wide) in paragraph at lines 376--382
\OML/cmm/m/it/10 O\OT1/cmr/m/n/10 (\OML/cmm/m/it/10 ^^N[]\OT1/cmr/m/n/10 )$
 []


Overfull \hbox (4.66318pt too wide) in paragraph at lines 376--382
\OML/cmm/m/it/10 "$
 []


Overfull \hbox (4.8229pt too wide) in paragraph at lines 376--382
\OML/cmm/m/it/10 ^^N$
 []


Overfull \hbox (18.78008pt too wide) in paragraph at lines 376--382
\OML/cmm/m/it/10 n \OMS/cmsy/m/n/10 !
 []


Overfull \hbox (10.00002pt too wide) in paragraph at lines 376--382
\OMS/cmsy/m/n/10 1$
 []


! LaTeX Error: Missing \begin{document}.

See the LaTeX manual or LaTeX Companion for explanation.
Type  H <return>  for immediate help.
 ...                                              
                                                  
l.383 当
        $n$ 很大但并不是无穷大时，因为要计算方程\eqref{eq:ch18_full_system_v_joint_dist}中的积分值，...

You're in trouble here.  Try typing  <return>  to proceed.
If that doesn't work, type  X <return>  to quit.

Missing character: There is no 当 ("5F53) in font nullfont!
Missing character: There is no 很 ("5F88) in font nullfont!
Missing character: There is no 大 ("5927) in font nullfont!
Missing character: There is no 但 ("4F46) in font nullfont!
Missing character: There is no 并 ("5E76) in font nullfont!
Missing character: There is no 不 ("4E0D) in font nullfont!
Missing character: There is no 是 ("662F) in font nullfont!
Missing character: There is no 无 ("65E0) in font nullfont!
Missing character: There is no 穷 ("7A77) in font nullfont!
Missing character: There is no 大 ("5927) in font nullfont!
Missing character: There is no 时 ("65F6) in font nullfont!
Missing character: There is no ， ("FF0C) in font nullfont!
Missing character: There is no 因 ("56E0) in font nullfont!
Missing character: There is no 为 ("4E3A) in font nullfont!
Missing character: There is no 要 ("8981) in font nullfont!
Missing character: There is no 计 ("8BA1) in font nullfont!
Missing character: There is no 算 ("7B97) in font nullfont!
Missing character: There is no 方 ("65B9) in font nullfont!
Missing character: There is no 程 ("7A0B) in font nullfont!
! Undefined control sequence.
l.383 当 $n$ 很大但并不是无穷大时，因为要计算方程\eqref
                                    {eq:ch18_full_system_v_joint_dist}中的积分值，...
The control sequence at the end of the top line
of your error message was never \def'ed. If you have
misspelled it (e.g., `\hobx'), type `I' and the correct
spelling (e.g., `I\hbox'). Otherwise just continue,
and I'll forget about whatever was undefined.

Missing character: There is no e ("65) in font nullfont!
Missing character: There is no q ("71) in font nullfont!
Missing character: There is no : ("3A) in font nullfont!
Missing character: There is no c ("63) in font nullfont!
Missing character: There is no h ("68) in font nullfont!
Missing character: There is no 1 ("31) in font nullfont!
Missing character: There is no 8 ("38) in font nullfont!
! Missing $ inserted.
<inserted text> 
                $
l.383 当 $n$ 很大但并不是无穷大时，因为要计算方程\eqref{eq:ch18_
                                             full_system_v_joint_dist}中的积分值，...
I've inserted a begin-math/end-math symbol since I think
you left one out. Proceed, with fingers crossed.

! Double subscript.
l.383 ...无穷大时，因为要计算方程\eqref{eq:ch18_full_system_v_
                                                  joint_dist}中的积分值，计算起来就非常麻烦...
I treat `x_1_2' essentially like `x_1{}_2'.

! Extra }, or forgotten $.
l.383 ...程\eqref{eq:ch18_full_system_v_joint_dist}
                                                  中的积分值，计算起来就非常麻烦。虽然积分的渐近值可以...
I've deleted a group-closing symbol because it seems to be
spurious, as in `$x}$'. But perhaps the } is legitimate and
you forgot something else, as in `\hbox{$x}'. In such cases
the way to recover is to insert both the forgotten and the
deleted material, e.g., by typing `I$}'.

Missing character: There is no 中 ("4E2D) in font cmr10!
Missing character: There is no 的 ("7684) in font cmr10!
Missing character: There is no 积 ("79EF) in font cmr10!
Missing character: There is no 分 ("5206) in font cmr10!
Missing character: There is no 值 ("503C) in font cmr10!
Missing character: There is no ， ("FF0C) in font cmr10!
Missing character: There is no 计 ("8BA1) in font cmr10!
Missing character: There is no 算 ("7B97) in font cmr10!
Missing character: There is no 起 ("8D77) in font cmr10!
Missing character: There is no 来 ("6765) in font cmr10!
Missing character: There is no 就 ("5C31) in font cmr10!
Missing character: There is no 非 ("975E) in font cmr10!
Missing character: There is no 常 ("5E38) in font cmr10!
Missing character: There is no 麻 ("9EBB) in font cmr10!
Missing character: There is no 烦 ("70E6) in font cmr10!
Missing character: There is no 。 ("3002) in font cmr10!
Missing character: There is no 虽 ("867D) in font cmr10!
Missing character: There is no 然 ("7136) in font cmr10!
Missing character: There is no 积 ("79EF) in font cmr10!
Missing character: There is no 分 ("5206) in font cmr10!
Missing character: There is no 的 ("7684) in font cmr10!
Missing character: There is no 渐 ("6E10) in font cmr10!
Missing character: There is no 近 ("8FD1) in font cmr10!
Missing character: There is no 值 ("503C) in font cmr10!
Missing character: There is no 可 ("53EF) in font cmr10!
Missing character: There is no 以 ("4EE5) in font cmr10!
Missing character: There is no 用 ("7528) in font cmr10!
Missing character: There is no 古 ("53E4) in font cmr10!
Missing character: There is no 典 ("5178) in font cmr10!
Missing character: There is no 的 ("7684) in font cmr10!
Missing character: There is no 方 ("65B9) in font cmr10!
Missing character: There is no 法 ("6CD5) in font cmr10!
Missing character: There is no 决 ("51B3) in font cmr10!
Missing character: There is no 定 ("5B9A) in font cmr10!
Missing character: There is no ， ("FF0C) in font cmr10!
Missing character: There is no 但 ("4F46) in font cmr10!
Missing character: There is no 是 ("662F) in font cmr10!
Missing character: There is no 在 ("5728) in font cmr10!
Missing character: There is no 这 ("8FD9) in font cmr10!
Missing character: There is no 里 ("91CC) in font cmr10!
Missing character: There is no 我 ("6211) in font cmr10!
Missing character: There is no 们 ("4EEC) in font cmr10!
Missing character: There is no 不 ("4E0D) in font cmr10!
Missing character: There is no 来 ("6765) in font cmr10!
Missing character: There is no 进 ("8FDB) in font cmr10!
Missing character: There is no 行 ("884C) in font cmr10!
Missing character: There is no 这 ("8FD9) in font cmr10!
Missing character: There is no 种 ("79CD) in font cmr10!
Missing character: There is no 计 ("8BA1) in font cmr10!
Missing character: There is no 算 ("7B97) in font cmr10!
Missing character: There is no 了 ("4E86) in font cmr10!
Missing character: There is no 。 ("3002) in font cmr10!
Missing character: There is no 我 ("6211) in font cmr10!
Missing character: There is no 们 ("4EEC) in font cmr10!
Missing character: There is no 将 ("5C06) in font cmr10!
Missing character: There is no 引 ("5F15) in font cmr10!
Missing character: There is no 用 ("7528) in font cmr10!
Missing character: There is no 冯 ("51AF) in font cmr10!
Missing character: There is no · ("B7) in font cmr10!
Missing character: There is no 诺 ("8BFA) in font cmr10!
Missing character: There is no 伊 ("4F0A) in font cmr10!
Missing character: There is no 曼 ("66FC) in font cmr10!
Missing character: There is no 所 ("6240) in font cmr10!
Missing character: There is no 举 ("4E3E) in font cmr10!
Missing character: There is no 出 ("51FA) in font cmr10!
Missing character: There is no 过 ("8FC7) in font cmr10!
Missing character: There is no 的 ("7684) in font cmr10!
Missing character: There is no 一 ("4E00) in font cmr10!
Missing character: There is no 个 ("4E2A) in font cmr10!
Missing character: There is no 例 ("4F8B) in font cmr10!
Missing character: There is no 子 ("5B50) in font cmr10!
Missing character: There is no ： ("FF1A) in font cmr10!
Missing character: There is no 如 ("5982) in font cmr10!
Missing character: There is no 果 ("679C) in font cmr10!
! Missing $ inserted.
<inserted text> 
                $
l.383 ...们不来进行这种计算了。我们将引用冯·诺伊曼所举出过的一个例子：如果 $\delta
                                                  =0.07$，也就是线束中至少有百分之九十三的激发线...
I've inserted a begin-math/end-math symbol since I think
you left one out. Proceed, with fingers crossed.

Missing character: There is no ， ("FF0C) in font nullfont!
Missing character: There is no 也 ("4E5F) in font nullfont!
Missing character: There is no 就 ("5C31) in font nullfont!
Missing character: There is no 是 ("662F) in font nullfont!
Missing character: There is no 线 ("7EBF) in font nullfont!
Missing character: There is no 束 ("675F) in font nullfont!
Missing character: There is no 中 ("4E2D) in font nullfont!
Missing character: There is no 至 ("81F3) in font nullfont!
Missing character: There is no 少 ("5C11) in font nullfont!
Missing character: There is no 有 ("6709) in font nullfont!
Missing character: There is no 百 ("767E) in font nullfont!
Missing character: There is no 分 ("5206) in font nullfont!
Missing character: There is no 之 ("4E4B) in font nullfont!
Missing character: There is no 九 ("4E5D) in font nullfont!
Missing character: There is no 十 ("5341) in font nullfont!
Missing character: There is no 三 ("4E09) in font nullfont!
Missing character: There is no 的 ("7684) in font nullfont!
Missing character: There is no 激 ("6FC0) in font nullfont!
Missing character: There is no 发 ("53D1) in font nullfont!
Missing character: There is no 线 ("7EBF) in font nullfont!
Missing character: There is no 就 ("5C31) in font nullfont!
Missing character: There is no 表 ("8868) in font nullfont!
Missing character: There is no 示 ("793A) in font nullfont!
Missing character: There is no 一 ("4E00) in font nullfont!
Missing character: There is no 个 ("4E2A) in font nullfont!
Missing character: There is no “ ("201C) in font nullfont!
Missing character: There is no 正 ("6B63) in font nullfont!
Missing character: There is no ” ("201D) in font nullfont!
Missing character: There is no 的 ("7684) in font nullfont!
Missing character: There is no 信 ("4FE1) in font nullfont!
Missing character: There is no 息 ("606F) in font nullfont!
Missing character: There is no ； ("FF1B) in font nullfont!
Missing character: There is no 至 ("81F3) in font nullfont!
Missing character: There is no 多 ("591A) in font nullfont!
Missing character: There is no 有 ("6709) in font nullfont!
Missing character: There is no 百 ("767E) in font nullfont!
Missing character: There is no 分 ("5206) in font nullfont!
Missing character: There is no 之 ("4E4B) in font nullfont!
Missing character: There is no 七 ("4E03) in font nullfont!
Missing character: There is no 的 ("7684) in font nullfont!
Missing character: There is no 激 ("6FC0) in font nullfont!
Missing character: There is no 发 ("53D1) in font nullfont!
Missing character: There is no 线 ("7EBF) in font nullfont!
Missing character: There is no 就 ("5C31) in font nullfont!
Missing character: There is no 表 ("8868) in font nullfont!
Missing character: There is no 示 ("793A) in font nullfont!
Missing character: There is no 一 ("4E00) in font nullfont!
Missing character: There is no 个 ("4E2A) in font nullfont!
Missing character: There is no “ ("201C) in font nullfont!
Missing character: There is no 负 ("8D1F) in font nullfont!
Missing character: There is no ” ("201D) in font nullfont!
Missing character: There is no 的 ("7684) in font nullfont!
Missing character: There is no 信 ("4FE1) in font nullfont!
Missing character: There is no 息 ("606F) in font nullfont!
Missing character: There is no 。 ("3002) in font nullfont!
Missing character: There is no 这 ("8FD9) in font nullfont!
Missing character: There is no 时 ("65F6) in font nullfont!
Missing character: There is no ， ("FF0C) in font nullfont!
Missing character: There is no 他 ("4ED6) in font nullfont!
Missing character: There is no 发 ("53D1) in font nullfont!
Missing character: There is no 现 ("73B0) in font nullfont!
Missing character: There is no ， ("FF0C) in font nullfont!
Missing character: There is no 为 ("4E3A) in font nullfont!
Missing character: There is no 了 ("4E86) in font nullfont!
Missing character: There is no 控 ("63A7) in font nullfont!
Missing character: There is no 制 ("5236) in font nullfont!
Missing character: There is no 误 ("8BEF) in font nullfont!
Missing character: There is no 差 ("5DEE) in font nullfont!
Missing character: There is no ， ("FF0C) in font nullfont!
Missing character: There is no 每 ("6BCF) in font nullfont!
Missing character: There is no 一 ("4E00) in font nullfont!
Missing character: There is no 个 ("4E2A) in font nullfont!
Missing character: There is no 谢 ("8C22) in font nullfont!
Missing character: There is no 弗 ("5F17) in font nullfont!
Missing character: There is no 元 ("5143) in font nullfont!
Missing character: There is no 件 ("4EF6) in font nullfont!
Missing character: There is no 失 ("5931) in font nullfont!
Missing character: There is no 灵 ("7075) in font nullfont!
Missing character: There is no 的 ("7684) in font nullfont!
Missing character: There is no 概 ("6982) in font nullfont!
Missing character: There is no 率 ("7387) in font nullfont!
Missing character: There is no 必 ("5FC5) in font nullfont!
Missing character: There is no 须 ("987B) in font nullfont!
Missing character: There is no 比 ("6BD4) in font nullfont!
Missing character: There is no 小 ("5C0F) in font nullfont!
Missing character: There is no 。 ("3002) in font nullfont!
Missing character: There is no 如 ("5982) in font nullfont!
Missing character: There is no 果 ("679C) in font nullfont!
! Undefined control sequence.
l.383 ...$ 必须比 $0.0107$ 小。如果 $\varepsilon\geqslant
                                                  0.0107$，整个系统失灵的概率不可能由于 $n$...
The control sequence at the end of the top line
of your error message was never \def'ed. If you have
misspelled it (e.g., `\hobx'), type `I' and the correct
spelling (e.g., `I\hbox'). Otherwise just continue,
and I'll forget about whatever was undefined.

Missing character: There is no ， ("FF0C) in font nullfont!
Missing character: There is no 整 ("6574) in font nullfont!
Missing character: There is no 个 ("4E2A) in font nullfont!
Missing character: There is no 系 ("7CFB) in font nullfont!
Missing character: There is no 统 ("7EDF) in font nullfont!
Missing character: There is no 失 ("5931) in font nullfont!
Missing character: There is no 灵 ("7075) in font nullfont!
Missing character: There is no 的 ("7684) in font nullfont!
Missing character: There is no 概 ("6982) in font nullfont!
Missing character: There is no 率 ("7387) in font nullfont!
Missing character: There is no 不 ("4E0D) in font nullfont!
Missing character: There is no 可 ("53EF) in font nullfont!
Missing character: There is no 能 ("80FD) in font nullfont!
Missing character: There is no 由 ("7531) in font nullfont!
Missing character: There is no 于 ("4E8E) in font nullfont!
Missing character: There is no 的 ("7684) in font nullfont!
Missing character: There is no 增 ("589E) in font nullfont!
Missing character: There is no 加 ("52A0) in font nullfont!
Missing character: There is no 而 ("800C) in font nullfont!
Missing character: There is no 变 ("53D8) in font nullfont!
Missing character: There is no 得 ("5F97) in font nullfont!
Missing character: There is no 任 ("4EFB) in font nullfont!
Missing character: There is no 意 ("610F) in font nullfont!
Missing character: There is no 小 ("5C0F) in font nullfont!
Missing character: There is no ， ("FF0C) in font nullfont!
Missing character: There is no 对 ("5BF9) in font nullfont!
Missing character: There is no 于 ("4E8E) in font nullfont!
Missing character: There is no ， ("FF0C) in font nullfont!
Missing character: There is no 或 ("6216) in font nullfont!
Missing character: There is no 者 ("8005) in font nullfont!
Missing character: There is no 说 ("8BF4) in font nullfont!
Missing character: There is no 失 ("5931) in font nullfont!
Missing character: There is no 效 ("6548) in font nullfont!
Missing character: There is no 的 ("7684) in font nullfont!
Missing character: There is no 机 ("673A) in font nullfont!
Missing character: There is no 会 ("4F1A) in font nullfont!
Missing character: There is no 是 ("662F) in font nullfont!
Missing character: There is no 的 ("7684) in font nullfont!
Missing character: There is no 情 ("60C5) in font nullfont!
Missing character: There is no 形 ("5F62) in font nullfont!
Missing character: There is no ， ("FF0C) in font nullfont!
Missing character: There is no 冯 ("51AF) in font nullfont!
Missing character: There is no · ("B7) in font nullfont!
Missing character: There is no 诺 ("8BFA) in font nullfont!
Missing character: There is no 伊 ("4F0A) in font nullfont!
Missing character: There is no 曼 ("66FC) in font nullfont!
Missing character: There is no 给 ("7ED9) in font nullfont!
Missing character: There is no 出 ("51FA) in font nullfont!
Missing character: There is no 了 ("4E86) in font nullfont!
Missing character: There is no 表 ("8868) in font nullfont!
! Undefined control sequence.
<write> ...eference `table_18_1' on page \thepage 
                                                  \space undefined\on@line .^^J
l.383 ...机会是 $0.5\%$ 的情形，冯·诺伊曼给出了表\ref{table_18_1}
                                                  的数值结果。从这个表里可以看到，甚至于线束包含了 $...
The control sequence at the end of the top line
of your error message was never \def'ed. If you have
misspelled it (e.g., `\hobx'), type `I' and the correct
spelling (e.g., `I\hbox'). Otherwise just continue,
and I'll forget about whatever was undefined.


LaTeX Warning: Reference `table_18_1' on page  undefined on input line 383.

Missing character: There is no 的 ("7684) in font nullfont!
Missing character: There is no 数 ("6570) in font nullfont!
Missing character: There is no 值 ("503C) in font nullfont!
Missing character: There is no 结 ("7ED3) in font nullfont!
Missing character: There is no 果 ("679C) in font nullfont!
Missing character: There is no 。 ("3002) in font nullfont!
Missing character: There is no 从 ("4ECE) in font nullfont!
Missing character: There is no 这 ("8FD9) in font nullfont!
Missing character: There is no 个 ("4E2A) in font nullfont!
Missing character: There is no 表 ("8868) in font nullfont!
Missing character: There is no 里 ("91CC) in font nullfont!
Missing character: There is no 可 ("53EF) in font nullfont!
Missing character: There is no 以 ("4EE5) in font nullfont!
Missing character: There is no 看 ("770B) in font nullfont!
Missing character: There is no 到 ("5230) in font nullfont!
Missing character: There is no ， ("FF0C) in font nullfont!
Missing character: There is no 甚 ("751A) in font nullfont!
Missing character: There is no 至 ("81F3) in font nullfont!
Missing character: There is no 于 ("4E8E) in font nullfont!
Missing character: There is no 线 ("7EBF) in font nullfont!
Missing character: There is no 束 ("675F) in font nullfont!
Missing character: There is no 包 ("5305) in font nullfont!
Missing character: There is no 含 ("542B) in font nullfont!
Missing character: There is no 了 ("4E86) in font nullfont!
Missing character: There is no 根 ("6839) in font nullfont!
Missing character: There is no 线 ("7EBF) in font nullfont!
Missing character: There is no ， ("FF0C) in font nullfont!
Missing character: There is no 可 ("53EF) in font nullfont!
Missing character: There is no 靠 ("9760) in font nullfont!
Missing character: There is no 的 ("7684) in font nullfont!
Missing character: There is no 性 ("6027) in font nullfont!
Missing character: There is no 能 ("80FD) in font nullfont!
Missing character: There is no 仍 ("4ECD) in font nullfont!
Missing character: There is no 然 ("7136) in font nullfont!
Missing character: There is no 非 ("975E) in font nullfont!
Missing character: There is no 常 ("5E38) in font nullfont!
Missing character: There is no 差 ("5DEE) in font nullfont!
Missing character: There is no 。 ("3002) in font nullfont!
Missing character: There is no 实 ("5B9E) in font nullfont!
Missing character: There is no 际 ("9645) in font nullfont!
Missing character: There is no 上 ("4E0A) in font nullfont!
Missing character: There is no ， ("FF0C) in font nullfont!
Missing character: There is no 它 ("5B83) in font nullfont!
Missing character: There is no 比 ("6BD4) in font nullfont!
Missing character: There is no 原 ("539F) in font nullfont!
Missing character: There is no 来 ("6765) in font nullfont!
Missing character: There is no 的 ("7684) in font nullfont!
Missing character: There is no 还 ("8FD8) in font nullfont!
Missing character: There is no 要 ("8981) in font nullfont!
Missing character: There is no 差 ("5DEE) in font nullfont!
Missing character: There is no ， ("FF0C) in font nullfont!
Missing character: There is no 但 ("4F46) in font nullfont!
Missing character: There is no 是 ("662F) in font nullfont!
Missing character: There is no 把 ("628A) in font nullfont!
Missing character: There is no 再 ("518D) in font nullfont!
Missing character: There is no 增 ("589E) in font nullfont!
Missing character: There is no 加 ("52A0) in font nullfont!
Missing character: There is no 倍 ("500D) in font nullfont!
Missing character: There is no 以 ("4EE5) in font nullfont!
Missing character: There is no 后 ("540E) in font nullfont!
Missing character: There is no ， ("FF0C) in font nullfont!
Missing character: There is no 就 ("5C31) in font nullfont!
Missing character: There is no 可 ("53EF) in font nullfont!
Missing character: There is no 以 ("4EE5) in font nullfont!
Missing character: There is no 得 ("5F97) in font nullfont!
Missing character: There is no 出 ("51FA) in font nullfont!
Missing character: There is no 极 ("6781) in font nullfont!
Missing character: There is no 为 ("4E3A) in font nullfont!
Missing character: There is no 可 ("53EF) in font nullfont!
Missing character: There is no 靠 ("9760) in font nullfont!
Missing character: There is no 的 ("7684) in font nullfont!
Missing character: There is no 性 ("6027) in font nullfont!
Missing character: There is no 能 ("80FD) in font nullfont!
Missing character: There is no 。 ("3002) in font nullfont!

Overfull \hbox (20.0pt too wide) in paragraph at lines 383--384
[]
 []


Overfull \hbox (6.00235pt too wide) in paragraph at lines 383--384
\OML/cmm/m/it/10 n$
 []


Overfull \hbox (106.99957pt too wide) in paragraph at lines 383--384
[]\OML/cmm/m/it/10 ull[]ystem[][]oint[]ist$$^^N \OT1/cmr/m/n/10 =
 []


Overfull \hbox (17.77783pt too wide) in paragraph at lines 383--384
\OT1/cmr/m/n/10 0\OML/cmm/m/it/10 :\OT1/cmr/m/n/10 07$
 []


Overfull \hbox (4.66318pt too wide) in paragraph at lines 383--384
\OML/cmm/m/it/10 "$
 []


Overfull \hbox (27.77786pt too wide) in paragraph at lines 383--384
\OT1/cmr/m/n/10 0\OML/cmm/m/it/10 :\OT1/cmr/m/n/10 0107$
 []


Overfull \hbox (32.44104pt too wide) in paragraph at lines 383--384
\OML/cmm/m/it/10 "\OT1/cmr/m/n/10 0\OML/cmm/m/it/10 :\OT1/cmr/m/n/10 0107$
 []


Overfull \hbox (6.00235pt too wide) in paragraph at lines 383--384
\OML/cmm/m/it/10 n$
 []


Overfull \hbox (15.21869pt too wide) in paragraph at lines 383--384
\OML/cmm/m/it/10 " \OT1/cmr/m/n/10 =
 []


Overfull \hbox (22.77785pt too wide) in paragraph at lines 383--384
\OT1/cmr/m/n/10 0\OML/cmm/m/it/10 :\OT1/cmr/m/n/10 005$
 []


Overfull \hbox (21.11118pt too wide) in paragraph at lines 383--384
\OT1/cmr/m/n/10 0\OML/cmm/m/it/10 :\OT1/cmr/m/n/10 5%$
 []


Overfull \hbox (10.86pt too wide) in paragraph at lines 383--384
[]
 []


Overfull \hbox (20.00006pt too wide) in paragraph at lines 383--384
\OT1/cmr/m/n/10 1000$
 []


Overfull \hbox (15.21869pt too wide) in paragraph at lines 383--384
\OML/cmm/m/it/10 " \OT1/cmr/m/n/10 =
 []


Overfull \hbox (13.33337pt too wide) in paragraph at lines 383--384
\OT1/cmr/m/n/10 1%$
 []


Overfull \hbox (6.00235pt too wide) in paragraph at lines 383--384
\OML/cmm/m/it/10 n$
 []


Overfull \hbox (10.00003pt too wide) in paragraph at lines 383--384
\OT1/cmr/m/n/10 25$
 []


! LaTeX Error: Environment table undefined.

See the LaTeX manual or LaTeX Companion for explanation.
Type  H <return>  for immediate help.
 ...                                              
                                                  
l.385 \begin{table}
                   
Your command was ignored.
Type  I <command> <return>  to replace it with another command,
or  <return>  to continue without it.


! LaTeX Error: \caption outside float.

See the LaTeX manual or LaTeX Companion for explanation.
Type  H <return>  for immediate help.
 ...                                              
                                                  
l.387 \caption
              {}
You're in trouble here.  Try typing  <return>  to proceed.
If that doesn't work, type  X <return>  to quit.


! LaTeX Error: Missing \begin{document}.

See the LaTeX manual or LaTeX Companion for explanation.
Type  H <return>  for immediate help.
 ...                                              
                                                  
l.388 \mbox{$\delta=0.07 \epsilon = 0.005$}
                                           \\
You're in trouble here.  Try typing  <return>  to proceed.
If that doesn't work, type  X <return>  to quit.


Overfull \hbox (76.10406pt too wide) in paragraph at lines 388--388
 [][] 
 []


! LaTeX Error: Missing \begin{document}.

See the LaTeX manual or LaTeX Companion for explanation.
Type  H <return>  for immediate help.
 ...                                              
                                                  
l.390 \begin{tabular}
                     {cccc}
You're in trouble here.  Try typing  <return>  to proceed.
If that doesn't work, type  X <return>  to quit.

! Undefined control sequence.
l.391 \toprule
              
The control sequence at the end of the top line
of your error message was never \def'ed. If you have
misspelled it (e.g., `\hobx'), type `I' and the correct
spelling (e.g., `I\hbox'). Otherwise just continue,
and I'll forget about whatever was undefined.

Missing character: There is no 线 ("7EBF) in font nullfont!
Missing character: There is no 的 ("7684) in font nullfont!
Missing character: There is no 数 ("6570) in font nullfont!
Missing character: There is no 目 ("76EE) in font nullfont!
Missing character: There is no 失 ("5931) in font nullfont!
Missing character: There is no 灵 ("7075) in font nullfont!
Missing character: There is no 的 ("7684) in font nullfont!
Missing character: There is no 概 ("6982) in font nullfont!
Missing character: There is no 率 ("7387) in font nullfont!
Missing character: There is no 线 ("7EBF) in font nullfont!
Missing character: There is no 的 ("7684) in font nullfont!
Missing character: There is no 数 ("6570) in font nullfont!
Missing character: There is no 目 ("76EE) in font nullfont!
Missing character: There is no 失 ("5931) in font nullfont!
Missing character: There is no 灵 ("7075) in font nullfont!
Missing character: There is no 的 ("7684) in font nullfont!
Missing character: There is no 概 ("6982) in font nullfont!
Missing character: There is no 率 ("7387) in font nullfont!
! Undefined control sequence.
<recently read> \midrule 
                         
l.393 \midrule
              
The control sequence at the end of the top line
of your error message was never \def'ed. If you have
misspelled it (e.g., `\hobx'), type `I' and the correct
spelling (e.g., `I\hbox'). Otherwise just continue,
and I'll forget about whatever was undefined.

Missing character: There is no 1 ("31) in font nullfont!
Missing character: There is no 0 ("30) in font nullfont!
Missing character: There is no 0 ("30) in font nullfont!
Missing character: There is no 0 ("30) in font nullfont!
Missing character: There is no 1 ("31) in font nullfont!
Missing character: There is no 0 ("30) in font nullfont!
Missing character: There is no 0 ("30) in font nullfont!
Missing character: There is no 0 ("30) in font nullfont!
Missing character: There is no 0 ("30) in font nullfont!
Missing character: There is no 2 ("32) in font nullfont!
Missing character: There is no 0 ("30) in font nullfont!
Missing character: There is no 0 ("30) in font nullfont!
Missing character: There is no 0 ("30) in font nullfont!
Missing character: There is no 2 ("32) in font nullfont!
Missing character: There is no 0 ("30) in font nullfont!
Missing character: There is no 0 ("30) in font nullfont!
Missing character: There is no 0 ("30) in font nullfont!
Missing character: There is no 0 ("30) in font nullfont!
Missing character: There is no 3 ("33) in font nullfont!
Missing character: There is no 0 ("30) in font nullfont!
Missing character: There is no 0 ("30) in font nullfont!
Missing character: There is no 0 ("30) in font nullfont!
Missing character: There is no 2 ("32) in font nullfont!
Missing character: There is no 5 ("35) in font nullfont!
Missing character: There is no 0 ("30) in font nullfont!
Missing character: There is no 0 ("30) in font nullfont!
Missing character: There is no 0 ("30) in font nullfont!
Missing character: There is no 5 ("35) in font nullfont!
Missing character: There is no 0 ("30) in font nullfont!
Missing character: There is no 0 ("30) in font nullfont!
Missing character: There is no 0 ("30) in font nullfont!
! Undefined control sequence.
<recently read> \bottomrule 
                            
l.398 \bottomrule
                 
The control sequence at the end of the top line
of your error message was never \def'ed. If you have
misspelled it (e.g., `\hobx'), type `I' and the correct
spelling (e.g., `I\hbox'). Otherwise just continue,
and I'll forget about whatever was undefined.


! LaTeX Error: \begin{document} ended by \end{table}.

See the LaTeX manual or LaTeX Companion for explanation.
Type  H <return>  for immediate help.
 ...                                              
                                                  
l.400 \end{table}
                 
Your command was ignored.
Type  I <command> <return>  to replace it with another command,
or  <return>  to continue without it.


Overfull \hbox (107.46315pt too wide) in paragraph at lines 390--401
[][]
 []


! LaTeX Error: Missing \begin{document}.

See the LaTeX manual or LaTeX Companion for explanation.
Type  H <return>  for immediate help.
 ...                                              
                                                  
l.402 对
       于那些本来由谢弗元件组成的系统，前面讨论过的复合法的技巧也还可以照样应用。我们用 $3n$ 个谢弗元件代替原来系统中的每一个谢弗元件。像前...

You're in trouble here.  Try typing  <return>  to proceed.
If that doesn't work, type  X <return>  to quit.

Missing character: There is no 对 ("5BF9) in font nullfont!
Missing character: There is no 于 ("4E8E) in font nullfont!
Missing character: There is no 那 ("90A3) in font nullfont!
Missing character: There is no 些 ("4E9B) in font nullfont!
Missing character: There is no 本 ("672C) in font nullfont!
Missing character: There is no 来 ("6765) in font nullfont!
Missing character: There is no 由 ("7531) in font nullfont!
Missing character: There is no 谢 ("8C22) in font nullfont!
Missing character: There is no 弗 ("5F17) in font nullfont!
Missing character: There is no 元 ("5143) in font nullfont!
Missing character: There is no 件 ("4EF6) in font nullfont!
Missing character: There is no 组 ("7EC4) in font nullfont!
Missing character: There is no 成 ("6210) in font nullfont!
Missing character: There is no 的 ("7684) in font nullfont!
Missing character: There is no 系 ("7CFB) in font nullfont!
Missing character: There is no 统 ("7EDF) in font nullfont!
Missing character: There is no ， ("FF0C) in font nullfont!
Missing character: There is no 前 ("524D) in font nullfont!
Missing character: There is no 面 ("9762) in font nullfont!
Missing character: There is no 讨 ("8BA8) in font nullfont!
Missing character: There is no 论 ("8BBA) in font nullfont!
Missing character: There is no 过 ("8FC7) in font nullfont!
Missing character: There is no 的 ("7684) in font nullfont!
Missing character: There is no 复 ("590D) in font nullfont!
Missing character: There is no 合 ("5408) in font nullfont!
Missing character: There is no 法 ("6CD5) in font nullfont!
Missing character: There is no 的 ("7684) in font nullfont!
Missing character: There is no 技 ("6280) in font nullfont!
Missing character: There is no 巧 ("5DE7) in font nullfont!
Missing character: There is no 也 ("4E5F) in font nullfont!
Missing character: There is no 还 ("8FD8) in font nullfont!
Missing character: There is no 可 ("53EF) in font nullfont!
Missing character: There is no 以 ("4EE5) in font nullfont!
Missing character: There is no 照 ("7167) in font nullfont!
Missing character: There is no 样 ("6837) in font nullfont!
Missing character: There is no 应 ("5E94) in font nullfont!
Missing character: There is no 用 ("7528) in font nullfont!
Missing character: There is no 。 ("3002) in font nullfont!
Missing character: There is no 我 ("6211) in font nullfont!
Missing character: There is no 们 ("4EEC) in font nullfont!
Missing character: There is no 用 ("7528) in font nullfont!
Missing character: There is no 个 ("4E2A) in font nullfont!
Missing character: There is no 谢 ("8C22) in font nullfont!
Missing character: There is no 弗 ("5F17) in font nullfont!
Missing character: There is no 元 ("5143) in font nullfont!
Missing character: There is no 件 ("4EF6) in font nullfont!
Missing character: There is no 代 ("4EE3) in font nullfont!
Missing character: There is no 替 ("66FF) in font nullfont!
Missing character: There is no 原 ("539F) in font nullfont!
Missing character: There is no 来 ("6765) in font nullfont!
Missing character: There is no 系 ("7CFB) in font nullfont!
Missing character: There is no 统 ("7EDF) in font nullfont!
Missing character: There is no 中 ("4E2D) in font nullfont!
Missing character: There is no 的 ("7684) in font nullfont!
Missing character: There is no 每 ("6BCF) in font nullfont!
Missing character: There is no 一 ("4E00) in font nullfont!
Missing character: There is no 个 ("4E2A) in font nullfont!
Missing character: There is no 谢 ("8C22) in font nullfont!
Missing character: There is no 弗 ("5F17) in font nullfont!
Missing character: There is no 元 ("5143) in font nullfont!
Missing character: There is no 件 ("4EF6) in font nullfont!
Missing character: There is no 。 ("3002) in font nullfont!
Missing character: There is no 像 ("50CF) in font nullfont!
Missing character: There is no 前 ("524D) in font nullfont!
Missing character: There is no 面 ("9762) in font nullfont!
Missing character: There is no 讨 ("8BA8) in font nullfont!
Missing character: There is no 论 ("8BBA) in font nullfont!
Missing character: There is no 的 ("7684) in font nullfont!
Missing character: There is no 情 ("60C5) in font nullfont!
Missing character: There is no 形 ("5F62) in font nullfont!
Missing character: There is no 那 ("90A3) in font nullfont!
Missing character: There is no 样 ("6837) in font nullfont!
Missing character: There is no ， ("FF0C) in font nullfont!
Missing character: There is no 整 ("6574) in font nullfont!
Missing character: There is no 个 ("4E2A) in font nullfont!
Missing character: There is no 系 ("7CFB) in font nullfont!
Missing character: There is no 统 ("7EDF) in font nullfont!
Missing character: There is no 的 ("7684) in font nullfont!
Missing character: There is no 误 ("8BEF) in font nullfont!
Missing character: There is no 差 ("5DEE) in font nullfont!
Missing character: There is no 可 ("53EF) in font nullfont!
Missing character: There is no 以 ("4EE5) in font nullfont!
Missing character: There is no 通 ("901A) in font nullfont!
Missing character: There is no 过 ("8FC7) in font nullfont!
Missing character: There is no 系 ("7CFB) in font nullfont!
Missing character: There is no 统 ("7EDF) in font nullfont!
Missing character: There is no 各 ("5404) in font nullfont!
Missing character: There is no 个 ("4E2A) in font nullfont!
Missing character: There is no 谢 ("8C22) in font nullfont!
Missing character: There is no 弗 ("5F17) in font nullfont!
Missing character: There is no 元 ("5143) in font nullfont!
Missing character: There is no 件 ("4EF6) in font nullfont!
Missing character: There is no 的 ("7684) in font nullfont!
Missing character: There is no 误 ("8BEF) in font nullfont!
Missing character: There is no 差 ("5DEE) in font nullfont!
Missing character: There is no 计 ("8BA1) in font nullfont!
Missing character: There is no 算 ("7B97) in font nullfont!
Missing character: There is no 出 ("51FA) in font nullfont!
Missing character: There is no 来 ("6765) in font nullfont!
Missing character: There is no 。 ("3002) in font nullfont!
Missing character: There is no 实 ("5B9E) in font nullfont!
Missing character: There is no 际 ("9645) in font nullfont!
Missing character: There is no 上 ("4E0A) in font nullfont!
Missing character: There is no ， ("FF0C) in font nullfont!
Missing character: There is no 这 ("8FD9) in font nullfont!
Missing character: There is no 种 ("79CD) in font nullfont!
Missing character: There is no 计 ("8BA1) in font nullfont!
Missing character: There is no 算 ("7B97) in font nullfont!
Missing character: There is no 非 ("975E) in font nullfont!
Missing character: There is no 常 ("5E38) in font nullfont!
Missing character: There is no 麻 ("9EBB) in font nullfont!
Missing character: There is no 烦 ("70E6) in font nullfont!
Missing character: There is no 。 ("3002) in font nullfont!
Missing character: There is no 可 ("53EF) in font nullfont!
Missing character: There is no 是 ("662F) in font nullfont!
Missing character: There is no ， ("FF0C) in font nullfont!
Missing character: There is no 为 ("4E3A) in font nullfont!
Missing character: There is no 了 ("4E86) in font nullfont!
Missing character: There is no 估 ("4F30) in font nullfont!
Missing character: There is no 计 ("8BA1) in font nullfont!
Missing character: There is no 达 ("8FBE) in font nullfont!
Missing character: There is no 到 ("5230) in font nullfont!
Missing character: There is no 规 ("89C4) in font nullfont!
Missing character: There is no 定 ("5B9A) in font nullfont!
Missing character: There is no 的 ("7684) in font nullfont!
Missing character: There is no 可 ("53EF) in font nullfont!
Missing character: There is no 靠 ("9760) in font nullfont!
Missing character: There is no 性 ("6027) in font nullfont!
Missing character: There is no 所 ("6240) in font nullfont!
Missing character: There is no 需 ("9700) in font nullfont!
Missing character: There is no 要 ("8981) in font nullfont!
Missing character: There is no 的 ("7684) in font nullfont!
Missing character: There is no 元 ("5143) in font nullfont!
Missing character: There is no 件 ("4EF6) in font nullfont!
Missing character: There is no 数 ("6570) in font nullfont!
Missing character: There is no 目 ("76EE) in font nullfont!
Missing character: There is no ， ("FF0C) in font nullfont!
Missing character: There is no 我 ("6211) in font nullfont!
Missing character: There is no 们 ("4EEC) in font nullfont!
Missing character: There is no 可 ("53EF) in font nullfont!
Missing character: There is no 以 ("4EE5) in font nullfont!
Missing character: There is no 认 ("8BA4) in font nullfont!
Missing character: There is no 为 ("4E3A) in font nullfont!
Missing character: There is no 整 ("6574) in font nullfont!
Missing character: There is no 个 ("4E2A) in font nullfont!
Missing character: There is no 系 ("7CFB) in font nullfont!
Missing character: There is no 统 ("7EDF) in font nullfont!
Missing character: There is no 等 ("7B49) in font nullfont!
Missing character: There is no 价 ("4EF7) in font nullfont!
Missing character: There is no 于 ("4E8E) in font nullfont!
Missing character: There is no 一 ("4E00) in font nullfont!
Missing character: There is no 个 ("4E2A) in font nullfont!
Missing character: There is no 谢 ("8C22) in font nullfont!
Missing character: There is no 弗 ("5F17) in font nullfont!
Missing character: There is no 元 ("5143) in font nullfont!
Missing character: There is no 件 ("4EF6) in font nullfont!
Missing character: There is no ， ("FF0C) in font nullfont!
Missing character: There is no 而 ("800C) in font nullfont!
Missing character: There is no 直 ("76F4) in font nullfont!
Missing character: There is no 接 ("63A5) in font nullfont!
Missing character: There is no 用 ("7528) in font nullfont!
Missing character: There is no 整 ("6574) in font nullfont!
Missing character: There is no 个 ("4E2A) in font nullfont!
Missing character: There is no 反 ("53CD) in font nullfont!
Missing character: There is no 应 ("5E94) in font nullfont!
Missing character: There is no 的 ("7684) in font nullfont!
Missing character: There is no 结 ("7ED3) in font nullfont!
Missing character: There is no 果 ("679C) in font nullfont!
Missing character: There is no 。 ("3002) in font nullfont!
Missing character: There is no 这 ("8FD9) in font nullfont!
Missing character: There is no 种 ("79CD) in font nullfont!
Missing character: There is no 做 ("505A) in font nullfont!
Missing character: There is no 法 ("6CD5) in font nullfont!
Missing character: There is no 将 ("5C06) in font nullfont!
Missing character: There is no 在 ("5728) in font nullfont!
Missing character: There is no 下 ("4E0B) in font nullfont!
Missing character: There is no 一 ("4E00) in font nullfont!
Missing character: There is no 节 ("8282) in font nullfont!
Missing character: There is no 里 ("91CC) in font nullfont!
Missing character: There is no 讨 ("8BA8) in font nullfont!
Missing character: There is no 论 ("8BBA) in font nullfont!
Missing character: There is no 。 ("3002) in font nullfont!

Overfull \hbox (20.0pt too wide) in paragraph at lines 402--403
[]
 []


Overfull \hbox (11.00237pt too wide) in paragraph at lines 402--403
\OT1/cmr/m/n/10 3\OML/cmm/m/it/10 n$
 []


Overfull \hbox (6.00235pt too wide) in paragraph at lines 402--403
\OML/cmm/m/it/10 n$ 
 []

! Undefined control sequence.
l.404 \section
              {一些例子}
The control sequence at the end of the top line
of your error message was never \def'ed. If you have
misspelled it (e.g., `\hobx'), type `I' and the correct
spelling (e.g., `I\hbox'). Otherwise just continue,
and I'll forget about whatever was undefined.


! LaTeX Error: Missing \begin{document}.

See the LaTeX manual or LaTeX Companion for explanation.
Type  H <return>  for immediate help.
 ...                                              
                                                  
l.404 \section{一
                些例子}
You're in trouble here.  Try typing  <return>  to proceed.
If that doesn't work, type  X <return>  to quit.

Missing character: There is no 一 ("4E00) in font nullfont!
Missing character: There is no 些 ("4E9B) in font nullfont!
Missing character: There is no 例 ("4F8B) in font nullfont!
Missing character: There is no 子 ("5B50) in font nullfont!

Overfull \hbox (20.0pt too wide) in paragraph at lines 404--405
[] 
 []


! LaTeX Error: Missing \begin{document}.

See the LaTeX manual or LaTeX Companion for explanation.
Type  H <return>  for immediate help.
 ...                                              
                                                  
l.406 为
       了得到关于所要求线束大小的一个概念，我们考虑有 $2500$ 个真空管的一个计算机，假设每一个真空管平均 $5$ 微秒开动一次。我们要求机...

You're in trouble here.  Try typing  <return>  to proceed.
If that doesn't work, type  X <return>  to quit.

Missing character: There is no 为 ("4E3A) in font nullfont!
Missing character: There is no 了 ("4E86) in font nullfont!
Missing character: There is no 得 ("5F97) in font nullfont!
Missing character: There is no 到 ("5230) in font nullfont!
Missing character: There is no 关 ("5173) in font nullfont!
Missing character: There is no 于 ("4E8E) in font nullfont!
Missing character: There is no 所 ("6240) in font nullfont!
Missing character: There is no 要 ("8981) in font nullfont!
Missing character: There is no 求 ("6C42) in font nullfont!
Missing character: There is no 线 ("7EBF) in font nullfont!
Missing character: There is no 束 ("675F) in font nullfont!
Missing character: There is no 大 ("5927) in font nullfont!
Missing character: There is no 小 ("5C0F) in font nullfont!
Missing character: There is no 的 ("7684) in font nullfont!
Missing character: There is no 一 ("4E00) in font nullfont!
Missing character: There is no 个 ("4E2A) in font nullfont!
Missing character: There is no 概 ("6982) in font nullfont!
Missing character: There is no 念 ("5FF5) in font nullfont!
Missing character: There is no ， ("FF0C) in font nullfont!
Missing character: There is no 我 ("6211) in font nullfont!
Missing character: There is no 们 ("4EEC) in font nullfont!
Missing character: There is no 考 ("8003) in font nullfont!
Missing character: There is no 虑 ("8651) in font nullfont!
Missing character: There is no 有 ("6709) in font nullfont!
Missing character: There is no 个 ("4E2A) in font nullfont!
Missing character: There is no 真 ("771F) in font nullfont!
Missing character: There is no 空 ("7A7A) in font nullfont!
Missing character: There is no 管 ("7BA1) in font nullfont!
Missing character: There is no 的 ("7684) in font nullfont!
Missing character: There is no 一 ("4E00) in font nullfont!
Missing character: There is no 个 ("4E2A) in font nullfont!
Missing character: There is no 计 ("8BA1) in font nullfont!
Missing character: There is no 算 ("7B97) in font nullfont!
Missing character: There is no 机 ("673A) in font nullfont!
Missing character: There is no ， ("FF0C) in font nullfont!
Missing character: There is no 假 ("5047) in font nullfont!
Missing character: There is no 设 ("8BBE) in font nullfont!
Missing character: There is no 每 ("6BCF) in font nullfont!
Missing character: There is no 一 ("4E00) in font nullfont!
Missing character: There is no 个 ("4E2A) in font nullfont!
Missing character: There is no 真 ("771F) in font nullfont!
Missing character: There is no 空 ("7A7A) in font nullfont!
Missing character: There is no 管 ("7BA1) in font nullfont!
Missing character: There is no 平 ("5E73) in font nullfont!
Missing character: There is no 均 ("5747) in font nullfont!
Missing character: There is no 微 ("5FAE) in font nullfont!
Missing character: There is no 秒 ("79D2) in font nullfont!
Missing character: There is no 开 ("5F00) in font nullfont!
Missing character: There is no 动 ("52A8) in font nullfont!
Missing character: There is no 一 ("4E00) in font nullfont!
Missing character: There is no 次 ("6B21) in font nullfont!
Missing character: There is no 。 ("3002) in font nullfont!
Missing character: There is no 我 ("6211) in font nullfont!
Missing character: There is no 们 ("4EEC) in font nullfont!
Missing character: There is no 要 ("8981) in font nullfont!
Missing character: There is no 求 ("6C42) in font nullfont!
Missing character: There is no 机 ("673A) in font nullfont!
Missing character: There is no 器 ("5668) in font nullfont!
Missing character: There is no 在 ("5728) in font nullfont!
Missing character: There is no 发 ("53D1) in font nullfont!
Missing character: There is no 生 ("751F) in font nullfont!
Missing character: There is no 一 ("4E00) in font nullfont!
Missing character: There is no 个 ("4E2A) in font nullfont!
Missing character: There is no 错 ("9519) in font nullfont!
Missing character: There is no 误 ("8BEF) in font nullfont!
Missing character: There is no 以 ("4EE5) in font nullfont!
Missing character: There is no 前 ("524D) in font nullfont!
Missing character: There is no 平 ("5E73) in font nullfont!
Missing character: There is no 均 ("5747) in font nullfont!
Missing character: There is no 工 ("5DE5) in font nullfont!
Missing character: There is no 作 ("4F5C) in font nullfont!
Missing character: There is no 个 ("4E2A) in font nullfont!
Missing character: There is no 小 ("5C0F) in font nullfont!
Missing character: There is no 时 ("65F6) in font nullfont!
Missing character: There is no 。 ("3002) in font nullfont!
Missing character: There is no 在 ("5728) in font nullfont!
Missing character: There is no 这 ("8FD9) in font nullfont!
Missing character: There is no 段 ("6BB5) in font nullfont!
Missing character: There is no 时 ("65F6) in font nullfont!
Missing character: There is no 期 ("671F) in font nullfont!
Missing character: There is no 内 ("5185) in font nullfont!
Missing character: There is no ， ("FF0C) in font nullfont!
Missing character: There is no 单 ("5355) in font nullfont!
Missing character: There is no 独 ("72EC) in font nullfont!
Missing character: There is no 一 ("4E00) in font nullfont!
Missing character: There is no 个 ("4E2A) in font nullfont!
Missing character: There is no 真 ("771F) in font nullfont!
Missing character: There is no 空 ("7A7A) in font nullfont!
Missing character: There is no 管 ("7BA1) in font nullfont!
Missing character: There is no 作 ("4F5C) in font nullfont!
Missing character: There is no 用 ("7528) in font nullfont!
Missing character: There is no 的 ("7684) in font nullfont!
Missing character: There is no 次 ("6B21) in font nullfont!
Missing character: There is no 数 ("6570) in font nullfont!
Missing character: There is no 是 ("662F) in font nullfont!

! LaTeX Error: Environment equation* undefined.

See the LaTeX manual or LaTeX Companion for explanation.
Type  H <return>  for immediate help.
 ...                                              
                                                  
l.407 \begin{equation*}
                       
Your command was ignored.
Type  I <command> <return>  to replace it with another command,
or  <return>  to continue without it.

Missing character: There is no 1 ("31) in font nullfont!
! Missing $ inserted.
<inserted text> 
                $
l.408 \frac{1}{5}
                 \times 8\times 3600\times 10^6 = 5.76\times 10^9。
I've inserted a begin-math/end-math symbol since I think
you left one out. Proceed, with fingers crossed.

! Extra }, or forgotten $.
\frac  #1#2->{\begingroup #1\endgroup \over #2}
                                               
l.408 \frac{1}{5}
                 \times 8\times 3600\times 10^6 = 5.76\times 10^9。
I've deleted a group-closing symbol because it seems to be
spurious, as in `$x}$'. But perhaps the } is legitimate and
you forgot something else, as in `\hbox{$x}'. In such cases
the way to recover is to insert both the forgotten and the
deleted material, e.g., by typing `I$}'.


! LaTeX Error: \begin{document} ended by \end{equation*}.

See the LaTeX manual or LaTeX Companion for explanation.
Type  H <return>  for immediate help.
 ...                                              
                                                  
l.409 \end{equation*}
                     
Your command was ignored.
Type  I <command> <return>  to replace it with another command,
or  <return>  to continue without it.

! Missing $ inserted.
<inserted text> 
                $
l.409 \end{equation*}
                     
I've inserted something that you may have forgotten.
(See the <inserted text> above.)
With luck, this will get me unwedged. But if you
really didn't forget anything, try typing `2' now; then
my insertion and my current dilemma will both disappear.

Missing character: There is no 。 ("3002) in font cmr7!
! Missing } inserted.
<inserted text> 
                }
l.409 \end{equation*}
                     
I've inserted something that you may have forgotten.
(See the <inserted text> above.)
With luck, this will get me unwedged. But if you
really didn't forget anything, try typing `2' now; then
my insertion and my current dilemma will both disappear.

Missing character: There is no 把 ("628A) in font nullfont!
Missing character: There is no 每 ("6BCF) in font nullfont!
Missing character: There is no 个 ("4E2A) in font nullfont!
Missing character: There is no 真 ("771F) in font nullfont!
Missing character: There is no 空 ("7A7A) in font nullfont!
Missing character: There is no 管 ("7BA1) in font nullfont!
Missing character: There is no 当 ("5F53) in font nullfont!
Missing character: There is no 作 ("4F5C) in font nullfont!
Missing character: There is no 一 ("4E00) in font nullfont!
Missing character: There is no 个 ("4E2A) in font nullfont!
Missing character: There is no 谢 ("8C22) in font nullfont!
Missing character: There is no 弗 ("5F17) in font nullfont!
Missing character: There is no 元 ("5143) in font nullfont!
Missing character: There is no 件 ("4EF6) in font nullfont!
Missing character: There is no ， ("FF0C) in font nullfont!
Missing character: There is no 考 ("8003) in font nullfont!
Missing character: There is no 虑 ("8651) in font nullfont!
Missing character: There is no 每 ("6BCF) in font nullfont!
Missing character: There is no 一 ("4E00) in font nullfont!
Missing character: There is no 个 ("4E2A) in font nullfont!
Missing character: There is no 真 ("771F) in font nullfont!
Missing character: There is no 空 ("7A7A) in font nullfont!
Missing character: There is no 管 ("7BA1) in font nullfont!
Missing character: There is no 是 ("662F) in font nullfont!
Missing character: There is no 一 ("4E00) in font nullfont!
Missing character: There is no 个 ("4E2A) in font nullfont!
Missing character: There is no 独 ("72EC) in font nullfont!
Missing character: There is no 立 ("7ACB) in font nullfont!
Missing character: There is no 的 ("7684) in font nullfont!
Missing character: There is no 单 ("5355) in font nullfont!
Missing character: There is no 元 ("5143) in font nullfont!
Missing character: There is no ， ("FF0C) in font nullfont!
Missing character: There is no 于 ("4E8E) in font nullfont!
Missing character: There is no 是 ("662F) in font nullfont!
Missing character: There is no 所 ("6240) in font nullfont!
Missing character: There is no 要 ("8981) in font nullfont!
Missing character: There is no 求 ("6C42) in font nullfont!
Missing character: There is no 发 ("53D1) in font nullfont!
Missing character: There is no 生 ("751F) in font nullfont!
Missing character: There is no 失 ("5931) in font nullfont!
Missing character: There is no 灵 ("7075) in font nullfont!
Missing character: There is no 的 ("7684) in font nullfont!
Missing character: There is no 概 ("6982) in font nullfont!
Missing character: There is no 率 ("7387) in font nullfont!
Missing character: There is no 是 ("662F) in font nullfont!
Missing character: There is no 。 ("3002) in font nullfont!
Missing character: There is no 但 ("4F46) in font nullfont!
Missing character: There is no 是 ("662F) in font nullfont!
Missing character: There is no 系 ("7CFB) in font nullfont!
Missing character: There is no 统 ("7EDF) in font nullfont!
Missing character: There is no 里 ("91CC) in font nullfont!
Missing character: There is no 有 ("6709) in font nullfont!
Missing character: There is no 个 ("4E2A) in font nullfont!
Missing character: There is no 真 ("771F) in font nullfont!
Missing character: There is no 空 ("7A7A) in font nullfont!
Missing character: There is no 管 ("7BA1) in font nullfont!
Missing character: There is no ， ("FF0C) in font nullfont!
Missing character: There is no 个 ("4E2A) in font nullfont!
Missing character: There is no 真 ("771F) in font nullfont!
Missing character: There is no 空 ("7A7A) in font nullfont!
Missing character: There is no 管 ("7BA1) in font nullfont!
Missing character: There is no 中 ("4E2D) in font nullfont!
Missing character: There is no 任 ("4EFB) in font nullfont!
Missing character: There is no 何 ("4F55) in font nullfont!
Missing character: There is no 一 ("4E00) in font nullfont!
Missing character: There is no 个 ("4E2A) in font nullfont!
Missing character: There is no 发 ("53D1) in font nullfont!
Missing character: There is no 生 ("751F) in font nullfont!
Missing character: There is no 错 ("9519) in font nullfont!
Missing character: There is no 误 ("8BEF) in font nullfont!
Missing character: There is no 都 ("90FD) in font nullfont!
Missing character: There is no 意 ("610F) in font nullfont!
Missing character: There is no 味 ("5473) in font nullfont!
Missing character: There is no 着 ("7740) in font nullfont!
Missing character: There is no 机 ("673A) in font nullfont!
Missing character: There is no 器 ("5668) in font nullfont!
Missing character: There is no 发 ("53D1) in font nullfont!
Missing character: There is no 生 ("751F) in font nullfont!
Missing character: There is no 错 ("9519) in font nullfont!
Missing character: There is no 误 ("8BEF) in font nullfont!
Missing character: There is no 。 ("3002) in font nullfont!
Missing character: There is no 所 ("6240) in font nullfont!
Missing character: There is no 以 ("4EE5) in font nullfont!
Missing character: There is no 考 ("8003) in font nullfont!
Missing character: There is no 虑 ("8651) in font nullfont!
Missing character: There is no 每 ("6BCF) in font nullfont!
Missing character: There is no 个 ("4E2A) in font nullfont!
Missing character: There is no 真 ("771F) in font nullfont!
Missing character: There is no 空 ("7A7A) in font nullfont!
Missing character: There is no 管 ("7BA1) in font nullfont!
Missing character: There is no 是 ("662F) in font nullfont!
Missing character: There is no 系 ("7CFB) in font nullfont!
Missing character: There is no 统 ("7EDF) in font nullfont!
Missing character: There is no 里 ("91CC) in font nullfont!
Missing character: There is no 的 ("7684) in font nullfont!
Missing character: There is no 一 ("4E00) in font nullfont!
Missing character: There is no 个 ("4E2A) in font nullfont!
Missing character: There is no 单 ("5355) in font nullfont!
Missing character: There is no 元 ("5143) in font nullfont!
Missing character: There is no ， ("FF0C) in font nullfont!
Missing character: There is no 发 ("53D1) in font nullfont!
Missing character: There is no 生 ("751F) in font nullfont!
Missing character: There is no 失 ("5931) in font nullfont!
Missing character: There is no 灵 ("7075) in font nullfont!
Missing character: There is no 的 ("7684) in font nullfont!
Missing character: There is no 概 ("6982) in font nullfont!
Missing character: There is no 率 ("7387) in font nullfont!
Missing character: There is no 只 ("53EA) in font nullfont!
Missing character: There is no 是 ("662F) in font nullfont!
Missing character: There is no 前 ("524D) in font nullfont!
Missing character: There is no 面 ("9762) in font nullfont!
Missing character: There is no 谈 ("8C08) in font nullfont!
Missing character: There is no 到 ("5230) in font nullfont!
Missing character: There is no 的 ("7684) in font nullfont!
Missing character: There is no ， ("FF0C) in font nullfont!
Missing character: There is no 或 ("6216) in font nullfont!
Missing character: There is no 者 ("8005) in font nullfont!
Missing character: There is no 。 ("3002) in font nullfont!
Missing character: There is no 于 ("4E8E) in font nullfont!
Missing character: There is no 是 ("662F) in font nullfont!
Missing character: There is no 我 ("6211) in font nullfont!
Missing character: There is no 们 ("4EEC) in font nullfont!
Missing character: There is no 看 ("770B) in font nullfont!
Missing character: There is no 到 ("5230) in font nullfont!
Missing character: There is no ， ("FF0C) in font nullfont!
Missing character: There is no 这 ("8FD9) in font nullfont!
Missing character: There is no 个 ("4E2A) in font nullfont!
Missing character: There is no 发 ("53D1) in font nullfont!
Missing character: There is no 生 ("751F) in font nullfont!
Missing character: There is no 失 ("5931) in font nullfont!
Missing character: There is no 灵 ("7075) in font nullfont!
Missing character: There is no 的 ("7684) in font nullfont!
Missing character: There is no 概 ("6982) in font nullfont!
Missing character: There is no 率 ("7387) in font nullfont!
Missing character: There is no 等 ("7B49) in font nullfont!
Missing character: There is no 于 ("4E8E) in font nullfont!
Missing character: There is no 把 ("628A) in font nullfont!
Missing character: There is no 个 ("4E2A) in font nullfont!
Missing character: There is no 真 ("771F) in font nullfont!
Missing character: There is no 空 ("7A7A) in font nullfont!
Missing character: There is no 管 ("7BA1) in font nullfont!
Missing character: There is no 的 ("7684) in font nullfont!
Missing character: There is no 系 ("7CFB) in font nullfont!
Missing character: There is no 统 ("7EDF) in font nullfont!
Missing character: There is no 当 ("5F53) in font nullfont!
Missing character: There is no 成 ("6210) in font nullfont!
Missing character: There is no 一 ("4E00) in font nullfont!
Missing character: There is no 个 ("4E2A) in font nullfont!
Missing character: There is no 谢 ("8C22) in font nullfont!
Missing character: There is no 弗 ("5F17) in font nullfont!
Missing character: There is no 元 ("5143) in font nullfont!
Missing character: There is no 件 ("4EF6) in font nullfont!
Missing character: There is no 而 ("800C) in font nullfont!
Missing character: There is no 得 ("5F97) in font nullfont!
Missing character: There is no 到 ("5230) in font nullfont!
Missing character: There is no 的 ("7684) in font nullfont!
Missing character: There is no 概 ("6982) in font nullfont!
Missing character: There is no 率 ("7387) in font nullfont!
Missing character: There is no 。 ("3002) in font nullfont!
Missing character: There is no 在 ("5728) in font nullfont!
Missing character: There is no 用 ("7528) in font nullfont!
Missing character: There is no 复 ("590D) in font nullfont!
Missing character: There is no 合 ("5408) in font nullfont!
Missing character: There is no 法 ("6CD5) in font nullfont!
Missing character: There is no 组 ("7EC4) in font nullfont!
Missing character: There is no 成 ("6210) in font nullfont!
Missing character: There is no 的 ("7684) in font nullfont!
Missing character: There is no 系 ("7CFB) in font nullfont!
Missing character: There is no 统 ("7EDF) in font nullfont!
Missing character: There is no 中 ("4E2D) in font nullfont!
Missing character: There is no ， ("FF0C) in font nullfont!
Missing character: There is no 这 ("8FD9) in font nullfont!
Missing character: There is no 样 ("6837) in font nullfont!
Missing character: There is no 做 ("505A) in font nullfont!
Missing character: There is no 法 ("6CD5) in font nullfont!
Missing character: There is no 可 ("53EF) in font nullfont!
Missing character: There is no 以 ("4EE5) in font nullfont!
Missing character: There is no 大 ("5927) in font nullfont!
Missing character: There is no 大 ("5927) in font nullfont!
Missing character: There is no 的 ("7684) in font nullfont!
Missing character: There is no 简 ("7B80) in font nullfont!
Missing character: There is no 化 ("5316) in font nullfont!
Missing character: There is no ， ("FF0C) in font nullfont!
Missing character: There is no 关 ("5173) in font nullfont!
Missing character: There is no 于 ("4E8E) in font nullfont!
Missing character: There is no 要 ("8981) in font nullfont!
Missing character: There is no 求 ("6C42) in font nullfont!
Missing character: There is no 的 ("7684) in font nullfont!
Missing character: There is no 线 ("7EBF) in font nullfont!
Missing character: There is no 数 ("6570) in font nullfont!
Missing character: There is no 的 ("7684) in font nullfont!
Missing character: There is no 分 ("5206) in font nullfont!
Missing character: There is no 析 ("6790) in font nullfont!
Missing character: There is no 。 ("3002) in font nullfont!

Overfull \hbox (20.0pt too wide) in paragraph at lines 406--411
[]
 []


Overfull \hbox (20.00006pt too wide) in paragraph at lines 406--411
\OT1/cmr/m/n/10 2500$
 []


Overfull \hbox (5.00002pt too wide) in paragraph at lines 406--411
\OT1/cmr/m/n/10 5$
 []


Overfull \hbox (5.00002pt too wide) in paragraph at lines 406--411
\OT1/cmr/m/n/10 8$
 []


Overfull \hbox (95.53932pt too wide) in paragraph at lines 406--411
[]$
 []


Overfull \hbox (39.44456pt too wide) in paragraph at lines 406--411
\OT1/cmr/m/n/10 1\OML/cmm/m/it/10 =\OT1/cmr/m/n/10 (5\OML/cmm/m/it/10 :\OT1/cmr
/m/n/10 76 \OMS/cmsy/m/n/10 ^^B
 []


Overfull \hbox (18.37506pt too wide) in paragraph at lines 406--411
\OT1/cmr/m/n/10 10[])$
 []


Overfull \hbox (20.00006pt too wide) in paragraph at lines 406--411
\OT1/cmr/m/n/10 2500$
 []


Overfull \hbox (20.00006pt too wide) in paragraph at lines 406--411
\OT1/cmr/m/n/10 2500$
 []


Overfull \hbox (30.00009pt too wide) in paragraph at lines 406--411
\OT1/cmr/m/n/10 1\OML/cmm/m/it/10 =\OT1/cmr/m/n/10 2500$
 []


Overfull \hbox (41.6668pt too wide) in paragraph at lines 406--411
\OT1/cmr/m/n/10 1\OML/cmm/m/it/10 =\OT1/cmr/m/n/10 (2500 \OMS/cmsy/m/n/10 ^^B
 []


Overfull \hbox (25.55563pt too wide) in paragraph at lines 406--411
\OT1/cmr/m/n/10 5\OML/cmm/m/it/10 :\OT1/cmr/m/n/10 76 \OMS/cmsy/m/n/10 ^^B
 []


Overfull \hbox (28.93057pt too wide) in paragraph at lines 406--411
\OT1/cmr/m/n/10 10[]) =
 []


Overfull \hbox (12.77782pt too wide) in paragraph at lines 406--411
\OT1/cmr/m/n/10 7 \OMS/cmsy/m/n/10 ^^B
 []


Overfull \hbox (24.7223pt too wide) in paragraph at lines 406--411
\OT1/cmr/m/n/10 10[]$
 []


Overfull \hbox (20.00006pt too wide) in paragraph at lines 406--411
\OT1/cmr/m/n/10 2500$
 []


Overfull \hbox (6.00235pt too wide) in paragraph at lines 406--411
\OML/cmm/m/it/10 n$
 []


! LaTeX Error: Missing \begin{document}.

See the LaTeX manual or LaTeX Companion for explanation.
Type  H <return>  for immediate help.
 ...                                              
                                                  
l.412 如
       果我们假定置信水平 $\delta$ 以及真空管失效的概率和表 18.1 内所给定的相同，那么，根据这个表，要达到上述的失灵概率需要 $n...

You're in trouble here.  Try typing  <return>  to proceed.
If that doesn't work, type  X <return>  to quit.

Missing character: There is no 如 ("5982) in font nullfont!
Missing character: There is no 果 ("679C) in font nullfont!
Missing character: There is no 我 ("6211) in font nullfont!
Missing character: There is no 们 ("4EEC) in font nullfont!
Missing character: There is no 假 ("5047) in font nullfont!
Missing character: There is no 定 ("5B9A) in font nullfont!
Missing character: There is no 置 ("7F6E) in font nullfont!
Missing character: There is no 信 ("4FE1) in font nullfont!
Missing character: There is no 水 ("6C34) in font nullfont!
Missing character: There is no 平 ("5E73) in font nullfont!
Missing character: There is no 以 ("4EE5) in font nullfont!
Missing character: There is no 及 ("53CA) in font nullfont!
Missing character: There is no 真 ("771F) in font nullfont!
Missing character: There is no 空 ("7A7A) in font nullfont!
Missing character: There is no 管 ("7BA1) in font nullfont!
Missing character: There is no 失 ("5931) in font nullfont!
Missing character: There is no 效 ("6548) in font nullfont!
Missing character: There is no 的 ("7684) in font nullfont!
Missing character: There is no 概 ("6982) in font nullfont!
Missing character: There is no 率 ("7387) in font nullfont!
Missing character: There is no 和 ("548C) in font nullfont!
Missing character: There is no 表 ("8868) in font nullfont!
Missing character: There is no 1 ("31) in font nullfont!
Missing character: There is no 8 ("38) in font nullfont!
Missing character: There is no . ("2E) in font nullfont!
Missing character: There is no 1 ("31) in font nullfont!
Missing character: There is no 内 ("5185) in font nullfont!
Missing character: There is no 所 ("6240) in font nullfont!
Missing character: There is no 给 ("7ED9) in font nullfont!
Missing character: There is no 定 ("5B9A) in font nullfont!
Missing character: There is no 的 ("7684) in font nullfont!
Missing character: There is no 相 ("76F8) in font nullfont!
Missing character: There is no 同 ("540C) in font nullfont!
Missing character: There is no ， ("FF0C) in font nullfont!
Missing character: There is no 那 ("90A3) in font nullfont!
Missing character: There is no 么 ("4E48) in font nullfont!
Missing character: There is no ， ("FF0C) in font nullfont!
Missing character: There is no 根 ("6839) in font nullfont!
Missing character: There is no 据 ("636E) in font nullfont!
Missing character: There is no 这 ("8FD9) in font nullfont!
Missing character: There is no 个 ("4E2A) in font nullfont!
Missing character: There is no 表 ("8868) in font nullfont!
Missing character: There is no ， ("FF0C) in font nullfont!
Missing character: There is no 要 ("8981) in font nullfont!
Missing character: There is no 达 ("8FBE) in font nullfont!
Missing character: There is no 到 ("5230) in font nullfont!
Missing character: There is no 上 ("4E0A) in font nullfont!
Missing character: There is no 述 ("8FF0) in font nullfont!
Missing character: There is no 的 ("7684) in font nullfont!
Missing character: There is no 失 ("5931) in font nullfont!
Missing character: There is no 灵 ("7075) in font nullfont!
Missing character: There is no 概 ("6982) in font nullfont!
Missing character: There is no 率 ("7387) in font nullfont!
Missing character: There is no 需 ("9700) in font nullfont!
Missing character: There is no 要 ("8981) in font nullfont!
Missing character: There is no 。 ("3002) in font nullfont!
Missing character: There is no 所 ("6240) in font nullfont!
Missing character: There is no 以 ("4EE5) in font nullfont!
Missing character: There is no ， ("FF0C) in font nullfont!
Missing character: There is no 为 ("4E3A) in font nullfont!
Missing character: There is no 了 ("4E86) in font nullfont!
Missing character: There is no 使 ("4F7F) in font nullfont!
Missing character: There is no 得 ("5F97) in font nullfont!
Missing character: There is no 机 ("673A) in font nullfont!
Missing character: There is no 器 ("5668) in font nullfont!
Missing character: There is no 像 ("50CF) in font nullfont!
Missing character: There is no 所 ("6240) in font nullfont!
Missing character: There is no 要 ("8981) in font nullfont!
Missing character: There is no 求 ("6C42) in font nullfont!
Missing character: There is no 的 ("7684) in font nullfont!
Missing character: There is no 那 ("90A3) in font nullfont!
Missing character: There is no 样 ("6837) in font nullfont!
Missing character: There is no 可 ("53EF) in font nullfont!
Missing character: There is no 靠 ("9760) in font nullfont!
Missing character: There is no ， ("FF0C) in font nullfont!
Missing character: There is no 需 ("9700) in font nullfont!
Missing character: There is no 要 ("8981) in font nullfont!
Missing character: There is no 复 ("590D) in font nullfont!
Missing character: There is no 合 ("5408) in font nullfont!
Missing character: There is no 次 ("6B21) in font nullfont!
Missing character: There is no 。 ("3002) in font nullfont!
Missing character: There is no 这 ("8FD9) in font nullfont!
Missing character: There is no 表 ("8868) in font nullfont!
Missing character: There is no 示 ("793A) in font nullfont!
Missing character: There is no 要 ("8981) in font nullfont!
Missing character: There is no 用 ("7528) in font nullfont!
Missing character: There is no 有 ("6709) in font nullfont!
Missing character: There is no 个 ("4E2A) in font nullfont!
Missing character: There is no 真 ("771F) in font nullfont!
Missing character: There is no 空 ("7A7A) in font nullfont!
Missing character: There is no 管 ("7BA1) in font nullfont!
Missing character: There is no 的 ("7684) in font nullfont!
Missing character: There is no 系 ("7CFB) in font nullfont!
Missing character: There is no 统 ("7EDF) in font nullfont!
Missing character: There is no 去 ("53BB) in font nullfont!
Missing character: There is no 代 ("4EE3) in font nullfont!
Missing character: There is no 替 ("66FF) in font nullfont!
Missing character: There is no 机 ("673A) in font nullfont!
Missing character: There is no 器 ("5668) in font nullfont!
Missing character: There is no 中 ("4E2D) in font nullfont!
Missing character: There is no 每 ("6BCF) in font nullfont!
Missing character: There is no 一 ("4E00) in font nullfont!
Missing character: There is no 个 ("4E2A) in font nullfont!
Missing character: There is no 真 ("771F) in font nullfont!
Missing character: There is no 空 ("7A7A) in font nullfont!
Missing character: There is no 管 ("7BA1) in font nullfont!
Missing character: There is no 。 ("3002) in font nullfont!
Missing character: There is no 原 ("539F) in font nullfont!
Missing character: There is no 来 ("6765) in font nullfont!
Missing character: There is no 个 ("4E2A) in font nullfont!
Missing character: There is no 真 ("771F) in font nullfont!
Missing character: There is no 空 ("7A7A) in font nullfont!
Missing character: There is no 管 ("7BA1) in font nullfont!
Missing character: There is no 的 ("7684) in font nullfont!
Missing character: There is no 机 ("673A) in font nullfont!
Missing character: There is no 器 ("5668) in font nullfont!
Missing character: There is no 现 ("73B0) in font nullfont!
Missing character: There is no 在 ("5728) in font nullfont!
Missing character: There is no 变 ("53D8) in font nullfont!
Missing character: There is no 成 ("6210) in font nullfont!
Missing character: There is no 个 ("4E2A) in font nullfont!
Missing character: There is no 真 ("771F) in font nullfont!
Missing character: There is no 空 ("7A7A) in font nullfont!
Missing character: There is no 管 ("7BA1) in font nullfont!
Missing character: There is no 的 ("7684) in font nullfont!
Missing character: There is no 庞 ("5E9E) in font nullfont!
Missing character: There is no 然 ("7136) in font nullfont!
Missing character: There is no 大 ("5927) in font nullfont!
Missing character: There is no 物 ("7269) in font nullfont!
Missing character: There is no 。 ("3002) in font nullfont!
Missing character: There is no 很 ("5F88) in font nullfont!
Missing character: There is no 显 ("663E) in font nullfont!
Missing character: There is no 然 ("7136) in font nullfont!
Missing character: There is no 这 ("8FD9) in font nullfont!
Missing character: There is no 是 ("662F) in font nullfont!
Missing character: There is no 不 ("4E0D) in font nullfont!
Missing character: There is no 实 ("5B9E) in font nullfont!
Missing character: There is no 际 ("9645) in font nullfont!
Missing character: There is no 的 ("7684) in font nullfont!
Missing character: There is no 。 ("3002) in font nullfont!

Overfull \hbox (20.0pt too wide) in paragraph at lines 412--413
[]
 []


Overfull \hbox (4.8229pt too wide) in paragraph at lines 412--413
\OML/cmm/m/it/10 ^^N$
 []


Overfull \hbox (16.55786pt too wide) in paragraph at lines 412--413
\OML/cmm/m/it/10 n \OT1/cmr/m/n/10 =
 []


Overfull \hbox (25.00008pt too wide) in paragraph at lines 412--413
\OT1/cmr/m/n/10 14000$
 []


Overfull \hbox (25.00008pt too wide) in paragraph at lines 412--413
\OT1/cmr/m/n/10 14000$
 []


Overfull \hbox (21.55788pt too wide) in paragraph at lines 412--413
\OT1/cmr/m/n/10 3\OML/cmm/m/it/10 n \OT1/cmr/m/n/10 =
 []


Overfull \hbox (12.77782pt too wide) in paragraph at lines 412--413
\OT1/cmr/m/n/10 3 \OMS/cmsy/m/n/10 ^^B
 []


Overfull \hbox (35.55559pt too wide) in paragraph at lines 412--413
\OT1/cmr/m/n/10 14000 =
 []


Overfull \hbox (25.00008pt too wide) in paragraph at lines 412--413
\OT1/cmr/m/n/10 42000$
 []


Overfull \hbox (20.00006pt too wide) in paragraph at lines 412--413
\OT1/cmr/m/n/10 2500$
 []


Overfull \hbox (48.33339pt too wide) in paragraph at lines 412--413
\OT1/cmr/m/n/10 105 000 000$
 []


! LaTeX Error: Missing \begin{document}.

See the LaTeX manual or LaTeX Companion for explanation.
Type  H <return>  for immediate help.
 ...                                              
                                                  
l.414 现
       在讨论另外一个例子，我们考虑关于人类神经系统组织的合理的数量描述。神经系统所包含神经节的数目，通常认为是 $10^{10}$。但是考虑到感...

You're in trouble here.  Try typing  <return>  to proceed.
If that doesn't work, type  X <return>  to quit.

Missing character: There is no 现 ("73B0) in font nullfont!
Missing character: There is no 在 ("5728) in font nullfont!
Missing character: There is no 讨 ("8BA8) in font nullfont!
Missing character: There is no 论 ("8BBA) in font nullfont!
Missing character: There is no 另 ("53E6) in font nullfont!
Missing character: There is no 外 ("5916) in font nullfont!
Missing character: There is no 一 ("4E00) in font nullfont!
Missing character: There is no 个 ("4E2A) in font nullfont!
Missing character: There is no 例 ("4F8B) in font nullfont!
Missing character: There is no 子 ("5B50) in font nullfont!
Missing character: There is no ， ("FF0C) in font nullfont!
Missing character: There is no 我 ("6211) in font nullfont!
Missing character: There is no 们 ("4EEC) in font nullfont!
Missing character: There is no 考 ("8003) in font nullfont!
Missing character: There is no 虑 ("8651) in font nullfont!
Missing character: There is no 关 ("5173) in font nullfont!
Missing character: There is no 于 ("4E8E) in font nullfont!
Missing character: There is no 人 ("4EBA) in font nullfont!
Missing character: There is no 类 ("7C7B) in font nullfont!
Missing character: There is no 神 ("795E) in font nullfont!
Missing character: There is no 经 ("7ECF) in font nullfont!
Missing character: There is no 系 ("7CFB) in font nullfont!
Missing character: There is no 统 ("7EDF) in font nullfont!
Missing character: There is no 组 ("7EC4) in font nullfont!
Missing character: There is no 织 ("7EC7) in font nullfont!
Missing character: There is no 的 ("7684) in font nullfont!
Missing character: There is no 合 ("5408) in font nullfont!
Missing character: There is no 理 ("7406) in font nullfont!
Missing character: There is no 的 ("7684) in font nullfont!
Missing character: There is no 数 ("6570) in font nullfont!
Missing character: There is no 量 ("91CF) in font nullfont!
Missing character: There is no 描 ("63CF) in font nullfont!
Missing character: There is no 述 ("8FF0) in font nullfont!
Missing character: There is no 。 ("3002) in font nullfont!
Missing character: There is no 神 ("795E) in font nullfont!
Missing character: There is no 经 ("7ECF) in font nullfont!
Missing character: There is no 系 ("7CFB) in font nullfont!
Missing character: There is no 统 ("7EDF) in font nullfont!
Missing character: There is no 所 ("6240) in font nullfont!
Missing character: There is no 包 ("5305) in font nullfont!
Missing character: There is no 含 ("542B) in font nullfont!
Missing character: There is no 神 ("795E) in font nullfont!
Missing character: There is no 经 ("7ECF) in font nullfont!
Missing character: There is no 节 ("8282) in font nullfont!
Missing character: There is no 的 ("7684) in font nullfont!
Missing character: There is no 数 ("6570) in font nullfont!
Missing character: There is no 目 ("76EE) in font nullfont!
Missing character: There is no ， ("FF0C) in font nullfont!
Missing character: There is no 通 ("901A) in font nullfont!
Missing character: There is no 常 ("5E38) in font nullfont!
Missing character: There is no 认 ("8BA4) in font nullfont!
Missing character: There is no 为 ("4E3A) in font nullfont!
Missing character: There is no 是 ("662F) in font nullfont!
Missing character: There is no 。 ("3002) in font nullfont!
Missing character: There is no 但 ("4F46) in font nullfont!
Missing character: There is no 是 ("662F) in font nullfont!
Missing character: There is no 考 ("8003) in font nullfont!
Missing character: There is no 虑 ("8651) in font nullfont!
Missing character: There is no 到 ("5230) in font nullfont!
Missing character: There is no 感 ("611F) in font nullfont!
Missing character: There is no 受 ("53D7) in font nullfont!
Missing character: There is no 的 ("7684) in font nullfont!
Missing character: There is no 神 ("795E) in font nullfont!
Missing character: There is no 经 ("7ECF) in font nullfont!
Missing character: There is no 末 ("672B) in font nullfont!
Missing character: There is no 梢 ("68A2) in font nullfont!
Missing character: There is no 以 ("4EE5) in font nullfont!
Missing character: There is no 及 ("53CA) in font nullfont!
Missing character: There is no 其 ("5176) in font nullfont!
Missing character: There is no 他 ("4ED6) in font nullfont!
Missing character: There is no 可 ("53EF) in font nullfont!
Missing character: There is no 能 ("80FD) in font nullfont!
Missing character: There is no 的 ("7684) in font nullfont!
Missing character: There is no 更 ("66F4) in font nullfont!
Missing character: There is no 小 ("5C0F) in font nullfont!
Missing character: There is no 的 ("7684) in font nullfont!
Missing character: There is no 自 ("81EA) in font nullfont!
Missing character: There is no 主 ("4E3B) in font nullfont!
Missing character: There is no 的 ("7684) in font nullfont!
Missing character: There is no 单 ("5355) in font nullfont!
Missing character: There is no 元 ("5143) in font nullfont!
Missing character: There is no ， ("FF0C) in font nullfont!
Missing character: There is no 这 ("8FD9) in font nullfont!
Missing character: There is no 个 ("4E2A) in font nullfont!
Missing character: There is no 数 ("6570) in font nullfont!
Missing character: There is no 目 ("76EE) in font nullfont!
Missing character: There is no 当 ("5F53) in font nullfont!
Missing character: There is no 然 ("7136) in font nullfont!
Missing character: There is no 是 ("662F) in font nullfont!
Missing character: There is no 太 ("592A) in font nullfont!
Missing character: There is no 少 ("5C11) in font nullfont!
Missing character: There is no 了 ("4E86) in font nullfont!
Missing character: There is no ， ("FF0C) in font nullfont!
Missing character: There is no 必 ("5FC5) in font nullfont!
Missing character: There is no 须 ("987B) in font nullfont!
Missing character: There is no 还 ("8FD8) in font nullfont!
Missing character: There is no 要 ("8981) in font nullfont!
Missing character: There is no 大 ("5927) in font nullfont!
Missing character: There is no 几 ("51E0) in font nullfont!
Missing character: There is no 百 ("767E) in font nullfont!
Missing character: There is no 倍 ("500D) in font nullfont!
Missing character: There is no 才 ("624D) in font nullfont!
Missing character: There is no 对 ("5BF9) in font nullfont!
Missing character: There is no 。 ("3002) in font nullfont!
Missing character: There is no 我 ("6211) in font nullfont!
Missing character: There is no 们 ("4EEC) in font nullfont!
Missing character: There is no 就 ("5C31) in font nullfont!
Missing character: There is no 取 ("53D6) in font nullfont!
Missing character: There is no 为 ("4E3A) in font nullfont!
Missing character: There is no 基 ("57FA) in font nullfont!
Missing character: There is no 本 ("672C) in font nullfont!
Missing character: There is no 元 ("5143) in font nullfont!
Missing character: There is no 件 ("4EF6) in font nullfont!
Missing character: There is no 的 ("7684) in font nullfont!
Missing character: There is no 数 ("6570) in font nullfont!
Missing character: There is no 目 ("76EE) in font nullfont!
Missing character: There is no ， ("FF0C) in font nullfont!
Missing character: There is no 神 ("795E) in font nullfont!
Missing character: There is no 经 ("7ECF) in font nullfont!
Missing character: There is no 节 ("8282) in font nullfont!
Missing character: There is no 在 ("5728) in font nullfont!
Missing character: There is no 每 ("6BCF) in font nullfont!
Missing character: There is no 秒 ("79D2) in font nullfont!
Missing character: There is no 钟 ("949F) in font nullfont!
Missing character: There is no 里 ("91CC) in font nullfont!
Missing character: There is no 顶 ("9876) in font nullfont!
Missing character: There is no 多 ("591A) in font nullfont!
Missing character: There is no 能 ("80FD) in font nullfont!
Missing character: There is no 承 ("627F) in font nullfont!
Missing character: There is no 受 ("53D7) in font nullfont!
Missing character: There is no 次 ("6B21) in font nullfont!
Missing character: There is no 刺 ("523A) in font nullfont!
Missing character: There is no 激 ("6FC0) in font nullfont!
Missing character: There is no 。 ("3002) in font nullfont!
Missing character: There is no 但 ("4F46) in font nullfont!
Missing character: There is no 是 ("662F) in font nullfont!
Missing character: There is no 每 ("6BCF) in font nullfont!
Missing character: There is no 秒 ("79D2) in font nullfont!
Missing character: There is no 受 ("53D7) in font nullfont!
Missing character: There is no 到 ("5230) in font nullfont!
Missing character: There is no 刺 ("523A) in font nullfont!
Missing character: There is no 激 ("6FC0) in font nullfont!
Missing character: There is no 的 ("7684) in font nullfont!
Missing character: There is no 平 ("5E73) in font nullfont!
Missing character: There is no 均 ("5747) in font nullfont!
Missing character: There is no 数 ("6570) in font nullfont!
Missing character: There is no 要 ("8981) in font nullfont!
Missing character: There is no 少 ("5C11) in font nullfont!
Missing character: There is no 得 ("5F97) in font nullfont!
Missing character: There is no 多 ("591A) in font nullfont!
Missing character: There is no ， ("FF0C) in font nullfont!
Missing character: There is no 比 ("6BD4) in font nullfont!
Missing character: There is no 如 ("5982) in font nullfont!
Missing character: There is no 说 ("8BF4) in font nullfont!
Missing character: There is no 每 ("6BCF) in font nullfont!
Missing character: There is no 秒 ("79D2) in font nullfont!
Missing character: There is no 次 ("6B21) in font nullfont!
Missing character: There is no 。 ("3002) in font nullfont!
Missing character: There is no 我 ("6211) in font nullfont!
Missing character: There is no 们 ("4EEC) in font nullfont!
Missing character: There is no 将 ("5C06) in font nullfont!
Missing character: There is no 要 ("8981) in font nullfont!
Missing character: There is no 进 ("8FDB) in font nullfont!
Missing character: There is no 一 ("4E00) in font nullfont!
Missing character: There is no 步 ("6B65) in font nullfont!
Missing character: There is no 假 ("5047) in font nullfont!
Missing character: There is no 定 ("5B9A) in font nullfont!
Missing character: There is no 我 ("6211) in font nullfont!
Missing character: There is no 们 ("4EEC) in font nullfont!
Missing character: There is no 的 ("7684) in font nullfont!
Missing character: There is no 神 ("795E) in font nullfont!
Missing character: There is no 经 ("7ECF) in font nullfont!
Missing character: There is no 系 ("7CFB) in font nullfont!
Missing character: There is no 统 ("7EDF) in font nullfont!
Missing character: There is no 里 ("91CC) in font nullfont!
Missing character: There is no 发 ("53D1) in font nullfont!
Missing character: There is no 生 ("751F) in font nullfont!
Missing character: There is no 一 ("4E00) in font nullfont!
Missing character: There is no 个 ("4E2A) in font nullfont!
Missing character: There is no 错 ("9519) in font nullfont!
Missing character: There is no 误 ("8BEF) in font nullfont!
Missing character: There is no 就 ("5C31) in font nullfont!
Missing character: There is no 相 ("76F8) in font nullfont!
Missing character: There is no 当 ("5F53) in font nullfont!
Missing character: There is no 严 ("4E25) in font nullfont!
Missing character: There is no 重 ("91CD) in font nullfont!
Missing character: There is no ， ("FF0C) in font nullfont!
Missing character: There is no 因 ("56E0) in font nullfont!
Missing character: There is no 而 ("800C) in font nullfont!
Missing character: There is no 在 ("5728) in font nullfont!
Missing character: There is no 人 ("4EBA) in font nullfont!
Missing character: There is no 的 ("7684) in font nullfont!
Missing character: There is no 一 ("4E00) in font nullfont!
Missing character: There is no 生 ("751F) in font nullfont!
Missing character: There is no 中 ("4E2D) in font nullfont!
Missing character: There is no 都 ("90FD) in font nullfont!
Missing character: There is no 不 ("4E0D) in font nullfont!
Missing character: There is no 应 ("5E94) in font nullfont!
Missing character: There is no 当 ("5F53) in font nullfont!
Missing character: There is no 发 ("53D1) in font nullfont!
Missing character: There is no 生 ("751F) in font nullfont!
Missing character: There is no 错 ("9519) in font nullfont!
Missing character: There is no 误 ("8BEF) in font nullfont!
Missing character: There is no 。 ("3002) in font nullfont!
Missing character: There is no 考 ("8003) in font nullfont!
Missing character: There is no 虑 ("8651) in font nullfont!
Missing character: There is no 不 ("4E0D) in font nullfont!
Missing character: There is no 发 ("53D1) in font nullfont!
Missing character: There is no 生 ("751F) in font nullfont!
Missing character: There is no 误 ("8BEF) in font nullfont!
Missing character: There is no 差 ("5DEE) in font nullfont!
Missing character: There is no 的 ("7684) in font nullfont!
Missing character: There is no 间 ("95F4) in font nullfont!
Missing character: There is no 隔 ("9694) in font nullfont!
Missing character: There is no 是 ("662F) in font nullfont!
Missing character: There is no 年 ("5E74) in font nullfont!
Missing character: There is no ， ("FF0C) in font nullfont!
Missing character: There is no 在 ("5728) in font nullfont!
Missing character: There is no 这 ("8FD9) in font nullfont!
Missing character: There is no 段 ("6BB5) in font nullfont!
Missing character: There is no 时 ("65F6) in font nullfont!
Missing character: There is no 期 ("671F) in font nullfont!
Missing character: There is no 内 ("5185) in font nullfont!
Missing character: There is no ， ("FF0C) in font nullfont!
Missing character: There is no 包 ("5305) in font nullfont!
Missing character: There is no 括 ("62EC) in font nullfont!
Missing character: There is no 个 ("4E2A) in font nullfont!
Missing character: There is no 元 ("5143) in font nullfont!
Missing character: There is no 素 ("7D20) in font nullfont!
Missing character: There is no 的 ("7684) in font nullfont!
Missing character: There is no 系 ("7CFB) in font nullfont!
Missing character: There is no 统 ("7EDF) in font nullfont!
Missing character: There is no 受 ("53D7) in font nullfont!
Missing character: There is no 到 ("5230) in font nullfont!
Missing character: There is no 的 ("7684) in font nullfont!
Missing character: There is no 总 ("603B) in font nullfont!
Missing character: There is no 刺 ("523A) in font nullfont!
Missing character: There is no 激 ("6FC0) in font nullfont!
Missing character: There is no 数 ("6570) in font nullfont!
Missing character: There is no 的 ("7684) in font nullfont!
Missing character: There is no 数 ("6570) in font nullfont!
Missing character: There is no 目 ("76EE) in font nullfont!
Missing character: There is no 是 ("662F) in font nullfont!

! LaTeX Error: Environment equation* undefined.

See the LaTeX manual or LaTeX Companion for explanation.
Type  H <return>  for immediate help.
 ...                                              
                                                  
l.415 \begin{equation*}
                       
Your command was ignored.
Type  I <command> <return>  to replace it with another command,
or  <return>  to continue without it.

Missing character: There is no 1 ("31) in font nullfont!
Missing character: There is no 0 ("30) in font nullfont!
! Missing $ inserted.
<inserted text> 
                $
l.416 10^
         {13} \times 10\,000 \times 31\,536\,000 \times 10 = 3.2\times 10^{25}。
I've inserted a begin-math/end-math symbol since I think
you left one out. Proceed, with fingers crossed.


! LaTeX Error: \begin{document} ended by \end{equation*}.

See the LaTeX manual or LaTeX Companion for explanation.
Type  H <return>  for immediate help.
 ...                                              
                                                  
l.417 \end{equation*}
                     
Your command was ignored.
Type  I <command> <return>  to replace it with another command,
or  <return>  to continue without it.

! Missing $ inserted.
<inserted text> 
                $
l.417 \end{equation*}
                     
I've inserted something that you may have forgotten.
(See the <inserted text> above.)
With luck, this will get me unwedged. But if you
really didn't forget anything, try typing `2' now; then
my insertion and my current dilemma will both disappear.

Missing character: There is no 。 ("3002) in font cmr10!
Missing character: There is no 于 ("4E8E) in font nullfont!
Missing character: There is no 是 ("662F) in font nullfont!
Missing character: There is no 失 ("5931) in font nullfont!
Missing character: There is no 灵 ("7075) in font nullfont!
Missing character: There is no 的 ("7684) in font nullfont!
Missing character: There is no 概 ("6982) in font nullfont!
Missing character: There is no 率 ("7387) in font nullfont!
Missing character: There is no 应 ("5E94) in font nullfont!
Missing character: There is no 该 ("8BE5) in font nullfont!
Missing character: There is no 是 ("662F) in font nullfont!

Overfull \hbox (20.0pt too wide) in paragraph at lines 414--419
[]
 []


Overfull \hbox (18.47229pt too wide) in paragraph at lines 414--419
\OT1/cmr/m/n/10 10[]$
 []


Overfull \hbox (18.47229pt too wide) in paragraph at lines 414--419
\OT1/cmr/m/n/10 10[]$
 []


Overfull \hbox (15.00005pt too wide) in paragraph at lines 414--419
\OT1/cmr/m/n/10 200$
 []


Overfull \hbox (10.00003pt too wide) in paragraph at lines 414--419
\OT1/cmr/m/n/10 10$
 []


Overfull \hbox (26.6667pt too wide) in paragraph at lines 414--419
\OT1/cmr/m/n/10 10 000$
 []


Overfull \hbox (18.47229pt too wide) in paragraph at lines 414--419
\OT1/cmr/m/n/10 10[]$
 []


Overfull \hbox (16.25006pt too wide) in paragraph at lines 414--419
[] \OMS/cmsy/m/n/10 ^^B
 []


Overfull \hbox (34.4445pt too wide) in paragraph at lines 414--419
\OT1/cmr/m/n/10 10 000 \OMS/cmsy/m/n/10 ^^B
 []


Overfull \hbox (51.11118pt too wide) in paragraph at lines 414--419
\OT1/cmr/m/n/10 31 536 000 \OMS/cmsy/m/n/10 ^^B
 []


Overfull \hbox (20.55554pt too wide) in paragraph at lines 414--419
\OT1/cmr/m/n/10 10 =
 []


Overfull \hbox (20.55562pt too wide) in paragraph at lines 414--419
\OT1/cmr/m/n/10 3\OML/cmm/m/it/10 :\OT1/cmr/m/n/10 2 \OMS/cmsy/m/n/10 ^^B
 []


Overfull \hbox (18.47229pt too wide) in paragraph at lines 414--419
\OT1/cmr/m/n/10 10[]$
 []

Missing character: There is no 。 ("3002) in font cmr10!

Overfull \hbox (115.41689pt too wide) detected at line 421
\OT1/cmr/m/n/10 1\OML/cmm/m/it/10 =\OT1/cmr/m/n/10 (3\OML/cmm/m/it/10 :\OT1/cmr
/m/n/10 2 \OMS/cmsy/m/n/10 ^^B \OT1/cmr/m/n/10 10[]) = 3\OML/cmm/m/it/10 :\OT1/
cmr/m/n/10 2 \OMS/cmsy/m/n/10 ^^B \OT1/cmr/m/n/10 10[]
 []

Missing character: There is no 再 ("518D) in font nullfont!
Missing character: There is no 假 ("5047) in font nullfont!
Missing character: There is no 定 ("5B9A) in font nullfont!
Missing character: There is no 那 ("90A3) in font nullfont!
Missing character: There is no 些 ("4E9B) in font nullfont!
Missing character: There is no 基 ("57FA) in font nullfont!
Missing character: There is no 本 ("672C) in font nullfont!
Missing character: There is no 的 ("7684) in font nullfont!
Missing character: There is no 神 ("795E) in font nullfont!
Missing character: There is no 经 ("7ECF) in font nullfont!
Missing character: There is no 元 ("5143) in font nullfont!
Missing character: There is no 件 ("4EF6) in font nullfont!
Missing character: There is no 有 ("6709) in font nullfont!
Missing character: There is no 表 ("8868) in font nullfont!
Missing character: There is no 1 ("31) in font nullfont!
Missing character: There is no 8 ("38) in font nullfont!
Missing character: There is no . ("2E) in font nullfont!
Missing character: There is no 1 ("31) in font nullfont!
Missing character: There is no 叙 ("53D9) in font nullfont!
Missing character: There is no 述 ("8FF0) in font nullfont!
Missing character: There is no 的 ("7684) in font nullfont!
Missing character: There is no 性 ("6027) in font nullfont!
Missing character: There is no 质 ("8D28) in font nullfont!
Missing character: There is no ； ("FF1B) in font nullfont!
Missing character: There is no 于 ("4E8E) in font nullfont!
Missing character: There is no 是 ("662F) in font nullfont!
Missing character: There is no 从 ("4ECE) in font nullfont!
Missing character: There is no 表 ("8868) in font nullfont!
Missing character: There is no 内 ("5185) in font nullfont!
Missing character: There is no 推 ("63A8) in font nullfont!
Missing character: There is no 出 ("51FA) in font nullfont!
Missing character: There is no 。 ("3002) in font nullfont!

Overfull \hbox (16.55786pt too wide) in paragraph at lines 421--423
   $\OML/cmm/m/it/10 n \OT1/cmr/m/n/10 =
 []


Overfull \hbox (26.6667pt too wide) in paragraph at lines 421--423
\OT1/cmr/m/n/10 28 000$ 
 []


! LaTeX Error: Missing \begin{document}.

See the LaTeX manual or LaTeX Companion for explanation.
Type  H <return>  for immediate help.
 ...                                              
                                                  
l.424 但
       是需要修正我们的分析：假设人类的神经系统真正复合 $28\,000$ 次，那么在未复合的系统中基本元件的数目并非上面假定的 $10^{13...

You're in trouble here.  Try typing  <return>  to proceed.
If that doesn't work, type  X <return>  to quit.

Missing character: There is no 但 ("4F46) in font nullfont!
Missing character: There is no 是 ("662F) in font nullfont!
Missing character: There is no 需 ("9700) in font nullfont!
Missing character: There is no 要 ("8981) in font nullfont!
Missing character: There is no 修 ("4FEE) in font nullfont!
Missing character: There is no 正 ("6B63) in font nullfont!
Missing character: There is no 我 ("6211) in font nullfont!
Missing character: There is no 们 ("4EEC) in font nullfont!
Missing character: There is no 的 ("7684) in font nullfont!
Missing character: There is no 分 ("5206) in font nullfont!
Missing character: There is no 析 ("6790) in font nullfont!
Missing character: There is no ： ("FF1A) in font nullfont!
Missing character: There is no 假 ("5047) in font nullfont!
Missing character: There is no 设 ("8BBE) in font nullfont!
Missing character: There is no 人 ("4EBA) in font nullfont!
Missing character: There is no 类 ("7C7B) in font nullfont!
Missing character: There is no 的 ("7684) in font nullfont!
Missing character: There is no 神 ("795E) in font nullfont!
Missing character: There is no 经 ("7ECF) in font nullfont!
Missing character: There is no 系 ("7CFB) in font nullfont!
Missing character: There is no 统 ("7EDF) in font nullfont!
Missing character: There is no 真 ("771F) in font nullfont!
Missing character: There is no 正 ("6B63) in font nullfont!
Missing character: There is no 复 ("590D) in font nullfont!
Missing character: There is no 合 ("5408) in font nullfont!
Missing character: There is no 次 ("6B21) in font nullfont!
Missing character: There is no ， ("FF0C) in font nullfont!
Missing character: There is no 那 ("90A3) in font nullfont!
Missing character: There is no 么 ("4E48) in font nullfont!
Missing character: There is no 在 ("5728) in font nullfont!
Missing character: There is no 未 ("672A) in font nullfont!
Missing character: There is no 复 ("590D) in font nullfont!
Missing character: There is no 合 ("5408) in font nullfont!
Missing character: There is no 的 ("7684) in font nullfont!
Missing character: There is no 系 ("7CFB) in font nullfont!
Missing character: There is no 统 ("7EDF) in font nullfont!
Missing character: There is no 中 ("4E2D) in font nullfont!
Missing character: There is no 基 ("57FA) in font nullfont!
Missing character: There is no 本 ("672C) in font nullfont!
Missing character: There is no 元 ("5143) in font nullfont!
Missing character: There is no 件 ("4EF6) in font nullfont!
Missing character: There is no 的 ("7684) in font nullfont!
Missing character: There is no 数 ("6570) in font nullfont!
Missing character: There is no 目 ("76EE) in font nullfont!
Missing character: There is no 并 ("5E76) in font nullfont!
Missing character: There is no 非 ("975E) in font nullfont!
Missing character: There is no 上 ("4E0A) in font nullfont!
Missing character: There is no 面 ("9762) in font nullfont!
Missing character: There is no 假 ("5047) in font nullfont!
Missing character: There is no 定 ("5B9A) in font nullfont!
Missing character: There is no 的 ("7684) in font nullfont!
Missing character: There is no ； ("FF1B) in font nullfont!
Missing character: There is no 基 ("57FA) in font nullfont!
Missing character: There is no 本 ("672C) in font nullfont!
Missing character: There is no 元 ("5143) in font nullfont!
Missing character: There is no 件 ("4EF6) in font nullfont!
Missing character: There is no 的 ("7684) in font nullfont!
Missing character: There is no 数 ("6570) in font nullfont!
Missing character: There is no 目 ("76EE) in font nullfont!
Missing character: There is no 将 ("5C06) in font nullfont!
Missing character: There is no 要 ("8981) in font nullfont!
Missing character: There is no 缩 ("7F29) in font nullfont!
Missing character: There is no 减 ("51CF) in font nullfont!
Missing character: There is no 到 ("5230) in font nullfont!
Missing character: There is no ， ("FF0C) in font nullfont!
Missing character: There is no 因 ("56E0) in font nullfont!
Missing character: There is no 此 ("6B64) in font nullfont!
Missing character: There is no ， ("FF0C) in font nullfont!
Missing character: There is no 失 ("5931) in font nullfont!
Missing character: There is no 灵 ("7075) in font nullfont!
Missing character: There is no 的 ("7684) in font nullfont!
Missing character: There is no 概 ("6982) in font nullfont!
Missing character: There is no 率 ("7387) in font nullfont!
Missing character: There is no 应 ("5E94) in font nullfont!
Missing character: There is no 该 ("8BE5) in font nullfont!
Missing character: There is no 增 ("589E) in font nullfont!
Missing character: There is no 加 ("52A0) in font nullfont!
Missing character: There is no 倍 ("500D) in font nullfont!
Missing character: There is no ， ("FF0C) in font nullfont!
Missing character: There is no 修 ("4FEE) in font nullfont!
Missing character: There is no 正 ("6B63) in font nullfont!
Missing character: There is no 后 ("540E) in font nullfont!
Missing character: There is no 失 ("5931) in font nullfont!
Missing character: There is no 灵 ("7075) in font nullfont!
Missing character: There is no 的 ("7684) in font nullfont!
Missing character: There is no 概 ("6982) in font nullfont!
Missing character: There is no 率 ("7387) in font nullfont!
Missing character: There is no 是 ("662F) in font nullfont!
Missing character: There is no ， ("FF0C) in font nullfont!
Missing character: There is no 于 ("4E8E) in font nullfont!
Missing character: There is no 是 ("662F) in font nullfont!
Missing character: There is no 表 ("8868) in font nullfont!
Missing character: There is no 1 ("31) in font nullfont!
Missing character: There is no 8 ("38) in font nullfont!
Missing character: There is no . ("2E) in font nullfont!
Missing character: There is no 1 ("31) in font nullfont!
Missing character: There is no 给 ("7ED9) in font nullfont!
Missing character: There is no 出 ("51FA) in font nullfont!
Missing character: There is no 。 ("3002) in font nullfont!
Missing character: There is no 再 ("518D) in font nullfont!
Missing character: There is no 重 ("91CD) in font nullfont!
Missing character: There is no 复 ("590D) in font nullfont!
Missing character: There is no 下 ("4E0B) in font nullfont!
Missing character: There is no 去 ("53BB) in font nullfont!
Missing character: There is no ， ("FF0C) in font nullfont!
Missing character: There is no 这 ("8FD9) in font nullfont!
Missing character: There is no 个 ("4E2A) in font nullfont!
Missing character: There is no 值 ("503C) in font nullfont!
Missing character: There is no 将 ("5C06) in font nullfont!
Missing character: There is no 不 ("4E0D) in font nullfont!
Missing character: There is no 会 ("4F1A) in font nullfont!
Missing character: There is no 改 ("6539) in font nullfont!
Missing character: There is no 变 ("53D8) in font nullfont!
Missing character: There is no 了 ("4E86) in font nullfont!
Missing character: There is no 。 ("3002) in font nullfont!

Overfull \hbox (20.0pt too wide) in paragraph at lines 424--425
[]
 []


Overfull \hbox (26.6667pt too wide) in paragraph at lines 424--425
\OT1/cmr/m/n/10 28 000$
 []


Overfull \hbox (18.47229pt too wide) in paragraph at lines 424--425
\OT1/cmr/m/n/10 10[]$
 []


Overfull \hbox (40.13902pt too wide) in paragraph at lines 424--425
\OT1/cmr/m/n/10 10[]\OML/cmm/m/it/10 =\OT1/cmr/m/n/10 (3 \OMS/cmsy/m/n/10 ^^B
 []


Overfull \hbox (30.5556pt too wide) in paragraph at lines 424--425
\OT1/cmr/m/n/10 28 000)$
 []


Overfull \hbox (12.77782pt too wide) in paragraph at lines 424--425
\OT1/cmr/m/n/10 3 \OMS/cmsy/m/n/10 ^^B
 []


Overfull \hbox (26.6667pt too wide) in paragraph at lines 424--425
\OT1/cmr/m/n/10 28 000$
 []


Overfull \hbox (20.55562pt too wide) in paragraph at lines 424--425
\OT1/cmr/m/n/10 2\OML/cmm/m/it/10 :\OT1/cmr/m/n/10 7 \OMS/cmsy/m/n/10 ^^B
 []


Overfull \hbox (24.7223pt too wide) in paragraph at lines 424--425
\OT1/cmr/m/n/10 10[]$
 []


Overfull \hbox (16.55786pt too wide) in paragraph at lines 424--425
\OML/cmm/m/it/10 n \OT1/cmr/m/n/10 =
 []


Overfull \hbox (26.6667pt too wide) in paragraph at lines 424--425
\OT1/cmr/m/n/10 22 000$ 
 []


! LaTeX Error: Missing \begin{document}.

See the LaTeX manual or LaTeX Companion for explanation.
Type  H <return>  for immediate help.
 ...                                              
                                                  
l.426 这
       些例子说明，控制误差的复合方法虽然我们可以想像对于神经系统的微小“元件”的情形可以应用，但是在现在工艺情况下，这种方法对于工程系统的应用还...

You're in trouble here.  Try typing  <return>  to proceed.
If that doesn't work, type  X <return>  to quit.

Missing character: There is no 这 ("8FD9) in font nullfont!
Missing character: There is no 些 ("4E9B) in font nullfont!
Missing character: There is no 例 ("4F8B) in font nullfont!
Missing character: There is no 子 ("5B50) in font nullfont!
Missing character: There is no 说 ("8BF4) in font nullfont!
Missing character: There is no 明 ("660E) in font nullfont!
Missing character: There is no ， ("FF0C) in font nullfont!
Missing character: There is no 控 ("63A7) in font nullfont!
Missing character: There is no 制 ("5236) in font nullfont!
Missing character: There is no 误 ("8BEF) in font nullfont!
Missing character: There is no 差 ("5DEE) in font nullfont!
Missing character: There is no 的 ("7684) in font nullfont!
Missing character: There is no 复 ("590D) in font nullfont!
Missing character: There is no 合 ("5408) in font nullfont!
Missing character: There is no 方 ("65B9) in font nullfont!
Missing character: There is no 法 ("6CD5) in font nullfont!
Missing character: There is no 虽 ("867D) in font nullfont!
Missing character: There is no 然 ("7136) in font nullfont!
Missing character: There is no 我 ("6211) in font nullfont!
Missing character: There is no 们 ("4EEC) in font nullfont!
Missing character: There is no 可 ("53EF) in font nullfont!
Missing character: There is no 以 ("4EE5) in font nullfont!
Missing character: There is no 想 ("60F3) in font nullfont!
Missing character: There is no 像 ("50CF) in font nullfont!
Missing character: There is no 对 ("5BF9) in font nullfont!
Missing character: There is no 于 ("4E8E) in font nullfont!
Missing character: There is no 神 ("795E) in font nullfont!
Missing character: There is no 经 ("7ECF) in font nullfont!
Missing character: There is no 系 ("7CFB) in font nullfont!
Missing character: There is no 统 ("7EDF) in font nullfont!
Missing character: There is no 的 ("7684) in font nullfont!
Missing character: There is no 微 ("5FAE) in font nullfont!
Missing character: There is no 小 ("5C0F) in font nullfont!
Missing character: There is no “ ("201C) in font nullfont!
Missing character: There is no 元 ("5143) in font nullfont!
Missing character: There is no 件 ("4EF6) in font nullfont!
Missing character: There is no ” ("201D) in font nullfont!
Missing character: There is no 的 ("7684) in font nullfont!
Missing character: There is no 情 ("60C5) in font nullfont!
Missing character: There is no 形 ("5F62) in font nullfont!
Missing character: There is no 可 ("53EF) in font nullfont!
Missing character: There is no 以 ("4EE5) in font nullfont!
Missing character: There is no 应 ("5E94) in font nullfont!
Missing character: There is no 用 ("7528) in font nullfont!
Missing character: There is no ， ("FF0C) in font nullfont!
Missing character: There is no 但 ("4F46) in font nullfont!
Missing character: There is no 是 ("662F) in font nullfont!
Missing character: There is no 在 ("5728) in font nullfont!
Missing character: There is no 现 ("73B0) in font nullfont!
Missing character: There is no 在 ("5728) in font nullfont!
Missing character: There is no 工 ("5DE5) in font nullfont!
Missing character: There is no 艺 ("827A) in font nullfont!
Missing character: There is no 情 ("60C5) in font nullfont!
Missing character: There is no 况 ("51B5) in font nullfont!
Missing character: There is no 下 ("4E0B) in font nullfont!
Missing character: There is no ， ("FF0C) in font nullfont!
Missing character: There is no 这 ("8FD9) in font nullfont!
Missing character: There is no 种 ("79CD) in font nullfont!
Missing character: There is no 方 ("65B9) in font nullfont!
Missing character: There is no 法 ("6CD5) in font nullfont!
Missing character: There is no 对 ("5BF9) in font nullfont!
Missing character: There is no 于 ("4E8E) in font nullfont!
Missing character: There is no 工 ("5DE5) in font nullfont!
Missing character: There is no 程 ("7A0B) in font nullfont!
Missing character: There is no 系 ("7CFB) in font nullfont!
Missing character: There is no 统 ("7EDF) in font nullfont!
Missing character: There is no 的 ("7684) in font nullfont!
Missing character: There is no 应 ("5E94) in font nullfont!
Missing character: There is no 用 ("7528) in font nullfont!
Missing character: There is no 还 ("8FD8) in font nullfont!
Missing character: There is no 是 ("662F) in font nullfont!
Missing character: There is no 很 ("5F88) in font nullfont!
Missing character: There is no 不 ("4E0D) in font nullfont!
Missing character: There is no 实 ("5B9E) in font nullfont!
Missing character: There is no 际 ("9645) in font nullfont!
Missing character: There is no 的 ("7684) in font nullfont!
Missing character: There is no 。 ("3002) in font nullfont!
Missing character: There is no 将 ("5C06) in font nullfont!
Missing character: There is no 来 ("6765) in font nullfont!
Missing character: There is no 一 ("4E00) in font nullfont!
Missing character: There is no 个 ("4E2A) in font nullfont!
Missing character: There is no 明 ("660E) in font nullfont!
Missing character: There is no 显 ("663E) in font nullfont!
Missing character: There is no 的 ("7684) in font nullfont!
Missing character: There is no 发 ("53D1) in font nullfont!
Missing character: There is no 展 ("5C55) in font nullfont!
Missing character: There is no 方 ("65B9) in font nullfont!
Missing character: There is no 向 ("5411) in font nullfont!
Missing character: There is no 是 ("662F) in font nullfont!
Missing character: There is no 减 ("51CF) in font nullfont!
Missing character: There is no 小 ("5C0F) in font nullfont!
Missing character: There is no 元 ("5143) in font nullfont!
Missing character: There is no 件 ("4EF6) in font nullfont!
Missing character: There is no 的 ("7684) in font nullfont!
Missing character: There is no 体 ("4F53) in font nullfont!
Missing character: There is no 积 ("79EF) in font nullfont!
Missing character: There is no 和 ("548C) in font nullfont!
Missing character: There is no 功 ("529F) in font nullfont!
Missing character: There is no 率 ("7387) in font nullfont!
Missing character: There is no 。 ("3002) in font nullfont!
Missing character: There is no 从 ("4ECE) in font nullfont!
Missing character: There is no 这 ("8FD9) in font nullfont!
Missing character: There is no 个 ("4E2A) in font nullfont!
Missing character: There is no 观 ("89C2) in font nullfont!
Missing character: There is no 点 ("70B9) in font nullfont!
Missing character: There is no 出 ("51FA) in font nullfont!
Missing character: There is no 发 ("53D1) in font nullfont!
Missing character: There is no ， ("FF0C) in font nullfont!
Missing character: There is no 半 ("534A) in font nullfont!
Missing character: There is no 导 ("5BFC) in font nullfont!
Missing character: There is no 体 ("4F53) in font nullfont!
Missing character: There is no 制 ("5236) in font nullfont!
Missing character: There is no 成 ("6210) in font nullfont!
Missing character: There is no 的 ("7684) in font nullfont!
Missing character: There is no 晶 ("6676) in font nullfont!
Missing character: There is no 体 ("4F53) in font nullfont!
Missing character: There is no 管 ("7BA1) in font nullfont!
Missing character: There is no 比 ("6BD4) in font nullfont!
Missing character: There is no 起 ("8D77) in font nullfont!
Missing character: There is no 真 ("771F) in font nullfont!
Missing character: There is no 空 ("7A7A) in font nullfont!
Missing character: There is no 管 ("7BA1) in font nullfont!
Missing character: There is no 来 ("6765) in font nullfont!
Missing character: There is no 有 ("6709) in font nullfont!
Missing character: There is no 了 ("4E86) in font nullfont!
Missing character: There is no 巨 ("5DE8) in font nullfont!
Missing character: There is no 大 ("5927) in font nullfont!
Missing character: There is no 的 ("7684) in font nullfont!
Missing character: There is no 改 ("6539) in font nullfont!
Missing character: There is no 进 ("8FDB) in font nullfont!
Missing character: There is no 。 ("3002) in font nullfont!
Missing character: There is no 因 ("56E0) in font nullfont!
Missing character: There is no 此 ("6B64) in font nullfont!
Missing character: There is no 复 ("590D) in font nullfont!
Missing character: There is no 合 ("5408) in font nullfont!
Missing character: There is no 方 ("65B9) in font nullfont!
Missing character: There is no 法 ("6CD5) in font nullfont!
Missing character: There is no 将 ("5C06) in font nullfont!
Missing character: There is no 来 ("6765) in font nullfont!
Missing character: There is no 也 ("4E5F) in font nullfont!
Missing character: There is no 许 ("8BB8) in font nullfont!
Missing character: There is no 能 ("80FD) in font nullfont!
Missing character: There is no 变 ("53D8) in font nullfont!
Missing character: There is no 为 ("4E3A) in font nullfont!
Missing character: There is no 实 ("5B9E) in font nullfont!
Missing character: There is no 际 ("9645) in font nullfont!
Missing character: There is no 可 ("53EF) in font nullfont!
Missing character: There is no 用 ("7528) in font nullfont!
Missing character: There is no 。 ("3002) in font nullfont!
Missing character: There is no 另 ("53E6) in font nullfont!
Missing character: There is no 外 ("5916) in font nullfont!
Missing character: There is no 一 ("4E00) in font nullfont!
Missing character: There is no 个 ("4E2A) in font nullfont!
Missing character: There is no 研 ("7814) in font nullfont!
Missing character: There is no 究 ("7A76) in font nullfont!
Missing character: There is no 的 ("7684) in font nullfont!
Missing character: There is no 方 ("65B9) in font nullfont!
Missing character: There is no 向 ("5411) in font nullfont!
Missing character: There is no 是 ("662F) in font nullfont!
Missing character: There is no 更 ("66F4) in font nullfont!
Missing character: There is no 加 ("52A0) in font nullfont!
Missing character: There is no 深 ("6DF1) in font nullfont!
Missing character: There is no 入 ("5165) in font nullfont!
Missing character: There is no 地 ("5730) in font nullfont!
Missing character: There is no 分 ("5206) in font nullfont!
Missing character: There is no 析 ("6790) in font nullfont!
Missing character: There is no 控 ("63A7) in font nullfont!
Missing character: There is no 制 ("5236) in font nullfont!
Missing character: There is no 误 ("8BEF) in font nullfont!
Missing character: There is no 差 ("5DEE) in font nullfont!
Missing character: There is no 的 ("7684) in font nullfont!
Missing character: There is no 过 ("8FC7) in font nullfont!
Missing character: There is no 程 ("7A0B) in font nullfont!
Missing character: There is no 。 ("3002) in font nullfont!
Missing character: There is no 对 ("5BF9) in font nullfont!
Missing character: There is no 于 ("4E8E) in font nullfont!
Missing character: There is no 谢 ("8C22) in font nullfont!
Missing character: There is no 弗 ("5F17) in font nullfont!
Missing character: There is no 元 ("5143) in font nullfont!
Missing character: There is no 件 ("4EF6) in font nullfont!
Missing character: There is no ， ("FF0C) in font nullfont!
Missing character: There is no 我 ("6211) in font nullfont!
Missing character: There is no 们 ("4EEC) in font nullfont!
Missing character: There is no 的 ("7684) in font nullfont!
Missing character: There is no 基 ("57FA) in font nullfont!
Missing character: There is no 本 ("672C) in font nullfont!
Missing character: There is no 系 ("7CFB) in font nullfont!
Missing character: There is no 统 ("7EDF) in font nullfont!
Missing character: There is no 里 ("91CC) in font nullfont!
Missing character: There is no ， ("FF0C) in font nullfont!
Missing character: There is no 执 ("6267) in font nullfont!
Missing character: There is no 行 ("884C) in font nullfont!
Missing character: There is no 机 ("673A) in font nullfont!
Missing character: There is no 构 ("6784) in font nullfont!
Missing character: There is no 和 ("548C) in font nullfont!
Missing character: There is no 复 ("590D) in font nullfont!
Missing character: There is no 原 ("539F) in font nullfont!
Missing character: There is no 机 ("673A) in font nullfont!
Missing character: There is no 构 ("6784) in font nullfont!
Missing character: There is no 的 ("7684) in font nullfont!
Missing character: There is no 组 ("7EC4) in font nullfont!
Missing character: There is no 织 ("7EC7) in font nullfont!
Missing character: There is no 方 ("65B9) in font nullfont!
Missing character: There is no 式 ("5F0F) in font nullfont!
Missing character: There is no 毕 ("6BD5) in font nullfont!
Missing character: There is no 竟 ("7ADF) in font nullfont!
Missing character: There is no 只 ("53EA) in font nullfont!
Missing character: There is no 是 ("662F) in font nullfont!
Missing character: There is no 一 ("4E00) in font nullfont!
Missing character: There is no 种 ("79CD) in font nullfont!
Missing character: There is no 可 ("53EF) in font nullfont!
Missing character: There is no 能 ("80FD) in font nullfont!
Missing character: There is no 的 ("7684) in font nullfont!
Missing character: There is no 组 ("7EC4) in font nullfont!
Missing character: There is no 织 ("7EC7) in font nullfont!
Missing character: There is no 方 ("65B9) in font nullfont!
Missing character: There is no 式 ("5F0F) in font nullfont!
Missing character: There is no 。 ("3002) in font nullfont!
Missing character: There is no 很 ("5F88) in font nullfont!
Missing character: There is no 幸 ("5E78) in font nullfont!
Missing character: There is no 运 ("8FD0) in font nullfont!
Missing character: There is no 地 ("5730) in font nullfont!
Missing character: There is no ， ("FF0C) in font nullfont!
Missing character: There is no 在 ("5728) in font nullfont!
Missing character: There is no 证 ("8BC1) in font nullfont!
Missing character: There is no 明 ("660E) in font nullfont!
Missing character: There is no 增 ("589E) in font nullfont!
Missing character: There is no 加 ("52A0) in font nullfont!
Missing character: There is no 可 ("53EF) in font nullfont!
Missing character: There is no 靠 ("9760) in font nullfont!
Missing character: There is no 性 ("6027) in font nullfont!
Missing character: There is no 的 ("7684) in font nullfont!
Missing character: There is no 可 ("53EF) in font nullfont!
Missing character: There is no 能 ("80FD) in font nullfont!
Missing character: There is no 性 ("6027) in font nullfont!
Missing character: There is no 方 ("65B9) in font nullfont!
Missing character: There is no 面 ("9762) in font nullfont!
Missing character: There is no 我 ("6211) in font nullfont!
Missing character: There is no 们 ("4EEC) in font nullfont!
Missing character: There is no 已 ("5DF2) in font nullfont!
Missing character: There is no 经 ("7ECF) in font nullfont!
Missing character: There is no 获 ("83B7) in font nullfont!
Missing character: There is no 得 ("5F97) in font nullfont!
Missing character: There is no 了 ("4E86) in font nullfont!
Missing character: There is no 这 ("8FD9) in font nullfont!
Missing character: There is no 一 ("4E00) in font nullfont!
Missing character: There is no 个 ("4E2A) in font nullfont!
Missing character: There is no 初 ("521D) in font nullfont!
Missing character: There is no 步 ("6B65) in font nullfont!
Missing character: There is no 的 ("7684) in font nullfont!
Missing character: There is no 成 ("6210) in font nullfont!
Missing character: There is no 功 ("529F) in font nullfont!
Missing character: There is no 。 ("3002) in font nullfont!
Missing character: There is no 当 ("5F53) in font nullfont!
Missing character: There is no 然 ("7136) in font nullfont!
Missing character: There is no 也 ("4E5F) in font nullfont!
Missing character: There is no 还 ("8FD8) in font nullfont!
Missing character: There is no 可 ("53EF) in font nullfont!
Missing character: There is no 能 ("80FD) in font nullfont!
Missing character: There is no 有 ("6709) in font nullfont!
Missing character: There is no 另 ("53E6) in font nullfont!
Missing character: There is no 外 ("5916) in font nullfont!
Missing character: There is no 一 ("4E00) in font nullfont!
Missing character: There is no 种 ("79CD) in font nullfont!
Missing character: There is no 把 ("628A) in font nullfont!
Missing character: There is no 很 ("5F88) in font nullfont!
Missing character: There is no 多 ("591A) in font nullfont!
Missing character: There is no 元 ("5143) in font nullfont!
Missing character: There is no 件 ("4EF6) in font nullfont!
Missing character: There is no 组 ("7EC4) in font nullfont!
Missing character: There is no 合 ("5408) in font nullfont!
Missing character: There is no 起 ("8D77) in font nullfont!
Missing character: There is no 来 ("6765) in font nullfont!
Missing character: There is no 的 ("7684) in font nullfont!
Missing character: There is no 办 ("529E) in font nullfont!
Missing character: There is no 法 ("6CD5) in font nullfont!
Missing character: There is no 。 ("3002) in font nullfont!
Missing character: There is no 利 ("5229) in font nullfont!
Missing character: There is no 用 ("7528) in font nullfont!
Missing character: There is no 那 ("90A3) in font nullfont!
Missing character: There is no 种 ("79CD) in font nullfont!
Missing character: There is no 方 ("65B9) in font nullfont!
Missing character: There is no 法 ("6CD5) in font nullfont!
Missing character: There is no 仍 ("4ECD) in font nullfont!
Missing character: There is no 然 ("7136) in font nullfont!
Missing character: There is no 可 ("53EF) in font nullfont!
Missing character: There is no 以 ("4EE5) in font nullfont!
Missing character: There is no 产 ("4EA7) in font nullfont!
Missing character: There is no 生 ("751F) in font nullfont!
Missing character: There is no 同 ("540C) in font nullfont!
Missing character: There is no 样 ("6837) in font nullfont!
Missing character: There is no 的 ("7684) in font nullfont!
Missing character: There is no 可 ("53EF) in font nullfont!
Missing character: There is no 靠 ("9760) in font nullfont!
Missing character: There is no 性 ("6027) in font nullfont!
Missing character: There is no 能 ("80FD) in font nullfont!
Missing character: There is no ， ("FF0C) in font nullfont!
Missing character: There is no 而 ("800C) in font nullfont!
Missing character: There is no 元 ("5143) in font nullfont!
Missing character: There is no 件 ("4EF6) in font nullfont!
Missing character: There is no 的 ("7684) in font nullfont!
Missing character: There is no 数 ("6570) in font nullfont!
Missing character: There is no 目 ("76EE) in font nullfont!
Missing character: There is no 比 ("6BD4) in font nullfont!
Missing character: There is no 较 ("8F83) in font nullfont!
Missing character: There is no 少 ("5C11) in font nullfont!
Missing character: There is no 。 ("3002) in font nullfont!
Missing character: There is no 莫 ("83AB) in font nullfont!
Missing character: There is no 尔 ("5C14) in font nullfont!
Missing character: There is no ( ("28) in font nullfont!
Missing character: There is no E ("45) in font nullfont!
Missing character: There is no . ("2E) in font nullfont!
Missing character: There is no F ("46) in font nullfont!
Missing character: There is no . ("2E) in font nullfont!
Missing character: There is no M ("4D) in font nullfont!
Missing character: There is no o ("6F) in font nullfont!
Missing character: There is no o ("6F) in font nullfont!
Missing character: There is no r ("72) in font nullfont!
Missing character: There is no e ("65) in font nullfont!
Missing character: There is no ) ("29) in font nullfont!
Missing character: There is no 和 ("548C) in font nullfont!
Missing character: There is no 申 ("7533) in font nullfont!
Missing character: There is no 南 ("5357) in font nullfont!
! Undefined control sequence.
\@footnotetext ...tins {\reset@font \footnotesize 
                                                  \interlinepenalty \interfo...
l.426 ...62 No. 3, No. 4, 191～208, 281～297(1956)。}
                                                  (C. E. Shannon)曾经把继电器当作基本元...
The control sequence at the end of the top line
of your error message was never \def'ed. If you have
misspelled it (e.g., `\hobx'), type `I' and the correct
spelling (e.g., `I\hbox'). Otherwise just continue,
and I'll forget about whatever was undefined.

! Undefined control sequence.
\@footnotetext ...}\color@begingroup \@makefntext 
                                                  {\rule \z@ \footnotesep \i...
l.426 ...62 No. 3, No. 4, 191～208, 281～297(1956)。}
                                                  (C. E. Shannon)曾经把继电器当作基本元...
The control sequence at the end of the top line
of your error message was never \def'ed. If you have
misspelled it (e.g., `\hobx'), type `I' and the correct
spelling (e.g., `I\hbox'). Otherwise just continue,
and I'll forget about whatever was undefined.

Missing character: There is no ～ (U+FF5E) in font [lmroman10-regular]:mapping=t
ex-text;!
Missing character: There is no ～ (U+FF5E) in font [lmroman10-regular]:mapping=t
ex-text;!
Missing character: There is no 。 (U+3002) in font [lmroman10-regular]:mapping=t
ex-text;!

Overfull \hbox (9.59pt too wide) in paragraph at lines 426--426
[][]\TU/lmr/m/n/10 E.
 []


Overfull \hbox (9.31pt too wide) in paragraph at lines 426--426
\TU/lmr/m/n/10 F.
 []


Overfull \hbox (30.59pt too wide) in paragraph at lines 426--426
\TU/lmr/m/n/10 Moore,
 []


Overfull \hbox (10.0pt too wide) in paragraph at lines 426--426
\TU/lmr/m/n/10 C.
 []


Overfull \hbox (9.59pt too wide) in paragraph at lines 426--426
\TU/lmr/m/n/10 E.
 []


Overfull \hbox (25.01pt too wide) in paragraph at lines 426--426
\TU/lmr/m/n/10 Shan-
 []


Overfull \hbox (18.9pt too wide) in paragraph at lines 426--426
\TU/lmr/m/n/10 non,
 []


Overfull \hbox (14.96pt too wide) in paragraph at lines 426--426
\TU/lmr/m/it/10 Re-
 []


Overfull \hbox (9.21pt too wide) in paragraph at lines 426--426
\TU/lmr/m/it/10 li-
 []


Overfull \hbox (16.87pt too wide) in paragraph at lines 426--426
\TU/lmr/m/it/10 able
 []


Overfull \hbox (18.03pt too wide) in paragraph at lines 426--426
\TU/lmr/m/it/10 Cir-
 []


Overfull \hbox (20.45pt too wide) in paragraph at lines 426--426
\TU/lmr/m/it/10 cuits
 []


Overfull \hbox (14.59pt too wide) in paragraph at lines 426--426
\TU/lmr/m/it/10 Us-
 []


Overfull \hbox (13.29pt too wide) in paragraph at lines 426--426
\TU/lmr/m/it/10 ing
 []


Overfull \hbox (18.54001pt too wide) in paragraph at lines 426--426
\TU/lmr/m/it/10 Less
 []


Overfull \hbox (14.96pt too wide) in paragraph at lines 426--426
\TU/lmr/m/it/10 Re-
 []


Overfull \hbox (9.21pt too wide) in paragraph at lines 426--426
\TU/lmr/m/it/10 li-
 []


Overfull \hbox (16.87pt too wide) in paragraph at lines 426--426
\TU/lmr/m/it/10 able
 []


Overfull \hbox (14.96pt too wide) in paragraph at lines 426--426
\TU/lmr/m/it/10 Re-
 []


Overfull \hbox (19.4pt too wide) in paragraph at lines 426--426
\TU/lmr/m/it/10 lays\TU/lmr/m/n/10 ,
 []


Overfull \hbox (7.92pt too wide) in paragraph at lines 426--426
\TU/lmr/m/n/10 J.
 []


Overfull \hbox (36.58pt too wide) in paragraph at lines 426--426
\TU/lmr/m/n/10 Franklin
 []


Overfull \hbox (19.78pt too wide) in paragraph at lines 426--426
\TU/lmr/m/n/10 Inst.
 []


Overfull \hbox (15.0pt too wide) in paragraph at lines 426--426
\TU/lmr/m/n/10 262
 []


Overfull \hbox (15.28pt too wide) in paragraph at lines 426--426
\TU/lmr/m/n/10 No.
 []


Overfull \hbox (7.78pt too wide) in paragraph at lines 426--426
\TU/lmr/m/n/10 3,
 []


Overfull \hbox (15.28pt too wide) in paragraph at lines 426--426
\TU/lmr/m/n/10 No.
 []


Overfull \hbox (7.78pt too wide) in paragraph at lines 426--426
\TU/lmr/m/n/10 4,
 []


Overfull \hbox (35.58pt too wide) in paragraph at lines 426--426
\TU/lmr/m/n/10 191～208,
 []


Overfull \hbox (63.38pt too wide) in paragraph at lines 426--426
\TU/lmr/m/n/10 281～297(1956)。| 
 []

Missing character: There is no ( ("28) in font nullfont!
Missing character: There is no C ("43) in font nullfont!
Missing character: There is no . ("2E) in font nullfont!
Missing character: There is no E ("45) in font nullfont!
Missing character: There is no . ("2E) in font nullfont!
Missing character: There is no S ("53) in font nullfont!
Missing character: There is no h ("68) in font nullfont!
Missing character: There is no a ("61) in font nullfont!
Missing character: There is no n ("6E) in font nullfont!
Missing character: There is no n ("6E) in font nullfont!
Missing character: There is no o ("6F) in font nullfont!
Missing character: There is no n ("6E) in font nullfont!
Missing character: There is no ) ("29) in font nullfont!
Missing character: There is no 曾 ("66FE) in font nullfont!
Missing character: There is no 经 ("7ECF) in font nullfont!
Missing character: There is no 把 ("628A) in font nullfont!
Missing character: There is no 继 ("7EE7) in font nullfont!
Missing character: There is no 电 ("7535) in font nullfont!
Missing character: There is no 器 ("5668) in font nullfont!
Missing character: There is no 当 ("5F53) in font nullfont!
Missing character: There is no 作 ("4F5C) in font nullfont!
Missing character: There is no 基 ("57FA) in font nullfont!
Missing character: There is no 本 ("672C) in font nullfont!
Missing character: There is no 元 ("5143) in font nullfont!
Missing character: There is no 件 ("4EF6) in font nullfont!
Missing character: There is no ， ("FF0C) in font nullfont!
Missing character: There is no 采 ("91C7) in font nullfont!
Missing character: There is no 用 ("7528) in font nullfont!
Missing character: There is no 一 ("4E00) in font nullfont!
Missing character: There is no 种 ("79CD) in font nullfont!
Missing character: There is no 与 ("4E0E) in font nullfont!
Missing character: There is no 复 ("590D) in font nullfont!
Missing character: There is no 合 ("5408) in font nullfont!
Missing character: There is no 法 ("6CD5) in font nullfont!
Missing character: There is no 不 ("4E0D) in font nullfont!
Missing character: There is no 相 ("76F8) in font nullfont!
Missing character: There is no 同 ("540C) in font nullfont!
Missing character: There is no 的 ("7684) in font nullfont!
Missing character: There is no 组 ("7EC4) in font nullfont!
Missing character: There is no 合 ("5408) in font nullfont!
Missing character: There is no 方 ("65B9) in font nullfont!
Missing character: There is no 法 ("6CD5) in font nullfont!
Missing character: There is no 来 ("6765) in font nullfont!
Missing character: There is no 组 ("7EC4) in font nullfont!
Missing character: There is no 成 ("6210) in font nullfont!
Missing character: There is no 另 ("53E6) in font nullfont!
Missing character: There is no 一 ("4E00) in font nullfont!
Missing character: There is no 个 ("4E2A) in font nullfont!
Missing character: There is no “ ("201C) in font nullfont!
Missing character: There is no 大 ("5927) in font nullfont!
Missing character: There is no ” ("201D) in font nullfont!
Missing character: There is no 继 ("7EE7) in font nullfont!
Missing character: There is no 电 ("7535) in font nullfont!
Missing character: There is no 器 ("5668) in font nullfont!
Missing character: There is no ， ("FF0C) in font nullfont!
Missing character: There is no 他 ("4ED6) in font nullfont!
Missing character: There is no 们 ("4EEC) in font nullfont!
Missing character: There is no 证 ("8BC1) in font nullfont!
Missing character: There is no 明 ("660E) in font nullfont!
Missing character: There is no ： ("FF1A) in font nullfont!
Missing character: There is no 为 ("4E3A) in font nullfont!
Missing character: There is no 了 ("4E86) in font nullfont!
Missing character: There is no 得 ("5F97) in font nullfont!
Missing character: There is no 到 ("5230) in font nullfont!
Missing character: There is no 一 ("4E00) in font nullfont!
Missing character: There is no 个 ("4E2A) in font nullfont!
Missing character: There is no 可 ("53EF) in font nullfont!
Missing character: There is no 靠 ("9760) in font nullfont!
Missing character: There is no 的 ("7684) in font nullfont!
Missing character: There is no “ ("201C) in font nullfont!
Missing character: There is no 大 ("5927) in font nullfont!
Missing character: There is no ” ("201D) in font nullfont!
Missing character: There is no 继 ("7EE7) in font nullfont!
Missing character: There is no 电 ("7535) in font nullfont!
Missing character: There is no 器 ("5668) in font nullfont!
Missing character: There is no 所 ("6240) in font nullfont!
Missing character: There is no 需 ("9700) in font nullfont!
Missing character: There is no 要 ("8981) in font nullfont!
Missing character: There is no 的 ("7684) in font nullfont!
Missing character: There is no 继 ("7EE7) in font nullfont!
Missing character: There is no 电 ("7535) in font nullfont!
Missing character: There is no 器 ("5668) in font nullfont!
Missing character: There is no 的 ("7684) in font nullfont!
Missing character: There is no 数 ("6570) in font nullfont!
Missing character: There is no 目 ("76EE) in font nullfont!
Missing character: There is no 可 ("53EF) in font nullfont!
Missing character: There is no 以 ("4EE5) in font nullfont!
Missing character: There is no 大 ("5927) in font nullfont!
Missing character: There is no 大 ("5927) in font nullfont!
Missing character: There is no 地 ("5730) in font nullfont!
Missing character: There is no 减 ("51CF) in font nullfont!
Missing character: There is no 少 ("5C11) in font nullfont!
Missing character: There is no 。 ("3002) in font nullfont!
Missing character: There is no 例 ("4F8B) in font nullfont!
Missing character: There is no 如 ("5982) in font nullfont!
Missing character: There is no ， ("FF0C) in font nullfont!
Missing character: There is no 在 ("5728) in font nullfont!
Missing character: There is no 同 ("540C) in font nullfont!
Missing character: There is no 样 ("6837) in font nullfont!
Missing character: There is no 的 ("7684) in font nullfont!
Missing character: There is no 条 ("6761) in font nullfont!
Missing character: There is no 件 ("4EF6) in font nullfont!
Missing character: There is no 下 ("4E0B) in font nullfont!
Missing character: There is no 用 ("7528) in font nullfont!
Missing character: There is no 冯 ("51AF) in font nullfont!
Missing character: There is no · ("B7) in font nullfont!
Missing character: There is no 诺 ("8BFA) in font nullfont!
Missing character: There is no 伊 ("4F0A) in font nullfont!
Missing character: There is no 曼 ("66FC) in font nullfont!
Missing character: There is no 的 ("7684) in font nullfont!
Missing character: There is no 方 ("65B9) in font nullfont!
Missing character: There is no 法 ("6CD5) in font nullfont!
Missing character: There is no 需 ("9700) in font nullfont!
Missing character: There is no 要 ("8981) in font nullfont!
Missing character: There is no 的 ("7684) in font nullfont!
Missing character: There is no 元 ("5143) in font nullfont!
Missing character: There is no 件 ("4EF6) in font nullfont!
Missing character: There is no 数 ("6570) in font nullfont!
Missing character: There is no 目 ("76EE) in font nullfont!
Missing character: There is no 是 ("662F) in font nullfont!
Missing character: There is no ， ("FF0C) in font nullfont!
Missing character: There is no 可 ("53EF) in font nullfont!
Missing character: There is no 是 ("662F) in font nullfont!
Missing character: There is no 用 ("7528) in font nullfont!
Missing character: There is no 他 ("4ED6) in font nullfont!
Missing character: There is no 们 ("4EEC) in font nullfont!
Missing character: There is no 提 ("63D0) in font nullfont!
Missing character: There is no 出 ("51FA) in font nullfont!
Missing character: There is no 的 ("7684) in font nullfont!
Missing character: There is no 新 ("65B0) in font nullfont!
Missing character: There is no 方 ("65B9) in font nullfont!
Missing character: There is no 法 ("6CD5) in font nullfont!
Missing character: There is no 只 ("53EA) in font nullfont!
Missing character: There is no 要 ("8981) in font nullfont!
Missing character: There is no 个 ("4E2A) in font nullfont!
Missing character: There is no 元 ("5143) in font nullfont!
Missing character: There is no 件 ("4EF6) in font nullfont!
Missing character: There is no 就 ("5C31) in font nullfont!
Missing character: There is no 可 ("53EF) in font nullfont!
Missing character: There is no 以 ("4EE5) in font nullfont!
Missing character: There is no 得 ("5F97) in font nullfont!
Missing character: There is no 到 ("5230) in font nullfont!
Missing character: There is no 同 ("540C) in font nullfont!
Missing character: There is no 样 ("6837) in font nullfont!
Missing character: There is no 的 ("7684) in font nullfont!
Missing character: There is no 可 ("53EF) in font nullfont!
Missing character: There is no 靠 ("9760) in font nullfont!
Missing character: There is no 性 ("6027) in font nullfont!
Missing character: There is no 。 ("3002) in font nullfont!
Missing character: There is no 莫 ("83AB) in font nullfont!
Missing character: There is no 尔 ("5C14) in font nullfont!
Missing character: There is no 和 ("548C) in font nullfont!
Missing character: There is no 申 ("7533) in font nullfont!
Missing character: There is no 南 ("5357) in font nullfont!
Missing character: There is no 并 ("5E76) in font nullfont!
Missing character: There is no 且 ("4E14) in font nullfont!
Missing character: There is no 给 ("7ED9) in font nullfont!
Missing character: There is no 出 ("51FA) in font nullfont!
Missing character: There is no 达 ("8FBE) in font nullfont!
Missing character: There is no 到 ("5230) in font nullfont!
Missing character: There is no 某 ("67D0) in font nullfont!
Missing character: There is no 个 ("4E2A) in font nullfont!
Missing character: There is no 规 ("89C4) in font nullfont!
Missing character: There is no 定 ("5B9A) in font nullfont!
Missing character: There is no 的 ("7684) in font nullfont!
Missing character: There is no 可 ("53EF) in font nullfont!
Missing character: There is no 靠 ("9760) in font nullfont!
Missing character: There is no 性 ("6027) in font nullfont!
Missing character: There is no 所 ("6240) in font nullfont!
Missing character: There is no 至 ("81F3) in font nullfont!
Missing character: There is no 少 ("5C11) in font nullfont!
Missing character: There is no 需 ("9700) in font nullfont!
Missing character: There is no 要 ("8981) in font nullfont!
Missing character: There is no 的 ("7684) in font nullfont!
Missing character: There is no 元 ("5143) in font nullfont!
Missing character: There is no 件 ("4EF6) in font nullfont!
Missing character: There is no 数 ("6570) in font nullfont!
Missing character: There is no 目 ("76EE) in font nullfont!
Missing character: There is no 。 ("3002) in font nullfont!
Missing character: There is no 总 ("603B) in font nullfont!
Missing character: There is no 而 ("800C) in font nullfont!
Missing character: There is no 言 ("8A00) in font nullfont!
Missing character: There is no 之 ("4E4B) in font nullfont!
Missing character: There is no ， ("FF0C) in font nullfont!
Missing character: There is no 自 ("81EA) in font nullfont!
Missing character: There is no 动 ("52A8) in font nullfont!
Missing character: There is no 控 ("63A7) in font nullfont!
Missing character: There is no 制 ("5236) in font nullfont!
Missing character: There is no 系 ("7CFB) in font nullfont!
Missing character: There is no 统 ("7EDF) in font nullfont!
Missing character: There is no 中 ("4E2D) in font nullfont!
Missing character: There is no 误 ("8BEF) in font nullfont!
Missing character: There is no 差 ("5DEE) in font nullfont!
Missing character: There is no 的 ("7684) in font nullfont!
Missing character: There is no 控 ("63A7) in font nullfont!
Missing character: There is no 制 ("5236) in font nullfont!
Missing character: There is no 问 ("95EE) in font nullfont!
Missing character: There is no 题 ("9898) in font nullfont!
Missing character: There is no 的 ("7684) in font nullfont!
Missing character: There is no 研 ("7814) in font nullfont!
Missing character: There is no 究 ("7A76) in font nullfont!
Missing character: There is no 还 ("8FD8) in font nullfont!
Missing character: There is no 仅 ("4EC5) in font nullfont!
Missing character: There is no 仅 ("4EC5) in font nullfont!
Missing character: There is no 是 ("662F) in font nullfont!
Missing character: There is no 一 ("4E00) in font nullfont!
Missing character: There is no 个 ("4E2A) in font nullfont!
Missing character: There is no 开 ("5F00) in font nullfont!
Missing character: There is no 始 ("59CB) in font nullfont!
Missing character: There is no 。 ("3002) in font nullfont!
Missing character: There is no 对 ("5BF9) in font nullfont!
Missing character: There is no 于 ("4E8E) in font nullfont!
Missing character: There is no 控 ("63A7) in font nullfont!
Missing character: There is no 制 ("5236) in font nullfont!
Missing character: There is no 工 ("5DE5) in font nullfont!
Missing character: There is no 程 ("7A0B) in font nullfont!
Missing character: There is no 师 ("5E08) in font nullfont!
Missing character: There is no 而 ("800C) in font nullfont!
Missing character: There is no 言 ("8A00) in font nullfont!
Missing character: There is no ， ("FF0C) in font nullfont!
Missing character: There is no 关 ("5173) in font nullfont!
Missing character: There is no 于 ("4E8E) in font nullfont!
Missing character: There is no 误 ("8BEF) in font nullfont!
Missing character: There is no 差 ("5DEE) in font nullfont!
Missing character: There is no 的 ("7684) in font nullfont!
Missing character: There is no 控 ("63A7) in font nullfont!
Missing character: There is no 制 ("5236) in font nullfont!
Missing character: There is no 问 ("95EE) in font nullfont!
Missing character: There is no 题 ("9898) in font nullfont!
Missing character: There is no 仍 ("4ECD) in font nullfont!
Missing character: There is no 然 ("7136) in font nullfont!
Missing character: There is no 还 ("8FD8) in font nullfont!
Missing character: There is no 没 ("6CA1) in font nullfont!
Missing character: There is no 有 ("6709) in font nullfont!
Missing character: There is no 切 ("5207) in font nullfont!
Missing character: There is no 实 ("5B9E) in font nullfont!
Missing character: There is no 可 ("53EF) in font nullfont!
Missing character: There is no 用 ("7528) in font nullfont!
Missing character: There is no 的 ("7684) in font nullfont!
Missing character: There is no 解 ("89E3) in font nullfont!
Missing character: There is no 决 ("51B3) in font nullfont!
Missing character: There is no 方 ("65B9) in font nullfont!
Missing character: There is no 法 ("6CD5) in font nullfont!
Missing character: There is no 。 ("3002) in font nullfont!
)
! Emergency stop.
<*> chapter18.tex
                 
*** (job aborted, no legal \end found)

 
Here is how much of TeX's memory you used:
 95 strings out of 473832
 1914 string characters out of 5733158
 424383 words of memory out of 5000000
 23246 multiletter control sequences out of 15000+600000
 559172 words of font info for 41 fonts, out of 8000000 for 9000
 1348 hyphenation exceptions out of 8191
 28i,8n,28p,790b,184s stack positions out of 10000i,1000n,20000p,200000b,200000s
Output written on chapter18.pdf (1 page).
