This is XeTeX, Version 3.141592653-2.6-0.999997 (TeX Live 2025) (preloaded format=xelatex 2025.6.18)  26 MAR 2026 08:39
entering extended mode
 restricted \write18 enabled.
 %&-line parsing enabled.
**Engineering_cybernetics.tex
(./Engineering_cybernetics.tex
LaTeX2e <2024-11-01> patch level 2
L3 programming layer <2025-01-18>
(./AJbook.cls
Document Class: AJbook 2018/03/04 Class for the book project Methods of Algebra

(c:/texlive/2025/texmf-dist/tex/latex/kvoptions/kvoptions.sty
Package: kvoptions 2022-06-15 v3.15 Key value format for package options (HO)

(c:/texlive/2025/texmf-dist/tex/latex/graphics/keyval.sty
Package: keyval 2022/05/29 v1.15 key=value parser (DPC)
\KV@toks@=\toks17
)
(c:/texlive/2025/texmf-dist/tex/generic/ltxcmds/ltxcmds.sty
Package: ltxcmds 2023-12-04 v1.26 LaTeX kernel commands for general use (HO)
)
(c:/texlive/2025/texmf-dist/tex/latex/kvsetkeys/kvsetkeys.sty
Package: kvsetkeys 2022-10-05 v1.19 Key value parser (HO)
))
(c:/texlive/2025/texmf-dist/tex/latex/etoolbox/etoolbox.sty
Package: etoolbox 2025/02/11 v2.5l e-TeX tools for LaTeX (JAW)
\etb@tempcnta=\count192
)
(c:/texlive/2025/texmf-dist/tex/latex/base/book.cls
Document Class: book 2024/06/29 v1.4n Standard LaTeX document class
(c:/texlive/2025/texmf-dist/tex/latex/base/bk10.clo
File: bk10.clo 2024/06/29 v1.4n Standard LaTeX file (size option)
)
\c@part=\count193
\c@chapter=\count194
\c@section=\count195
\c@subsection=\count196
\c@subsubsection=\count197
\c@paragraph=\count198
\c@subparagraph=\count199
\c@figure=\count266
\c@table=\count267
\abovecaptionskip=\skip49
\belowcaptionskip=\skip50
\bibindent=\dimen141
)
(c:/texlive/2025/texmf-dist/tex/latex/fontspec/fontspec.sty
(c:/texlive/2025/texmf-dist/tex/latex/l3packages/xparse/xparse.sty
(c:/texlive/2025/texmf-dist/tex/latex/l3kernel/expl3.sty
Package: expl3 2025-01-18 L3 programming layer (loader) 

(c:/texlive/2025/texmf-dist/tex/latex/l3backend/l3backend-xetex.def
File: l3backend-xetex.def 2024-05-08 L3 backend support: XeTeX
\g__graphics_track_int=\count268
\l__pdf_internal_box=\box52
\g__pdf_backend_annotation_int=\count269
\g__pdf_backend_link_int=\count270
))
Package: xparse 2024-08-16 L3 Experimental document command parser
)
Package: fontspec 2024/05/11 v2.9e Font selection for XeLaTeX and LuaLaTeX

(c:/texlive/2025/texmf-dist/tex/latex/fontspec/fontspec-xetex.sty
Package: fontspec-xetex 2024/05/11 v2.9e Font selection for XeLaTeX and LuaLaTe
X
\l__fontspec_script_int=\count271
\l__fontspec_language_int=\count272
\l__fontspec_strnum_int=\count273
\l__fontspec_tmp_int=\count274
\l__fontspec_tmpa_int=\count275
\l__fontspec_tmpb_int=\count276
\l__fontspec_tmpc_int=\count277
\l__fontspec_em_int=\count278
\l__fontspec_emdef_int=\count279
\l__fontspec_strong_int=\count280
\l__fontspec_strongdef_int=\count281
\l__fontspec_tmpa_dim=\dimen142
\l__fontspec_tmpb_dim=\dimen143
\l__fontspec_tmpc_dim=\dimen144

(c:/texlive/2025/texmf-dist/tex/latex/base/fontenc.sty
Package: fontenc 2021/04/29 v2.0v Standard LaTeX package
)
(c:/texlive/2025/texmf-dist/tex/latex/fontspec/fontspec.cfg)))
(c:/texlive/2025/texmf-dist/tex/xelatex/xecjk/xeCJK.sty
Package: xeCJK 2022/08/05 v3.9.1 Typesetting CJK scripts with XeLaTeX

(c:/texlive/2025/texmf-dist/tex/latex/ctex/ctexhook.sty
Package: ctexhook 2022/07/14 v2.5.10 Document and package hooks (CTEX)
)
(c:/texlive/2025/texmf-dist/tex/latex/l3packages/xtemplate/xtemplate.sty
Package: xtemplate 2024-08-16 L3 Experimental prototype document functions
)
\l__xeCJK_tmp_int=\count282
\l__xeCJK_tmp_box=\box53
\l__xeCJK_tmp_dim=\dimen145
\l__xeCJK_tmp_skip=\skip51
\g__xeCJK_space_factor_int=\count283
\l__xeCJK_begin_int=\count284
\l__xeCJK_end_int=\count285
\c__xeCJK_CJK_class_int=\XeTeXcharclass1
\c__xeCJK_FullLeft_class_int=\XeTeXcharclass2
\c__xeCJK_FullRight_class_int=\XeTeXcharclass3
\c__xeCJK_HalfLeft_class_int=\XeTeXcharclass4
\c__xeCJK_HalfRight_class_int=\XeTeXcharclass5
\c__xeCJK_NormalSpace_class_int=\XeTeXcharclass6
\c__xeCJK_CM_class_int=\XeTeXcharclass7
\c__xeCJK_HangulJamo_class_int=\XeTeXcharclass8
\l__xeCJK_last_skip=\skip52
\c__xeCJK_none_node=\count286
\g__xeCJK_node_int=\count287
\c__xeCJK_CJK_node_dim=\dimen146
\c__xeCJK_CJK-space_node_dim=\dimen147
\c__xeCJK_default_node_dim=\dimen148
\c__xeCJK_CJK-widow_node_dim=\dimen149
\c__xeCJK_normalspace_node_dim=\dimen150
\c__xeCJK_default-space_node_skip=\skip53
\l__xeCJK_ccglue_skip=\skip54
\l__xeCJK_ecglue_skip=\skip55
\l__xeCJK_punct_kern_skip=\skip56
\l__xeCJK_indent_box=\box54
\l__xeCJK_last_penalty_int=\count288
\l__xeCJK_last_bound_dim=\dimen151
\l__xeCJK_last_kern_dim=\dimen152
\l__xeCJK_widow_penalty_int=\count289

LaTeX template Info: Declaring template type 'xeCJK/punctuation' taking 0
(template)           argument(s) on line 2396.

\l__xeCJK_fixed_punct_width_dim=\dimen153
\l__xeCJK_mixed_punct_width_dim=\dimen154
\l__xeCJK_middle_punct_width_dim=\dimen155
\l__xeCJK_fixed_margin_width_dim=\dimen156
\l__xeCJK_mixed_margin_width_dim=\dimen157
\l__xeCJK_middle_margin_width_dim=\dimen158
\l__xeCJK_bound_punct_width_dim=\dimen159
\l__xeCJK_bound_margin_width_dim=\dimen160
\l__xeCJK_margin_minimum_dim=\dimen161
\l__xeCJK_kerning_total_width_dim=\dimen162
\l__xeCJK_same_align_margin_dim=\dimen163
\l__xeCJK_different_align_margin_dim=\dimen164
\l__xeCJK_kerning_margin_width_dim=\dimen165
\l__xeCJK_kerning_margin_minimum_dim=\dimen166
\l__xeCJK_bound_dim=\dimen167
\l__xeCJK_reverse_bound_dim=\dimen168
\l__xeCJK_margin_dim=\dimen169
\l__xeCJK_minimum_bound_dim=\dimen170
\l__xeCJK_kerning_margin_dim=\dimen171
\g__xeCJK_family_int=\count290
\l__xeCJK_fam_int=\count291
\g__xeCJK_fam_allocation_int=\count292
\l__xeCJK_verb_case_int=\count293
\l__xeCJK_verb_exspace_skip=\skip57

(c:/texlive/2025/texmf-dist/tex/xelatex/xecjk/xeCJK.cfg
File: xeCJK.cfg 2022/08/05 v3.9.1 Configuration file for xeCJK package
))
(c:/texlive/2025/texmf-dist/tex/latex/zhnumber/zhnumber.sty
Package: zhnumber 2022/07/14 v3.0 Typesetting numbers with Chinese glyphs
\l__zhnum_scale_int=\count294
\l__zhnum_tmp_int=\count295

(c:/texlive/2025/texmf-dist/tex/latex/zhnumber/zhnumber-utf8.cfg
File: zhnumber-utf8.cfg 2022/07/14 v3.0 Chinese numerals with UTF8 encoding
))
(c:/texlive/2025/texmf-dist/tex/latex/amsmath/amsmath.sty
Package: amsmath 2024/11/05 v2.17t AMS math features
\@mathmargin=\skip58

For additional information on amsmath, use the `?' option.
(c:/texlive/2025/texmf-dist/tex/latex/amsmath/amstext.sty
Package: amstext 2021/08/26 v2.01 AMS text

(c:/texlive/2025/texmf-dist/tex/latex/amsmath/amsgen.sty
File: amsgen.sty 1999/11/30 v2.0 generic functions
\@emptytoks=\toks18
\ex@=\dimen172
))
(c:/texlive/2025/texmf-dist/tex/latex/amsmath/amsbsy.sty
Package: amsbsy 1999/11/29 v1.2d Bold Symbols
\pmbraise@=\dimen173
)
(c:/texlive/2025/texmf-dist/tex/latex/amsmath/amsopn.sty
Package: amsopn 2022/04/08 v2.04 operator names
)
\inf@bad=\count296
LaTeX Info: Redefining \frac on input line 233.
\uproot@=\count297
\leftroot@=\count298
LaTeX Info: Redefining \overline on input line 398.
LaTeX Info: Redefining \colon on input line 409.
\classnum@=\count299
\DOTSCASE@=\count300
LaTeX Info: Redefining \ldots on input line 495.
LaTeX Info: Redefining \dots on input line 498.
LaTeX Info: Redefining \cdots on input line 619.
\Mathstrutbox@=\box55
\strutbox@=\box56
LaTeX Info: Redefining \big on input line 721.
LaTeX Info: Redefining \Big on input line 722.
LaTeX Info: Redefining \bigg on input line 723.
LaTeX Info: Redefining \Bigg on input line 724.
\big@size=\dimen174
LaTeX Font Info:    Redeclaring font encoding OML on input line 742.
LaTeX Font Info:    Redeclaring font encoding OMS on input line 743.
\macc@depth=\count301
LaTeX Info: Redefining \bmod on input line 904.
LaTeX Info: Redefining \pmod on input line 909.
LaTeX Info: Redefining \smash on input line 939.
LaTeX Info: Redefining \relbar on input line 969.
LaTeX Info: Redefining \Relbar on input line 970.
\c@MaxMatrixCols=\count302
\dotsspace@=\muskip17
\c@parentequation=\count303
\dspbrk@lvl=\count304
\tag@help=\toks19
\row@=\count305
\column@=\count306
\maxfields@=\count307
\andhelp@=\toks20
\eqnshift@=\dimen175
\alignsep@=\dimen176
\tagshift@=\dimen177
\tagwidth@=\dimen178
\totwidth@=\dimen179
\lineht@=\dimen180
\@envbody=\toks21
\multlinegap=\skip59
\multlinetaggap=\skip60
\mathdisplay@stack=\toks22
LaTeX Info: Redefining \[ on input line 2953.
LaTeX Info: Redefining \] on input line 2954.
)
(c:/texlive/2025/texmf-dist/tex/latex/amsfonts/amssymb.sty
Package: amssymb 2013/01/14 v3.01 AMS font symbols

(c:/texlive/2025/texmf-dist/tex/latex/amsfonts/amsfonts.sty
Package: amsfonts 2013/01/14 v3.01 Basic AMSFonts support
\symAMSa=\mathgroup4
\symAMSb=\mathgroup5
LaTeX Font Info:    Redeclaring math symbol \hbar on input line 98.
LaTeX Font Info:    Overwriting math alphabet `\mathfrak' in version `bold'
(Font)                  U/euf/m/n --> U/euf/b/n on input line 106.
))
(c:/texlive/2025/texmf-dist/tex/latex/mathtools/mathtools.sty
Package: mathtools 2024/10/04 v1.31 mathematical typesetting tools

(c:/texlive/2025/texmf-dist/tex/latex/tools/calc.sty
Package: calc 2023/07/08 v4.3 Infix arithmetic (KKT,FJ)
\calc@Acount=\count308
\calc@Bcount=\count309
\calc@Adimen=\dimen181
\calc@Bdimen=\dimen182
\calc@Askip=\skip61
\calc@Bskip=\skip62
LaTeX Info: Redefining \setlength on input line 80.
LaTeX Info: Redefining \addtolength on input line 81.
\calc@Ccount=\count310
\calc@Cskip=\skip63
)
(c:/texlive/2025/texmf-dist/tex/latex/mathtools/mhsetup.sty
Package: mhsetup 2021/03/18 v1.4 programming setup (MH)
)
\g_MT_multlinerow_int=\count311
\l_MT_multwidth_dim=\dimen183
\origjot=\skip64
\l_MT_shortvdotswithinadjustabove_dim=\dimen184
\l_MT_shortvdotswithinadjustbelow_dim=\dimen185
\l_MT_above_intertext_sep=\dimen186
\l_MT_below_intertext_sep=\dimen187
\l_MT_above_shortintertext_sep=\dimen188
\l_MT_below_shortintertext_sep=\dimen189
\xmathstrut@box=\box57
\xmathstrut@dim=\dimen190
)
(c:/texlive/2025/texmf-dist/tex/latex/pdfpages/pdfpages.sty
Package: pdfpages 2025/01/30 v0.6e Insert pages of external PDF documents (AM)

(c:/texlive/2025/texmf-dist/tex/latex/base/ifthen.sty
Package: ifthen 2024/03/16 v1.1e Standard LaTeX ifthen package (DPC)
)
(c:/texlive/2025/texmf-dist/tex/latex/eso-pic/eso-pic.sty
Package: eso-pic 2023/05/03 v3.0c eso-pic (RN)
\ESO@tempdima=\dimen191
\ESO@tempdimb=\dimen192

(c:/texlive/2025/texmf-dist/tex/latex/xcolor/xcolor.sty
Package: xcolor 2024/09/29 v3.02 LaTeX color extensions (UK)

(c:/texlive/2025/texmf-dist/tex/latex/graphics-cfg/color.cfg
File: color.cfg 2016/01/02 v1.6 sample color configuration
)
Package xcolor Info: Driver file: xetex.def on input line 274.

(c:/texlive/2025/texmf-dist/tex/latex/graphics-def/xetex.def
File: xetex.def 2022/09/22 v5.0n Graphics/color driver for xetex
)
(c:/texlive/2025/texmf-dist/tex/latex/graphics/mathcolor.ltx)
Package xcolor Info: Model `cmy' substituted by `cmy0' on input line 1349.
Package xcolor Info: Model `RGB' extended on input line 1365.
Package xcolor Info: Model `HTML' substituted by `rgb' on input line 1367.
Package xcolor Info: Model `Hsb' substituted by `hsb' on input line 1368.
Package xcolor Info: Model `tHsb' substituted by `hsb' on input line 1369.
Package xcolor Info: Model `HSB' substituted by `hsb' on input line 1370.
Package xcolor Info: Model `Gray' substituted by `gray' on input line 1371.
Package xcolor Info: Model `wave' substituted by `hsb' on input line 1372.
)
(c:/texlive/2025/texmf-dist/tex/latex/graphics/dvipsnam.def
File: dvipsnam.def 2016/06/17 v3.0m Driver-dependent file (DPC,SPQR)
))
(c:/texlive/2025/texmf-dist/tex/latex/graphics/graphicx.sty
Package: graphicx 2021/09/16 v1.2d Enhanced LaTeX Graphics (DPC,SPQR)

(c:/texlive/2025/texmf-dist/tex/latex/graphics/graphics.sty
Package: graphics 2024/08/06 v1.4g Standard LaTeX Graphics (DPC,SPQR)

(c:/texlive/2025/texmf-dist/tex/latex/graphics/trig.sty
Package: trig 2023/12/02 v1.11 sin cos tan (DPC)
)
(c:/texlive/2025/texmf-dist/tex/latex/graphics-cfg/graphics.cfg
File: graphics.cfg 2016/06/04 v1.11 sample graphics configuration
)
Package graphics Info: Driver file: xetex.def on input line 106.
)
\Gin@req@height=\dimen193
\Gin@req@width=\dimen194
)
\AM@pagewidth=\dimen195
\AM@pageheight=\dimen196
\AM@fboxrule=\dimen197

(c:/texlive/2025/texmf-dist/tex/latex/pdfpages/ppxetex.def
File: ppxetex.def 2025/01/30 v0.6e Pdfpages driver for XeTeX (AM)
)
\pdfpages@includegraphics@status=\count312
\AM@pagebox=\box58
\AM@global@opts=\toks23
\AM@pagecnt=\count313
\AM@toc@title=\toks24
\AM@lof@heading=\toks25
\c@AM@survey=\count314
\AM@templatesizebox=\box59
)
(c:/texlive/2025/texmf-dist/tex/generic/xstring/xstring.sty
(c:/texlive/2025/texmf-dist/tex/generic/xstring/xstring.tex
\xs_counta=\count315
\xs_countb=\count316
)
Package: xstring 2023/08/22 v1.86 String manipulations (CT)
)
(c:/texlive/2025/texmf-dist/tex/latex/emptypage/emptypage.sty
Package: emptypage 2010/05/30 v1.2 Suppress page numbers and headings on empty 
pages
)
(c:/texlive/2025/texmf-dist/tex/latex/tcolorbox/tcolorbox.sty
Package: tcolorbox 2024/10/22 version 6.4.1 text color boxes

(c:/texlive/2025/texmf-dist/tex/latex/pgf/frontendlayer/tikz.sty
(c:/texlive/2025/texmf-dist/tex/latex/pgf/basiclayer/pgf.sty
(c:/texlive/2025/texmf-dist/tex/latex/pgf/utilities/pgfrcs.sty
(c:/texlive/2025/texmf-dist/tex/generic/pgf/utilities/pgfutil-common.tex
\pgfutil@everybye=\toks26
\pgfutil@tempdima=\dimen198
\pgfutil@tempdimb=\dimen199
)
(c:/texlive/2025/texmf-dist/tex/generic/pgf/utilities/pgfutil-latex.def
\pgfutil@abb=\box60
)
(c:/texlive/2025/texmf-dist/tex/generic/pgf/utilities/pgfrcs.code.tex
(c:/texlive/2025/texmf-dist/tex/generic/pgf/pgf.revision.tex)
Package: pgfrcs 2023-01-15 v3.1.10 (3.1.10)
))
Package: pgf 2023-01-15 v3.1.10 (3.1.10)

(c:/texlive/2025/texmf-dist/tex/latex/pgf/basiclayer/pgfcore.sty
(c:/texlive/2025/texmf-dist/tex/latex/pgf/systemlayer/pgfsys.sty
(c:/texlive/2025/texmf-dist/tex/generic/pgf/systemlayer/pgfsys.code.tex
Package: pgfsys 2023-01-15 v3.1.10 (3.1.10)

(c:/texlive/2025/texmf-dist/tex/generic/pgf/utilities/pgfkeys.code.tex
\pgfkeys@pathtoks=\toks27
\pgfkeys@temptoks=\toks28

(c:/texlive/2025/texmf-dist/tex/generic/pgf/utilities/pgfkeyslibraryfiltered.co
de.tex
\pgfkeys@tmptoks=\toks29
))
\pgf@x=\dimen256
\pgf@y=\dimen257
\pgf@xa=\dimen258
\pgf@ya=\dimen259
\pgf@xb=\dimen260
\pgf@yb=\dimen261
\pgf@xc=\dimen262
\pgf@yc=\dimen263
\pgf@xd=\dimen264
\pgf@yd=\dimen265
\w@pgf@writea=\write3
\r@pgf@reada=\read2
\c@pgf@counta=\count317
\c@pgf@countb=\count318
\c@pgf@countc=\count319
\c@pgf@countd=\count320
\t@pgf@toka=\toks30
\t@pgf@tokb=\toks31
\t@pgf@tokc=\toks32
\pgf@sys@id@count=\count321
 (c:/texlive/2025/texmf-dist/tex/generic/pgf/systemlayer/pgf.cfg
File: pgf.cfg 2023-01-15 v3.1.10 (3.1.10)
)
Driver file for pgf: pgfsys-xetex.def

(c:/texlive/2025/texmf-dist/tex/generic/pgf/systemlayer/pgfsys-xetex.def
File: pgfsys-xetex.def 2023-01-15 v3.1.10 (3.1.10)

(c:/texlive/2025/texmf-dist/tex/generic/pgf/systemlayer/pgfsys-dvipdfmx.def
File: pgfsys-dvipdfmx.def 2023-01-15 v3.1.10 (3.1.10)

(c:/texlive/2025/texmf-dist/tex/generic/pgf/systemlayer/pgfsys-common-pdf.def
File: pgfsys-common-pdf.def 2023-01-15 v3.1.10 (3.1.10)
)
\pgfsys@objnum=\count322
)))
(c:/texlive/2025/texmf-dist/tex/generic/pgf/systemlayer/pgfsyssoftpath.code.tex
File: pgfsyssoftpath.code.tex 2023-01-15 v3.1.10 (3.1.10)
\pgfsyssoftpath@smallbuffer@items=\count323
\pgfsyssoftpath@bigbuffer@items=\count324
)
(c:/texlive/2025/texmf-dist/tex/generic/pgf/systemlayer/pgfsysprotocol.code.tex
File: pgfsysprotocol.code.tex 2023-01-15 v3.1.10 (3.1.10)
)) (c:/texlive/2025/texmf-dist/tex/generic/pgf/basiclayer/pgfcore.code.tex
Package: pgfcore 2023-01-15 v3.1.10 (3.1.10)

(c:/texlive/2025/texmf-dist/tex/generic/pgf/math/pgfmath.code.tex
(c:/texlive/2025/texmf-dist/tex/generic/pgf/math/pgfmathutil.code.tex)
(c:/texlive/2025/texmf-dist/tex/generic/pgf/math/pgfmathparser.code.tex
\pgfmath@dimen=\dimen266
\pgfmath@count=\count325
\pgfmath@box=\box61
\pgfmath@toks=\toks33
\pgfmath@stack@operand=\toks34
\pgfmath@stack@operation=\toks35
)
(c:/texlive/2025/texmf-dist/tex/generic/pgf/math/pgfmathfunctions.code.tex)
(c:/texlive/2025/texmf-dist/tex/generic/pgf/math/pgfmathfunctions.basic.code.te
x)
(c:/texlive/2025/texmf-dist/tex/generic/pgf/math/pgfmathfunctions.trigonometric
.code.tex)
(c:/texlive/2025/texmf-dist/tex/generic/pgf/math/pgfmathfunctions.random.code.t
ex)
(c:/texlive/2025/texmf-dist/tex/generic/pgf/math/pgfmathfunctions.comparison.co
de.tex)
(c:/texlive/2025/texmf-dist/tex/generic/pgf/math/pgfmathfunctions.base.code.tex
)
(c:/texlive/2025/texmf-dist/tex/generic/pgf/math/pgfmathfunctions.round.code.te
x)
(c:/texlive/2025/texmf-dist/tex/generic/pgf/math/pgfmathfunctions.misc.code.tex
)
(c:/texlive/2025/texmf-dist/tex/generic/pgf/math/pgfmathfunctions.integerarithm
etics.code.tex)
(c:/texlive/2025/texmf-dist/tex/generic/pgf/math/pgfmathcalc.code.tex)
(c:/texlive/2025/texmf-dist/tex/generic/pgf/math/pgfmathfloat.code.tex
\c@pgfmathroundto@lastzeros=\count326
))
(c:/texlive/2025/texmf-dist/tex/generic/pgf/math/pgfint.code.tex)
(c:/texlive/2025/texmf-dist/tex/generic/pgf/basiclayer/pgfcorepoints.code.tex
File: pgfcorepoints.code.tex 2023-01-15 v3.1.10 (3.1.10)
\pgf@picminx=\dimen267
\pgf@picmaxx=\dimen268
\pgf@picminy=\dimen269
\pgf@picmaxy=\dimen270
\pgf@pathminx=\dimen271
\pgf@pathmaxx=\dimen272
\pgf@pathminy=\dimen273
\pgf@pathmaxy=\dimen274
\pgf@xx=\dimen275
\pgf@xy=\dimen276
\pgf@yx=\dimen277
\pgf@yy=\dimen278
\pgf@zx=\dimen279
\pgf@zy=\dimen280
)
(c:/texlive/2025/texmf-dist/tex/generic/pgf/basiclayer/pgfcorepathconstruct.cod
e.tex
File: pgfcorepathconstruct.code.tex 2023-01-15 v3.1.10 (3.1.10)
\pgf@path@lastx=\dimen281
\pgf@path@lasty=\dimen282
)
(c:/texlive/2025/texmf-dist/tex/generic/pgf/basiclayer/pgfcorepathusage.code.te
x
File: pgfcorepathusage.code.tex 2023-01-15 v3.1.10 (3.1.10)
\pgf@shorten@end@additional=\dimen283
\pgf@shorten@start@additional=\dimen284
)
(c:/texlive/2025/texmf-dist/tex/generic/pgf/basiclayer/pgfcorescopes.code.tex
File: pgfcorescopes.code.tex 2023-01-15 v3.1.10 (3.1.10)
\pgfpic=\box62
\pgf@hbox=\box63
\pgf@layerbox@main=\box64
\pgf@picture@serial@count=\count327
)
(c:/texlive/2025/texmf-dist/tex/generic/pgf/basiclayer/pgfcoregraphicstate.code
.tex
File: pgfcoregraphicstate.code.tex 2023-01-15 v3.1.10 (3.1.10)
\pgflinewidth=\dimen285
)
(c:/texlive/2025/texmf-dist/tex/generic/pgf/basiclayer/pgfcoretransformations.c
ode.tex
File: pgfcoretransformations.code.tex 2023-01-15 v3.1.10 (3.1.10)
\pgf@pt@x=\dimen286
\pgf@pt@y=\dimen287
\pgf@pt@temp=\dimen288
)
(c:/texlive/2025/texmf-dist/tex/generic/pgf/basiclayer/pgfcorequick.code.tex
File: pgfcorequick.code.tex 2023-01-15 v3.1.10 (3.1.10)
)
(c:/texlive/2025/texmf-dist/tex/generic/pgf/basiclayer/pgfcoreobjects.code.tex
File: pgfcoreobjects.code.tex 2023-01-15 v3.1.10 (3.1.10)
)
(c:/texlive/2025/texmf-dist/tex/generic/pgf/basiclayer/pgfcorepathprocessing.co
de.tex
File: pgfcorepathprocessing.code.tex 2023-01-15 v3.1.10 (3.1.10)
)
(c:/texlive/2025/texmf-dist/tex/generic/pgf/basiclayer/pgfcorearrows.code.tex
File: pgfcorearrows.code.tex 2023-01-15 v3.1.10 (3.1.10)
\pgfarrowsep=\dimen289
)
(c:/texlive/2025/texmf-dist/tex/generic/pgf/basiclayer/pgfcoreshade.code.tex
File: pgfcoreshade.code.tex 2023-01-15 v3.1.10 (3.1.10)
\pgf@max=\dimen290
\pgf@sys@shading@range@num=\count328
\pgf@shadingcount=\count329
)
(c:/texlive/2025/texmf-dist/tex/generic/pgf/basiclayer/pgfcoreimage.code.tex
File: pgfcoreimage.code.tex 2023-01-15 v3.1.10 (3.1.10)
)
(c:/texlive/2025/texmf-dist/tex/generic/pgf/basiclayer/pgfcoreexternal.code.tex
File: pgfcoreexternal.code.tex 2023-01-15 v3.1.10 (3.1.10)
\pgfexternal@startupbox=\box65
) (c:/texlive/2025/texmf-dist/tex/generic/pgf/basiclayer/pgfcorelayers.code.tex
File: pgfcorelayers.code.tex 2023-01-15 v3.1.10 (3.1.10)
)
(c:/texlive/2025/texmf-dist/tex/generic/pgf/basiclayer/pgfcoretransparency.code
.tex
File: pgfcoretransparency.code.tex 2023-01-15 v3.1.10 (3.1.10)
)
(c:/texlive/2025/texmf-dist/tex/generic/pgf/basiclayer/pgfcorepatterns.code.tex
File: pgfcorepatterns.code.tex 2023-01-15 v3.1.10 (3.1.10)
) (c:/texlive/2025/texmf-dist/tex/generic/pgf/basiclayer/pgfcorerdf.code.tex
File: pgfcorerdf.code.tex 2023-01-15 v3.1.10 (3.1.10)
))) (c:/texlive/2025/texmf-dist/tex/generic/pgf/modules/pgfmoduleshapes.code.te
x
File: pgfmoduleshapes.code.tex 2023-01-15 v3.1.10 (3.1.10)
\pgfnodeparttextbox=\box66
)
(c:/texlive/2025/texmf-dist/tex/generic/pgf/modules/pgfmoduleplot.code.tex
File: pgfmoduleplot.code.tex 2023-01-15 v3.1.10 (3.1.10)
)
(c:/texlive/2025/texmf-dist/tex/latex/pgf/compatibility/pgfcomp-version-0-65.st
y
Package: pgfcomp-version-0-65 2023-01-15 v3.1.10 (3.1.10)
\pgf@nodesepstart=\dimen291
\pgf@nodesepend=\dimen292
)
(c:/texlive/2025/texmf-dist/tex/latex/pgf/compatibility/pgfcomp-version-1-18.st
y
Package: pgfcomp-version-1-18 2023-01-15 v3.1.10 (3.1.10)
)) (c:/texlive/2025/texmf-dist/tex/latex/pgf/utilities/pgffor.sty
(c:/texlive/2025/texmf-dist/tex/latex/pgf/utilities/pgfkeys.sty
(c:/texlive/2025/texmf-dist/tex/generic/pgf/utilities/pgfkeys.code.tex))
(c:/texlive/2025/texmf-dist/tex/latex/pgf/math/pgfmath.sty
(c:/texlive/2025/texmf-dist/tex/generic/pgf/math/pgfmath.code.tex))
(c:/texlive/2025/texmf-dist/tex/generic/pgf/utilities/pgffor.code.tex
Package: pgffor 2023-01-15 v3.1.10 (3.1.10)
\pgffor@iter=\dimen293
\pgffor@skip=\dimen294
\pgffor@stack=\toks36
\pgffor@toks=\toks37
))
(c:/texlive/2025/texmf-dist/tex/generic/pgf/frontendlayer/tikz/tikz.code.tex
Package: tikz 2023-01-15 v3.1.10 (3.1.10)

(c:/texlive/2025/texmf-dist/tex/generic/pgf/libraries/pgflibraryplothandlers.co
de.tex
File: pgflibraryplothandlers.code.tex 2023-01-15 v3.1.10 (3.1.10)
\pgf@plot@mark@count=\count330
\pgfplotmarksize=\dimen295
)
\tikz@lastx=\dimen296
\tikz@lasty=\dimen297
\tikz@lastxsaved=\dimen298
\tikz@lastysaved=\dimen299
\tikz@lastmovetox=\dimen300
\tikz@lastmovetoy=\dimen301
\tikzleveldistance=\dimen302
\tikzsiblingdistance=\dimen303
\tikz@figbox=\box67
\tikz@figbox@bg=\box68
\tikz@tempbox=\box69
\tikz@tempbox@bg=\box70
\tikztreelevel=\count331
\tikznumberofchildren=\count332
\tikznumberofcurrentchild=\count333
\tikz@fig@count=\count334

(c:/texlive/2025/texmf-dist/tex/generic/pgf/modules/pgfmodulematrix.code.tex
File: pgfmodulematrix.code.tex 2023-01-15 v3.1.10 (3.1.10)
\pgfmatrixcurrentrow=\count335
\pgfmatrixcurrentcolumn=\count336
\pgf@matrix@numberofcolumns=\count337
)
\tikz@expandcount=\count338

(c:/texlive/2025/texmf-dist/tex/generic/pgf/frontendlayer/tikz/libraries/tikzli
brarytopaths.code.tex
File: tikzlibrarytopaths.code.tex 2023-01-15 v3.1.10 (3.1.10)
)))
(c:/texlive/2025/texmf-dist/tex/latex/tools/verbatim.sty
Package: verbatim 2024-01-22 v1.5x LaTeX2e package for verbatim enhancements
\every@verbatim=\toks38
\verbatim@line=\toks39
\verbatim@in@stream=\read3
)
(c:/texlive/2025/texmf-dist/tex/latex/environ/environ.sty
Package: environ 2014/05/04 v0.3 A new way to define environments

(c:/texlive/2025/texmf-dist/tex/latex/trimspaces/trimspaces.sty
Package: trimspaces 2009/09/17 v1.1 Trim spaces around a token list
))
\tcb@titlebox=\box71
\tcb@upperbox=\box72
\tcb@lowerbox=\box73
\tcb@phantombox=\box74
\c@tcbbreakpart=\count339
\c@tcblayer=\count340
\c@tcolorbox@number=\count341
\l__tcobox_tmpa_box=\box75
\l__tcobox_tmpa_dim=\dimen304
\tcb@temp=\box76
\tcb@temp=\box77
\tcb@temp=\box78
\tcb@temp=\box79

(c:/texlive/2025/texmf-dist/tex/latex/tcolorbox/tcbraster.code.tex
Library (tcolorbox): 'tcbraster.code.tex' version '6.4.1'
\c@tcbrastercolumn=\count342
\c@tcbrasterrow=\count343
\c@tcbrasternum=\count344
\c@tcbraster=\count345
) (c:/texlive/2025/texmf-dist/tex/latex/tcolorbox/tcbskins.code.tex
Library (tcolorbox): 'tcbskins.code.tex' version '6.4.1'
(c:/texlive/2025/texmf-dist/tex/latex/tikzfill/tikzfill.image.sty
Package: tikzfill.image 2023/08/08 v1.0.1 Image filling library for TikZ

(c:/texlive/2025/texmf-dist/tex/latex/tikzfill/tikzfill-common.sty
Package: tikzfill-common 2023/08/08 v1.0.1 Auxiliary code for tikzfill
)
(c:/texlive/2025/texmf-dist/tex/latex/tikzfill/tikzlibraryfill.image.code.tex
File: tikzlibraryfill.image.code.tex 2023/08/08 v1.0.1 Image filling library
\l__tikzfill_img_box=\box80
)) (c:/texlive/2025/texmf-dist/tex/latex/tcolorbox/tcbskinsjigsaw.code.tex
Library (tcolorbox): 'tcbskinsjigsaw.code.tex' version '6.4.1'
)) (c:/texlive/2025/texmf-dist/tex/latex/tcolorbox/tcbbreakable.code.tex
Library (tcolorbox): 'tcbbreakable.code.tex' version '6.4.1'
(c:/texlive/2025/texmf-dist/tex/latex/pdfcol/pdfcol.sty
Package: pdfcol 2022-09-21 v1.7 Handle new color stacks for pdfTeX (HO)

(c:/texlive/2025/texmf-dist/tex/generic/infwarerr/infwarerr.sty
Package: infwarerr 2019/12/03 v1.5 Providing info/warning/error messages (HO)
)
(c:/texlive/2025/texmf-dist/tex/generic/iftex/iftex.sty
Package: iftex 2024/12/12 v1.0g TeX engine tests
)
Package pdfcol Info: Interface disabled because of missing PDF mode of pdfTeX.
)
Package pdfcol Info: pdfTeX's color stacks are not available.
\tcb@testbox=\box81
\tcb@totalupperbox=\box82
\tcb@totallowerbox=\box83
)
(c:/texlive/2025/texmf-dist/tex/latex/tcolorbox/tcbhooks.code.tex
Library (tcolorbox): 'tcbhooks.code.tex' version '6.4.1'
) (c:/texlive/2025/texmf-dist/tex/latex/tcolorbox/tcbtheorems.code.tex
Library (tcolorbox): 'tcbtheorems.code.tex' version '6.4.1'
) (c:/texlive/2025/texmf-dist/tex/latex/tcolorbox/tcbfitting.code.tex
Library (tcolorbox): 'tcbfitting.code.tex' version '6.4.1'
\tcbfitdim=\dimen305
\tcb@lowerfitdim=\dimen306
\tcb@upperfitdim=\dimen307
\tcb@cur@hbadness=\count346
)) (c:/texlive/2025/texmf-dist/tex/latex/setspace/setspace.sty
Package: setspace 2022/12/04 v6.7b set line spacing
)
(c:/texlive/2025/texmf-dist/tex/latex/biblatex/biblatex.sty
Package: biblatex 2024/03/21 v3.20 programmable bibliographies (PK/MW)

(c:/texlive/2025/texmf-dist/tex/generic/pdftexcmds/pdftexcmds.sty
Package: pdftexcmds 2020-06-27 v0.33 Utility functions of pdfTeX for LuaTeX (HO
)
Package pdftexcmds Info: \pdf@primitive is available.
Package pdftexcmds Info: \pdf@ifprimitive is available.
Package pdftexcmds Info: \pdfdraftmode not found.
)
(c:/texlive/2025/texmf-dist/tex/latex/logreq/logreq.sty
Package: logreq 2010/08/04 v1.0 xml request logger
\lrq@indent=\count347

(c:/texlive/2025/texmf-dist/tex/latex/logreq/logreq.def
File: logreq.def 2010/08/04 v1.0 logreq spec v1.0
))
(c:/texlive/2025/texmf-dist/tex/latex/url/url.sty
\Urlmuskip=\muskip18
Package: url 2013/09/16  ver 3.4  Verb mode for urls, etc.
)
\c@tabx@nest=\count348
\c@listtotal=\count349
\c@listcount=\count350
\c@liststart=\count351
\c@liststop=\count352
\c@citecount=\count353
\c@citetotal=\count354
\c@multicitecount=\count355
\c@multicitetotal=\count356
\c@instcount=\count357
\c@maxnames=\count358
\c@minnames=\count359
\c@maxitems=\count360
\c@minitems=\count361
\c@citecounter=\count362
\c@maxcitecounter=\count363
\c@savedcitecounter=\count364
\c@uniquelist=\count365
\c@uniquename=\count366
\c@refsection=\count367
\c@refsegment=\count368
\c@maxextratitle=\count369
\c@maxextratitleyear=\count370
\c@maxextraname=\count371
\c@maxextradate=\count372
\c@maxextraalpha=\count373
\c@abbrvpenalty=\count374
\c@highnamepenalty=\count375
\c@lownamepenalty=\count376
\c@maxparens=\count377
\c@parenlevel=\count378
\blx@tempcnta=\count379
\blx@tempcntb=\count380
\blx@tempcntc=\count381
\c@blx@maxsection=\count382
\blx@maxsegment@0=\count383
\blx@notetype=\count384
\blx@parenlevel@text=\count385
\blx@parenlevel@foot=\count386
\blx@sectionciteorder@0=\count387
\blx@sectionciteorderinternal@0=\count388
\blx@entrysetcounter=\count389
\blx@biblioinstance=\count390
\labelnumberwidth=\skip65
\labelalphawidth=\skip66
\biblabelsep=\skip67
\bibitemsep=\skip68
\bibnamesep=\skip69
\bibinitsep=\skip70
\bibparsep=\skip71
\bibhang=\skip72
\blx@bcfin=\read4
\blx@bcfout=\write4
\blx@langwohyphens=\language90
\c@mincomprange=\count391
\c@maxcomprange=\count392
\c@mincompwidth=\count393
Package biblatex Info: Trying to load biblatex default data model...
Package biblatex Info: ... file 'blx-dm.def' found.

(c:/texlive/2025/texmf-dist/tex/latex/biblatex/blx-dm.def
File: blx-dm.def 2024/03/21 v3.20 biblatex datamodel (PK/MW)
)
Package biblatex Info: Trying to load biblatex custom data model...
Package biblatex Info: ... file 'biblatex-dm.cfg' not found.
\c@afterword=\count394
\c@savedafterword=\count395
\c@annotator=\count396
\c@savedannotator=\count397
\c@author=\count398
\c@savedauthor=\count399
\c@bookauthor=\count400
\c@savedbookauthor=\count401
\c@commentator=\count402
\c@savedcommentator=\count403
\c@editor=\count404
\c@savededitor=\count405
\c@editora=\count406
\c@savededitora=\count407
\c@editorb=\count408
\c@savededitorb=\count409
\c@editorc=\count410
\c@savededitorc=\count411
\c@foreword=\count412
\c@savedforeword=\count413
\c@holder=\count414
\c@savedholder=\count415
\c@introduction=\count416
\c@savedintroduction=\count417
\c@namea=\count418
\c@savednamea=\count419
\c@nameb=\count420
\c@savednameb=\count421
\c@namec=\count422
\c@savednamec=\count423
\c@translator=\count424
\c@savedtranslator=\count425
\c@shortauthor=\count426
\c@savedshortauthor=\count427
\c@shorteditor=\count428
\c@savedshorteditor=\count429
\c@labelname=\count430
\c@savedlabelname=\count431
\c@institution=\count432
\c@savedinstitution=\count433
\c@lista=\count434
\c@savedlista=\count435
\c@listb=\count436
\c@savedlistb=\count437
\c@listc=\count438
\c@savedlistc=\count439
\c@listd=\count440
\c@savedlistd=\count441
\c@liste=\count442
\c@savedliste=\count443
\c@listf=\count444
\c@savedlistf=\count445
\c@location=\count446
\c@savedlocation=\count447
\c@organization=\count448
\c@savedorganization=\count449
\c@origlocation=\count450
\c@savedoriglocation=\count451
\c@origpublisher=\count452
\c@savedorigpublisher=\count453
\c@publisher=\count454
\c@savedpublisher=\count455
\c@language=\count456
\c@savedlanguage=\count457
\c@origlanguage=\count458
\c@savedoriglanguage=\count459
\c@pageref=\count460
\c@savedpageref=\count461
\shorthandwidth=\skip73
\shortjournalwidth=\skip74
\shortserieswidth=\skip75
\shorttitlewidth=\skip76
\shortauthorwidth=\skip77
\shorteditorwidth=\skip78
\locallabelnumberwidth=\skip79
\locallabelalphawidth=\skip80
\localshorthandwidth=\skip81
\localshortjournalwidth=\skip82
\localshortserieswidth=\skip83
\localshorttitlewidth=\skip84
\localshortauthorwidth=\skip85
\localshorteditorwidth=\skip86
Package biblatex Info: Trying to load enhanced support for Unicode engines...
Package biblatex Info: ... file 'blx-unicode.def' found.

(c:/texlive/2025/texmf-dist/tex/latex/biblatex/blx-unicode.def)
Package biblatex Info: Trying to load compatibility code...
Package biblatex Info: ... file 'blx-compat.def' found.

(c:/texlive/2025/texmf-dist/tex/latex/biblatex/blx-compat.def
File: blx-compat.def 2024/03/21 v3.20 biblatex compatibility (PK/MW)
)
Package biblatex Info: Trying to load generic definitions...
Package biblatex Info: ... file 'biblatex.def' found.

(c:/texlive/2025/texmf-dist/tex/latex/biblatex/biblatex.def
File: biblatex.def 2024/03/21 v3.20 biblatex compatibility (PK/MW)
\c@textcitecount=\count462
\c@textcitetotal=\count463
\c@textcitemaxnames=\count464
\c@biburlbigbreakpenalty=\count465
\c@biburlbreakpenalty=\count466
\c@biburlnumpenalty=\count467
\c@biburlucpenalty=\count468
\c@biburllcpenalty=\count469
\biburlbigskip=\muskip19
\biburlnumskip=\muskip20
\biburlucskip=\muskip21
\biburllcskip=\muskip22
\c@smartand=\count470
)
Package biblatex Info: Trying to load bibliography style 'numeric'...
Package biblatex Info: ... file 'numeric.bbx' found.

(c:/texlive/2025/texmf-dist/tex/latex/biblatex/bbx/numeric.bbx
File: numeric.bbx 2024/03/21 v3.20 biblatex bibliography style (PK/MW)
Package biblatex Info: Trying to load bibliography style 'standard'...
Package biblatex Info: ... file 'standard.bbx' found.

(c:/texlive/2025/texmf-dist/tex/latex/biblatex/bbx/standard.bbx
File: standard.bbx 2024/03/21 v3.20 biblatex bibliography style (PK/MW)
\c@bbx:relatedcount=\count471
\c@bbx:relatedtotal=\count472
))
Package biblatex Info: Trying to load citation style 'numeric'...
Package biblatex Info: ... file 'numeric.cbx' found.

(c:/texlive/2025/texmf-dist/tex/latex/biblatex/cbx/numeric.cbx
File: numeric.cbx 2024/03/21 v3.20 biblatex citation style (PK/MW)
Package biblatex Info: Redefining '\cite'.
Package biblatex Info: Redefining '\parencite'.
Package biblatex Info: Redefining '\footcite'.
Package biblatex Info: Redefining '\footcitetext'.
Package biblatex Info: Redefining '\smartcite'.
Package biblatex Info: Redefining '\supercite'.
Package biblatex Info: Redefining '\textcite'.
Package biblatex Info: Redefining '\textcites'.
Package biblatex Info: Redefining '\cites'.
Package biblatex Info: Redefining '\parencites'.
Package biblatex Info: Redefining '\smartcites'.
)
Package biblatex Info: Trying to load configuration file...
Package biblatex Info: ... file 'biblatex.cfg' found.

(c:/texlive/2025/texmf-dist/tex/latex/biblatex/biblatex.cfg
File: biblatex.cfg 
)
Package biblatex Info: XeTeX detected.
(biblatex)             Assuming input encoding 'utf8'.
Package biblatex Info: Document encoding is UTF8 ....
Package biblatex Info: ... and expl3
(biblatex)             2025-01-18 L3 programming layer (loader) 
(biblatex)             is new enough (at least 2020/04/06),
(biblatex)             setting 'casechanger=expl3'.

(c:/texlive/2025/texmf-dist/tex/latex/biblatex/blx-case-expl3.sty
Package: blx-case-expl3 2024/03/21 v3.20 expl3 case changing code for biblatex
))
(c:/texlive/2025/texmf-dist/tex/latex/paralist/paralist.sty
Package: paralist 2017/01/22 v2.7 Extended list environments
\pltopsep=\skip87
\plpartopsep=\skip88
\plitemsep=\skip89
\plparsep=\skip90
\pl@lab=\toks40
)
(c:/texlive/2025/texmf-dist/tex/generic/pgf/frontendlayer/tikz/libraries/tikzli
braryshapes.symbols.code.tex
File: tikzlibraryshapes.symbols.code.tex 2023-01-15 v3.1.10 (3.1.10)

(c:/texlive/2025/texmf-dist/tex/generic/pgf/libraries/shapes/pgflibraryshapes.s
ymbols.code.tex
File: pgflibraryshapes.symbols.code.tex 2023-01-15 v3.1.10 (3.1.10)
)) (c:/texlive/2025/texmf-dist/tex/latex/isodate/isodate.sty
Package: isodate 2010/01/03 v2.30 Print dates with different formats (HH)

(c:/texlive/2025/texmf-dist/tex/latex/substr/substr.sty
Package: substr 2009/10/20 v1.2 Handle substrings
\c@su@anzahl=\count473
)
(c:/texlive/2025/texmf-dist/tex/latex/isodate/english.idf
File: english.idf 2010/01/03 v2.30 Language definitions for isodate package (HH
)

Define commands for English date format
)
\c@iso@tmpmonth=\count474
\c@iso@yeartwo=\count475
\c@iso@slash=\count476
\c@iso@minus=\count477
\c@iso@dot=\count478
\c@iso@@slash=\count479
\c@iso@@minus=\count480
\c@iso@@dot=\count481
) (./font-setup-open.tex
File: font-setup-open.tex 2018/03/04

Package fontspec Info: 
(fontspec)             Font family 'texgyreheros(0)' created for font
(fontspec)             'texgyreheros' with options
(fontspec)             [Ligatures=TeX,Extension=.otf,UprightFont=*-regular,Bold
Font=*-bold,ItalicFont=*-italic,BoldItalicFont=*-bolditalic].
(fontspec)              
(fontspec)              This font family consists of the following NFSS
(fontspec)             series/shapes:
(fontspec)              
(fontspec)             - 'normal' (m/n) with NFSS spec.:
(fontspec)             <->"[texgyreheros-regular.otf]/OT:script=latn;language=d
flt;mapping=tex-text;"
(fontspec)             - 'small caps'  (m/sc) with NFSS spec.:
(fontspec)             <->"[texgyreheros-regular.otf]/OT:script=latn;language=d
flt;+smcp;mapping=tex-text;"
(fontspec)             - 'bold' (b/n) with NFSS spec.:
(fontspec)             <->"[texgyreheros-bold.otf]/OT:script=latn;language=dflt
;mapping=tex-text;"
(fontspec)             - 'bold small caps'  (b/sc) with NFSS spec.:
(fontspec)             <->"[texgyreheros-bold.otf]/OT:script=latn;language=dflt
;+smcp;mapping=tex-text;"
(fontspec)             - 'italic' (m/it) with NFSS spec.:
(fontspec)             <->"[texgyreheros-italic.otf]/OT:script=latn;language=df
lt;mapping=tex-text;"
(fontspec)             - 'italic small caps'  (m/scit) with NFSS spec.:
(fontspec)             <->"[texgyreheros-italic.otf]/OT:script=latn;language=df
lt;+smcp;mapping=tex-text;"
(fontspec)             - 'bold italic' (b/it) with NFSS spec.:
(fontspec)             <->"[texgyreheros-bolditalic.otf]/OT:script=latn;languag
e=dflt;mapping=tex-text;"
(fontspec)             - 'bold italic small caps'  (b/scit) with NFSS spec.:
(fontspec)             <->"[texgyreheros-bolditalic.otf]/OT:script=latn;languag
e=dflt;+smcp;mapping=tex-text;"


Package fontspec Info: 
(fontspec)             Script 'CJK' not explicitly supported within font
(fontspec)             'FandolSong-Regular'. Check the typeset output, and if
(fontspec)             it is okay then ignore this warning. Otherwise a
(fontspec)             different font should be chosen.


Package fontspec Info: 
(fontspec)             Font family 'FandolSong-Regular.otf(0)' created for
(fontspec)             font 'FandolSong-Regular.otf' with options
(fontspec)             [Script={CJK},BoldFont={FandolSong-Bold.otf},ItalicFont=
{FandolKai-Regular.otf}].
(fontspec)              
(fontspec)              This font family consists of the following NFSS
(fontspec)             series/shapes:
(fontspec)              
(fontspec)             - 'normal' (m/n) with NFSS spec.:
(fontspec)             <->"[FandolSong-Regular.otf]/OT:script=hani;language=dfl
t;"
(fontspec)             - 'bold' (b/n) with NFSS spec.:
(fontspec)             <->"[FandolSong-Bold.otf]/OT:script=hani;language=dflt;"

(fontspec)             - 'italic' (m/it) with NFSS spec.:
(fontspec)             <->"[FandolKai-Regular.otf]/OT:script=hani;language=dflt
;"

) (./titles-setup.tex
File: titles-setup.tex 2018/03/04

(c:/texlive/2025/texmf-dist/tex/latex/titlesec/titlesec.sty
Package: titlesec 2025/01/04 v2.17 Sectioning titles
\ttl@box=\box84
\beforetitleunit=\skip91
\aftertitleunit=\skip92
\ttl@plus=\dimen308
\ttl@minus=\dimen309
\ttl@toksa=\toks41
\titlewidth=\dimen310
\titlewidthlast=\dimen311
\titlewidthfirst=\dimen312
)
(c:/texlive/2025/texmf-dist/tex/latex/titlesec/titletoc.sty
Package: titletoc 2025/01/04 v2.17 TOC entries
\ttl@leftsep=\dimen313
)
\BoxTtlwidth=\skip93
\c@ttlp@side=\count482
\ttlp@side=\count483
))
(c:/texlive/2025/texmf-dist/tex/latex/jknapltx/mathrsfs.sty
Package: mathrsfs 1996/01/01 Math RSFS package v1.0 (jk)
\symrsfs=\mathgroup6
)
(c:/texlive/2025/texmf-dist/tex/latex/stmaryrd/stmaryrd.sty
Package: stmaryrd 1994/03/03 St Mary's Road symbol package
\symstmry=\mathgroup7
LaTeX Font Info:    Overwriting symbol font `stmry' in version `bold'
(Font)                  U/stmry/m/n --> U/stmry/b/n on input line 89.
)
LaTeX Font Info:    Overwriting symbol font `stmry' in version `bold'
(Font)                  U/stmry/b/n --> U/stmry/m/n on input line 35.

(c:/texlive/2025/texmf-dist/tex/latex/tools/array.sty
Package: array 2024/10/17 v2.6g Tabular extension package (FMi)
\col@sep=\dimen314
\ar@mcellbox=\box85
\extrarowheight=\dimen315
\NC@list=\toks42
\extratabsurround=\skip94
\backup@length=\skip95
\ar@cellbox=\box86
)
(c:/texlive/2025/texmf-dist/tex/latex/makecell/makecell.sty
Package: makecell 2009/08/03 V0.1e Managing of Tab Column Heads and Cells
\rotheadsize=\dimen316
\c@nlinenum=\count484
\TeXr@lab=\toks43
)
(c:/texlive/2025/texmf-dist/tex/latex/tikz-cd/tikz-cd.sty
Package: tikz-cd 2021/05/04 v1.0 Commutative diagrams with TikZ

(c:/texlive/2025/texmf-dist/tex/generic/tikz-cd/tikzlibrarycd.code.tex
(c:/texlive/2025/texmf-dist/tex/generic/pgf/frontendlayer/tikz/libraries/tikzli
brarymatrix.code.tex
File: tikzlibrarymatrix.code.tex 2023-01-15 v3.1.10 (3.1.10)
)
(c:/texlive/2025/texmf-dist/tex/generic/pgf/frontendlayer/tikz/libraries/tikzli
braryquotes.code.tex
File: tikzlibraryquotes.code.tex 2023-01-15 v3.1.10 (3.1.10)
)
(c:/texlive/2025/texmf-dist/tex/generic/pgf/libraries/pgflibraryarrows.meta.cod
e.tex
File: pgflibraryarrows.meta.code.tex 2023-01-15 v3.1.10 (3.1.10)
\pgfarrowinset=\dimen317
\pgfarrowlength=\dimen318
\pgfarrowwidth=\dimen319
\pgfarrowlinewidth=\dimen320
)))
(c:/texlive/2025/texmf-dist/tex/generic/pgf/frontendlayer/tikz/libraries/tikzli
brarypositioning.code.tex
File: tikzlibrarypositioning.code.tex 2023-01-15 v3.1.10 (3.1.10)
)
(c:/texlive/2025/texmf-dist/tex/generic/pgf/frontendlayer/tikz/libraries/tikzli
brarypatterns.code.tex
File: tikzlibrarypatterns.code.tex 2023-01-15 v3.1.10 (3.1.10)

(c:/texlive/2025/texmf-dist/tex/generic/pgf/libraries/pgflibrarypatterns.code.t
ex
File: pgflibrarypatterns.code.tex 2023-01-15 v3.1.10 (3.1.10)
))
(c:/texlive/2025/texmf-dist/tex/generic/pgf/frontendlayer/tikz/libraries/tikzli
brarycalc.code.tex
File: tikzlibrarycalc.code.tex 2023-01-15 v3.1.10 (3.1.10)
)
(c:/texlive/2025/texmf-dist/tex/generic/pgf/frontendlayer/tikz/libraries/tikzli
braryshapes.arrows.code.tex
File: tikzlibraryshapes.arrows.code.tex 2023-01-15 v3.1.10 (3.1.10)

(c:/texlive/2025/texmf-dist/tex/generic/pgf/libraries/shapes/pgflibraryshapes.a
rrows.code.tex
File: pgflibraryshapes.arrows.code.tex 2023-01-15 v3.1.10 (3.1.10)
)) (c:/texlive/2025/texmf-dist/tex/latex/braids/braids.sty
Package: braids 2011/10/18 v1.1 Tikz/PGF commands for drawing braid diagrams (d
epreciated package)


Package braids Warning: This package is frozen at v1.1 from 2011/10/18 and has 
been reimplemented as a TikZ library; if starting with a fresh document, please
 consider using that instead. on input line 29.

\braid@width=\dimen321
\braid@height=\dimen322
\braid@tx=\dimen323
\braid@ty=\dimen324
\braid@nx=\dimen325
\braid@ny=\dimen326
\braid@cy=\dimen327
\braid@dy=\dimen328
\braid@eh=\dimen329
\c@braid@level=\count485
\c@braid@strands=\count486
) (c:/texlive/2025/texmf-dist/tex/latex/tqft/tqft.sty
Package: tqft 2017/06/01 v2.1 Tikz/PGF commands for drawing TQFT diagrams
\tqft@xa=\dimen330
\tqft@xb=\dimen331
\tqft@c=\dimen332
\tqft@ch=\dimen333
\tqft@h=\dimen334
\tqft@s=\dimen335
\tqft@w=\dimen336
)
(c:/texlive/2025/texmf-dist/tex/latex/ytableau/ytableau.sty
Package: ytableau 2021/06/12 v1.4 Many-featured Young tableaux and Young diagra
ms
\tableaux@YT=\box87
\thistableau@YT=\box88
\refhtdp@YT=\box89
\toks@YT=\toks44
\opttoksa@YT=\toks45
\opttoksb@YT=\toks46
\boxdim@YT=\dimen337
\tableauwd@YT=\dimen338
\count@YT=\count487

(c:/texlive/2025/texmf-dist/tex/latex/pgfopts/pgfopts.sty
Package: pgfopts 2014/07/10 v2.1a LaTeX package options with pgfkeys
\pgfopts@list@add@a@toks=\toks47
\pgfopts@list@add@b@toks=\toks48
))
(c:/texlive/2025/texmf-dist/tex/generic/ulem/ulem.sty
\UL@box=\box90
\UL@hyphenbox=\box91
\UL@skip=\skip96
\UL@hook=\toks49
\UL@height=\dimen339
\UL@pe=\count488
\UL@pixel=\dimen340
\ULC@box=\box92
Package: ulem 2019/11/18
\ULdepth=\dimen341
)

Package fontspec Info: 
(fontspec)             Font family 'TimesNewRoman(0)' created for font 'Times
(fontspec)             New Roman' with options [Ligatures=TeX].
(fontspec)              
(fontspec)              This font family consists of the following NFSS
(fontspec)             series/shapes:
(fontspec)              
(fontspec)             - 'normal' (m/n) with NFSS spec.: <->"Times New
(fontspec)             Roman/OT:script=latn;language=dflt;mapping=tex-text;"
(fontspec)             - 'small caps'  (m/sc) with NFSS spec.: <->"Times New
(fontspec)             Roman/OT:script=latn;language=dflt;+smcp;mapping=tex-tex
t;"
(fontspec)             - 'bold' (b/n) with NFSS spec.: <->"Times New
(fontspec)             Roman/B/OT:script=latn;language=dflt;mapping=tex-text;"
(fontspec)             - 'bold small caps'  (b/sc) with NFSS spec.: <->"Times
(fontspec)             New
(fontspec)             Roman/B/OT:script=latn;language=dflt;+smcp;mapping=tex-t
ext;"
(fontspec)             - 'italic' (m/it) with NFSS spec.: <->"Times New
(fontspec)             Roman/I/OT:script=latn;language=dflt;mapping=tex-text;"
(fontspec)             - 'italic small caps'  (m/scit) with NFSS spec.:
(fontspec)             <->"Times New
(fontspec)             Roman/I/OT:script=latn;language=dflt;+smcp;mapping=tex-t
ext;"
(fontspec)             - 'bold italic' (b/it) with NFSS spec.: <->"Times New
(fontspec)             Roman/BI/OT:script=latn;language=dflt;mapping=tex-text;"

(fontspec)             - 'bold italic small caps'  (b/scit) with NFSS spec.:
(fontspec)             <->"Times New
(fontspec)             Roman/BI/OT:script=latn;language=dflt;+smcp;mapping=tex-
text;"


(c:/texlive/2025/texmf-dist/tex/latex/booktabs/booktabs.sty
Package: booktabs 2020/01/12 v1.61803398 Publication quality tables
\heavyrulewidth=\dimen342
\lightrulewidth=\dimen343
\cmidrulewidth=\dimen344
\belowrulesep=\dimen345
\belowbottomsep=\dimen346
\aboverulesep=\dimen347
\abovetopsep=\dimen348
\cmidrulesep=\dimen349
\cmidrulekern=\dimen350
\defaultaddspace=\dimen351
\@cmidla=\count489
\@cmidlb=\count490
\@aboverulesep=\dimen352
\@belowrulesep=\dimen353
\@thisruleclass=\count491
\@lastruleclass=\count492
\@thisrulewidth=\dimen354
)
(c:/texlive/2025/texmf-dist/tex/latex/enumitem/enumitem.sty
Package: enumitem 2025/02/06 v3.11 Customized lists
\labelindent=\skip97
\enit@outerparindent=\dimen355
\enit@toks=\toks50
\enit@inbox=\box93
\enit@count@id=\count493
\enitdp@description=\count494
)
(c:/texlive/2025/texmf-dist/tex/latex/pgfplots/pgfplots.sty
(c:/texlive/2025/texmf-dist/tex/generic/pgfplots/pgfplots.revision.tex)
Package: pgfplots 2021/05/15 v1.18.1 Data Visualization (1.18.1)

(c:/texlive/2025/texmf-dist/tex/generic/pgfplots/pgfplots.code.tex
(c:/texlive/2025/texmf-dist/tex/generic/pgfplots/pgfplotscore.code.tex
\t@pgfplots@toka=\toks51
\t@pgfplots@tokb=\toks52
\t@pgfplots@tokc=\toks53
\pgfplots@tmpa=\dimen356
\c@pgfplots@coordindex=\count495
\c@pgfplots@scanlineindex=\count496

(c:/texlive/2025/texmf-dist/tex/generic/pgfplots/sys/pgfplotssysgeneric.code.te
x))
(c:/texlive/2025/texmf-dist/tex/generic/pgfplots/libs/pgfplotslibrary.code.tex)

(c:/texlive/2025/texmf-dist/tex/generic/pgfplots/oldpgfcompatib/pgfplotsoldpgfs
upp_loader.code.tex
(c:/texlive/2025/texmf-dist/tex/generic/pgf/libraries/pgflibraryfpu.code.tex)
Package pgfplots: loading complementary utilities for your pgf version...
\t@pgf@toka=\toks54
\t@pgf@tokb=\toks55
\t@pgf@tokc=\toks56

(c:/texlive/2025/texmf-dist/tex/generic/pgfplots/oldpgfcompatib/pgfplotsoldpgfs
upp_pgfutil-common-lists.tex))
(c:/texlive/2025/texmf-dist/tex/generic/pgfplots/util/pgfplotsutil.code.tex
(c:/texlive/2025/texmf-dist/tex/generic/pgfplots/liststructure/pgfplotsliststru
cture.code.tex)
(c:/texlive/2025/texmf-dist/tex/generic/pgfplots/liststructure/pgfplotsliststru
ctureext.code.tex)
(c:/texlive/2025/texmf-dist/tex/generic/pgfplots/liststructure/pgfplotsarray.co
de.tex
\c@pgfplotsarray@tmp=\count497
)
(c:/texlive/2025/texmf-dist/tex/generic/pgfplots/liststructure/pgfplotsmatrix.c
ode.tex)
(c:/texlive/2025/texmf-dist/tex/generic/pgfplots/numtable/pgfplotstableshared.c
ode.tex
\c@pgfplotstable@counta=\count498
\t@pgfplotstable@a=\toks57
)
(c:/texlive/2025/texmf-dist/tex/generic/pgfplots/liststructure/pgfplotsdeque.co
de.tex)
(c:/texlive/2025/texmf-dist/tex/generic/pgfplots/util/pgfplotsbinary.code.tex
(c:/texlive/2025/texmf-dist/tex/generic/pgfplots/util/pgfplotsbinary.data.code.
tex))
(c:/texlive/2025/texmf-dist/tex/generic/pgfplots/util/pgfplotsutil.verb.code.te
x)
(c:/texlive/2025/texmf-dist/tex/generic/pgfplots/libs/pgflibrarypgfplots.surfsh
ading.code.tex
\c@pgfplotslibrarysurf@no=\count499

(c:/texlive/2025/texmf-dist/tex/generic/pgfplots/sys/pgflibrarypgfplots.surfsha
ding.pgfsys-xetex.def
(c:/texlive/2025/texmf-dist/tex/generic/pgfplots/sys/pgflibrarypgfplots.surfsha
ding.pgfsys-dvipdfmx.def
\c@pgfplotslibrarysurf@streamlen=\count500
))))
(c:/texlive/2025/texmf-dist/tex/generic/pgfplots/util/pgfplotscolormap.code.tex
(c:/texlive/2025/texmf-dist/tex/generic/pgfplots/util/pgfplotscolor.code.tex))
(c:/texlive/2025/texmf-dist/tex/generic/pgfplots/pgfplotsstackedplots.code.tex)
(c:/texlive/2025/texmf-dist/tex/generic/pgfplots/pgfplotsplothandlers.code.tex
(c:/texlive/2025/texmf-dist/tex/generic/pgfplots/pgfplotsmeshplothandler.code.t
ex
(c:/texlive/2025/texmf-dist/tex/generic/pgfplots/pgfplotsmeshplotimage.code.tex
))) (c:/texlive/2025/texmf-dist/tex/generic/pgfplots/pgfplots.scaling.code.tex)

(c:/texlive/2025/texmf-dist/tex/generic/pgfplots/pgfplotscoordprocessing.code.t
ex)
(c:/texlive/2025/texmf-dist/tex/generic/pgfplots/pgfplots.errorbars.code.tex)
(c:/texlive/2025/texmf-dist/tex/generic/pgfplots/pgfplots.markers.code.tex)
(c:/texlive/2025/texmf-dist/tex/generic/pgfplots/pgfplotsticks.code.tex)
(c:/texlive/2025/texmf-dist/tex/generic/pgfplots/pgfplots.paths.code.tex)
(c:/texlive/2025/texmf-dist/tex/generic/pgf/frontendlayer/tikz/libraries/tikzli
brarydecorations.code.tex
(c:/texlive/2025/texmf-dist/tex/generic/pgf/modules/pgfmoduledecorations.code.t
ex
\pgfdecoratedcompleteddistance=\dimen357
\pgfdecoratedremainingdistance=\dimen358
\pgfdecoratedinputsegmentcompleteddistance=\dimen359
\pgfdecoratedinputsegmentremainingdistance=\dimen360
\pgf@decorate@distancetomove=\dimen361
\pgf@decorate@repeatstate=\count501
\pgfdecorationsegmentamplitude=\dimen362
\pgfdecorationsegmentlength=\dimen363
)
\tikz@lib@dec@box=\box94
)
(c:/texlive/2025/texmf-dist/tex/generic/pgf/frontendlayer/tikz/libraries/tikzli
brarydecorations.pathmorphing.code.tex
(c:/texlive/2025/texmf-dist/tex/generic/pgf/libraries/decorations/pgflibrarydec
orations.pathmorphing.code.tex))
(c:/texlive/2025/texmf-dist/tex/generic/pgf/frontendlayer/tikz/libraries/tikzli
brarydecorations.pathreplacing.code.tex
(c:/texlive/2025/texmf-dist/tex/generic/pgf/libraries/decorations/pgflibrarydec
orations.pathreplacing.code.tex))
(c:/texlive/2025/texmf-dist/tex/generic/pgfplots/libs/tikzlibrarypgfplots.conto
urlua.code.tex)
\pgfplots@numplots=\count502
\pgfplots@xmin@reg=\dimen364
\pgfplots@xmax@reg=\dimen365
\pgfplots@ymin@reg=\dimen366
\pgfplots@ymax@reg=\dimen367
\pgfplots@zmin@reg=\dimen368
\pgfplots@zmax@reg=\dimen369
)
(c:/texlive/2025/texmf-dist/tex/generic/pgf/frontendlayer/tikz/libraries/tikzli
braryplotmarks.code.tex
File: tikzlibraryplotmarks.code.tex 2023-01-15 v3.1.10 (3.1.10)

(c:/texlive/2025/texmf-dist/tex/generic/pgf/libraries/pgflibraryplotmarks.code.
tex
File: pgflibraryplotmarks.code.tex 2023-01-15 v3.1.10 (3.1.10)
))) (c:/texlive/2025/texmf-dist/tex/latex/wrapfig/wrapfig.sty
\wrapoverhang=\dimen370
\WF@size=\dimen371
\c@WF@wrappedlines=\count503
\WF@box=\box95
\WF@everypar=\toks58
Package: wrapfig 2003/01/31  v 3.6
)
(c:/texlive/2025/texmf-dist/tex/latex/caption/subcaption.sty
Package: subcaption 2023/07/28 v1.6b Sub-captions (AR)

(c:/texlive/2025/texmf-dist/tex/latex/caption/caption.sty
Package: caption 2023/08/05 v3.6o Customizing captions (AR)

(c:/texlive/2025/texmf-dist/tex/latex/caption/caption3.sty
Package: caption3 2023/07/31 v2.4d caption3 kernel (AR)
\caption@tempdima=\dimen372
\captionmargin=\dimen373
\caption@leftmargin=\dimen374
\caption@rightmargin=\dimen375
\caption@width=\dimen376
\caption@indent=\dimen377
\caption@parindent=\dimen378
\caption@hangindent=\dimen379
Package caption Info: Standard document class detected.
)
\c@caption@flags=\count504
\c@continuedfloat=\count505
Package caption Info: wrapfig package is loaded.
)
Package caption Info: New subtype `subfigure' on input line 238.
\c@subfigure=\count506
Package caption Info: New subtype `subtable' on input line 238.
\c@subtable=\count507
) (./myarrows.sty
Package: myarrows 2018/02/20 Package for extendable arrows
\xratbelow=\box96
\xratabove=\box97
)
(./mycommand.sty
Package: mycommand 2018/02/20 Package for my own commands
 (c:/texlive/2025/texmf-dist/tex/latex/tools/bm.sty
Package: bm 2023/12/19 v1.2f Bold Symbol Support (DPC/FMi)
Package bm Info: No bold for \OMX/cmex/m/n, using \pmb.
Package bm Info: No bold for \U/msa/m/n, using \pmb.
Package bm Info: No bold for \U/msb/m/n, using \pmb.
Package bm Info: No bold for \U/rsfs/m/n, using \pmb.
Package bm Info: No bold for \U/stmry/m/n, using \pmb.
)
(c:/texlive/2025/texmf-dist/tex/latex/amsfonts/euscript.sty
Package: euscript 2009/06/22 v3.00 Euler Script fonts
LaTeX Font Info:    Overwriting math alphabet `\EuScript' in version `bold'
(Font)                  U/eus/m/n --> U/eus/b/n on input line 33.
))
(c:/texlive/2025/texmf-dist/tex/latex/imakeidx/imakeidx.sty
Package: imakeidx 2016/10/15 v1.3e Package for typesetting indices in a synchro
nous mode

(c:/texlive/2025/texmf-dist/tex/latex/xkeyval/xkeyval.sty
Package: xkeyval 2022/06/16 v2.9 package option processing (HA)

(c:/texlive/2025/texmf-dist/tex/generic/xkeyval/xkeyval.tex
(c:/texlive/2025/texmf-dist/tex/generic/xkeyval/xkvutils.tex
\XKV@toks=\toks59
\XKV@tempa@toks=\toks60
)
\XKV@depth=\count508
File: xkeyval.tex 2014/12/03 v2.7a key=value parser (HA)
))
(c:/texlive/2025/texmf-dist/tex/generic/iftex/ifxetex.sty
Package: ifxetex 2019/10/25 v0.7 ifxetex legacy package. Use iftex instead.
)
(c:/texlive/2025/texmf-dist/tex/generic/iftex/ifluatex.sty
Package: ifluatex 2019/10/25 v1.5 ifluatex legacy package. Use iftex instead.
)
(c:/texlive/2025/texmf-dist/tex/latex/tools/multicol.sty
Package: multicol 2024/09/14 v1.9i multicolumn formatting (FMi)
\c@tracingmulticols=\count509
\mult@box=\box98
\multicol@leftmargin=\dimen380
\c@unbalance=\count510
\c@collectmore=\count511
\doublecol@number=\count512
\multicoltolerance=\count513
\multicolpretolerance=\count514
\full@width=\dimen381
\page@free=\dimen382
\premulticols=\dimen383
\postmulticols=\dimen384
\multicolsep=\skip98
\multicolbaselineskip=\skip99
\partial@page=\box99
\last@line=\box100
\mc@boxedresult=\box101
\maxbalancingoverflow=\dimen385
\mult@rightbox=\box102
\mult@grightbox=\box103
\mult@firstbox=\box104
\mult@gfirstbox=\box105
\@tempa=\box106
\@tempa=\box107
\@tempa=\box108
\@tempa=\box109
\@tempa=\box110
\@tempa=\box111
\@tempa=\box112
\@tempa=\box113
\@tempa=\box114
\@tempa=\box115
\@tempa=\box116
\@tempa=\box117
\@tempa=\box118
\@tempa=\box119
\@tempa=\box120
\@tempa=\box121
\@tempa=\box122
\@tempa=\box123
\@tempa=\box124
\@tempa=\box125
\@tempa=\box126
\@tempa=\box127
\@tempa=\box128
\@tempa=\box129
\@tempa=\box130
\@tempa=\box131
\@tempa=\box132
\@tempa=\box133
\@tempa=\box134
\@tempa=\box135
\@tempa=\box136
\@tempa=\box137
\@tempa=\box138
\@tempa=\box139
\@tempa=\box140
\@tempa=\box141
\c@minrows=\count515
\c@columnbadness=\count516
\c@finalcolumnbadness=\count517
\last@try=\dimen386
\multicolovershoot=\dimen387
\multicolundershoot=\dimen388
\mult@nat@firstbox=\box142
\colbreak@box=\box143
\mc@col@check@num=\count518
))
\@indexfile=\write5
\openout5 = `Engineering_cybernetics.idx'.


Started index file Engineering_cybernetics
Started index file sym1
(c:/texlive/2025/texmf-dist/tex/latex/hyperref/hyperref.sty
Package: hyperref 2024-11-05 v7.01l Hypertext links for LaTeX

(c:/texlive/2025/texmf-dist/tex/generic/kvdefinekeys/kvdefinekeys.sty
Package: kvdefinekeys 2019-12-19 v1.6 Define keys (HO)
)
(c:/texlive/2025/texmf-dist/tex/generic/pdfescape/pdfescape.sty
Package: pdfescape 2019/12/09 v1.15 Implements pdfTeX's escape features (HO)
)
(c:/texlive/2025/texmf-dist/tex/latex/hycolor/hycolor.sty
Package: hycolor 2020-01-27 v1.10 Color options for hyperref/bookmark (HO)
)
(c:/texlive/2025/texmf-dist/tex/latex/hyperref/nameref.sty
Package: nameref 2023-11-26 v2.56 Cross-referencing by name of section

(c:/texlive/2025/texmf-dist/tex/latex/refcount/refcount.sty
Package: refcount 2019/12/15 v3.6 Data extraction from label references (HO)
)
(c:/texlive/2025/texmf-dist/tex/generic/gettitlestring/gettitlestring.sty
Package: gettitlestring 2019/12/15 v1.6 Cleanup title references (HO)
)
\c@section@level=\count519
)
(c:/texlive/2025/texmf-dist/tex/generic/stringenc/stringenc.sty
Package: stringenc 2019/11/29 v1.12 Convert strings between diff. encodings (HO
)
)
\@linkdim=\dimen389
\Hy@linkcounter=\count520
\Hy@pagecounter=\count521

(c:/texlive/2025/texmf-dist/tex/latex/hyperref/pd1enc.def
File: pd1enc.def 2024-11-05 v7.01l Hyperref: PDFDocEncoding definition (HO)
)
(c:/texlive/2025/texmf-dist/tex/generic/intcalc/intcalc.sty
Package: intcalc 2019/12/15 v1.3 Expandable calculations with integers (HO)
)
\Hy@SavedSpaceFactor=\count522

(c:/texlive/2025/texmf-dist/tex/latex/hyperref/puenc.def
File: puenc.def 2024-11-05 v7.01l Hyperref: PDF Unicode definition (HO)
)
Package hyperref Info: Option `unicode' set `true' on input line 4040.
Package hyperref Info: Option `bookmarksnumbered' set `true' on input line 4040
.
Package hyperref Info: Hyper figures OFF on input line 4157.
Package hyperref Info: Link nesting OFF on input line 4162.
Package hyperref Info: Hyper index ON on input line 4165.
Package hyperref Info: Plain pages OFF on input line 4172.
Package hyperref Info: Backreferencing OFF on input line 4177.
Package hyperref Info: Implicit mode ON; LaTeX internals redefined.
Package hyperref Info: Bookmarks ON on input line 4424.
\c@Hy@tempcnt=\count523
LaTeX Info: Redefining \url on input line 4763.
\XeTeXLinkMargin=\dimen390

(c:/texlive/2025/texmf-dist/tex/generic/bitset/bitset.sty
Package: bitset 2019/12/09 v1.3 Handle bit-vector datatype (HO)

(c:/texlive/2025/texmf-dist/tex/generic/bigintcalc/bigintcalc.sty
Package: bigintcalc 2019/12/15 v1.5 Expandable calculations on big integers (HO
)
))
\Fld@menulength=\count524
\Field@Width=\dimen391
\Fld@charsize=\dimen392
Package hyperref Info: Hyper figures OFF on input line 6042.
Package hyperref Info: Link nesting OFF on input line 6047.
Package hyperref Info: Hyper index ON on input line 6050.
Package hyperref Info: backreferencing OFF on input line 6057.
Package hyperref Info: Link coloring OFF on input line 6062.
Package hyperref Info: Link coloring with OCG OFF on input line 6067.
Package hyperref Info: PDF/A mode OFF on input line 6072.

(c:/texlive/2025/texmf-dist/tex/latex/base/atbegshi-ltx.sty
Package: atbegshi-ltx 2021/01/10 v1.0c Emulation of the original atbegshi
package with kernel methods
)
\Hy@abspage=\count525
\c@Item=\count526
\c@Hfootnote=\count527
)
Package hyperref Info: Driver (autodetected): hxetex.

(c:/texlive/2025/texmf-dist/tex/latex/hyperref/hxetex.def
File: hxetex.def 2024-11-05 v7.01l Hyperref driver for XeTeX
\pdfm@box=\box144
\c@Hy@AnnotLevel=\count528
\HyField@AnnotCount=\count529
\Fld@listcount=\count530
\c@bookmark@seq@number=\count531

(c:/texlive/2025/texmf-dist/tex/latex/rerunfilecheck/rerunfilecheck.sty
Package: rerunfilecheck 2022-07-10 v1.10 Rerun checks for auxiliary files (HO)

(c:/texlive/2025/texmf-dist/tex/latex/base/atveryend-ltx.sty
Package: atveryend-ltx 2020/08/19 v1.0a Emulation of the original atveryend pac
kage
with kernel methods
)
(c:/texlive/2025/texmf-dist/tex/generic/uniquecounter/uniquecounter.sty
Package: uniquecounter 2019/12/15 v1.4 Provide unlimited unique counter (HO)
)
Package uniquecounter Info: New unique counter `rerunfilecheck' on input line 2
85.
)
\Hy@SectionHShift=\skip100
)
Package hyperref Info: Option `CJKbookmarks' set `true' on input line 101.
\@quotelevel=\count532
\@quotereset=\count533

(c:/texlive/2025/texmf-dist/tex/latex/ntheorem/ntheorem.sty
Style `ntheorem', Version 1.33 <2011/08/15>
Package: ntheorem 2011/08/15 1.33
\theorem@style=\toks61
\theorem@@style=\toks62
\theorembodyfont=\toks63
\theoremnumbering=\toks64
\theorempreskipamount=\skip101
\theorempostskipamount=\skip102
\theoremframepreskipamount=\skip103
\theoremframepostskipamount=\skip104
\theoreminframepreskipamount=\skip105
\theoreminframepostskipamount=\skip106
\theorem@preskip=\toks65
\theorem@postskip=\toks66
\theorem@framepreskip=\toks67
\theorem@framepostskip=\toks68
\theorem@inframepreskip=\toks69
\theorem@inframepostskip=\toks70
\theoremindent=\dimen393
\theorem@indent=\dimen394
\theoremrightindent=\dimen395
\theorem@rightindent=\dimen396
\theoremheaderfont=\toks71
\theoremseparator=\toks72
\theoremprework=\toks73
\theorempostwork=\toks74
\theoremsymbol=\toks75
\qedsymbol=\toks76
\theoremkeyword=\toks77
\qedsymbol=\toks78
\thm@topsep=\skip107
\thm@topsepadd=\skip108
Package ntheorem Info: Option `thmmarks' loaded on input line 1175.
\c@endNonectr=\count534
\c@currNonectr=\count535
\mysavskip=\skip109
Package ntheorem Info: option `amsmath' handling for `thmmarks' loaded on input
 line 1175.
\thm@amstmpdepth=\dimen397
\tagwidth=\dimen398
)
Package hyperref Info: Option `colorlinks' set `true' on input line 107.
 (c:/texlive/2025/texmf-dist/tex/latex/geometry/geometry.sty
Package: geometry 2020/01/02 v5.9 Page Geometry

(c:/texlive/2025/texmf-dist/tex/generic/iftex/ifvtex.sty
Package: ifvtex 2019/10/25 v1.7 ifvtex legacy package. Use iftex instead.
)
\Gm@cnth=\count536
\Gm@cntv=\count537
\c@Gm@tempcnt=\count538
\Gm@bindingoffset=\dimen399
\Gm@wd@mp=\dimen400
\Gm@odd@mp=\dimen401
\Gm@even@mp=\dimen402
\Gm@layoutwidth=\dimen403
\Gm@layoutheight=\dimen404
\Gm@layouthoffset=\dimen405
\Gm@layoutvoffset=\dimen406
\Gm@dimlist=\toks79
)
(c:/texlive/2025/texmf-dist/tex/latex/fancyhdr/fancyhdr.sty
Package: fancyhdr 2025/02/07 v5.2 Extensive control of page headers and footers

\f@nch@headwidth=\skip110
\f@nch@offset@elh=\skip111
\f@nch@offset@erh=\skip112
\f@nch@offset@olh=\skip113
\f@nch@offset@orh=\skip114
\f@nch@offset@elf=\skip115
\f@nch@offset@erf=\skip116
\f@nch@offset@olf=\skip117
\f@nch@offset@orf=\skip118
\f@nch@height=\skip119
\f@nch@footalignment=\skip120
\f@nch@widthL=\skip121
\f@nch@widthC=\skip122
\f@nch@widthR=\skip123
\@temptokenb=\toks80
)
(./Engineering_cybernetics.aux (./preface_ch.aux) (./preface_en.aux)
(./chapter1.aux) (./chapter2.aux) (./chapter3.aux) (./chapter4.aux

LaTeX Warning: Label `eq:transfer_function_other_format' multiply defined.

) (./chapter5.aux) (./chapter6.aux) (./chapter7.aux) (./chapter8.aux)
(./chapter9.aux) (./chapter10.aux) (./chapter11.aux) (./chapter12.aux)
(./chapter13.aux) (./chapter14.aux) (./chapter15.aux) (./chapter16.aux)
(./chapter17.aux) (./chapter18.aux))
\openout1 = `Engineering_cybernetics.aux'.

LaTeX Font Info:    Checking defaults for OML/cmm/m/it on input line 107.
LaTeX Font Info:    ... okay on input line 107.
LaTeX Font Info:    Checking defaults for OMS/cmsy/m/n on input line 107.
LaTeX Font Info:    ... okay on input line 107.
LaTeX Font Info:    Checking defaults for OT1/cmr/m/n on input line 107.
LaTeX Font Info:    ... okay on input line 107.
LaTeX Font Info:    Checking defaults for T1/cmr/m/n on input line 107.
LaTeX Font Info:    ... okay on input line 107.
LaTeX Font Info:    Checking defaults for TS1/cmr/m/n on input line 107.
LaTeX Font Info:    ... okay on input line 107.
LaTeX Font Info:    Checking defaults for TU/lmr/m/n on input line 107.
LaTeX Font Info:    ... okay on input line 107.
LaTeX Font Info:    Checking defaults for OMX/cmex/m/n on input line 107.
LaTeX Font Info:    ... okay on input line 107.
LaTeX Font Info:    Checking defaults for U/cmr/m/n on input line 107.
LaTeX Font Info:    ... okay on input line 107.
LaTeX Font Info:    Checking defaults for PD1/pdf/m/n on input line 107.
LaTeX Font Info:    ... okay on input line 107.
LaTeX Font Info:    Checking defaults for PU/pdf/m/n on input line 107.
LaTeX Font Info:    ... okay on input line 107.

Package fontspec Info: 
(fontspec)             Adjusting the maths setup (use [no-math] to avoid
(fontspec)             this).

\symlegacymaths=\mathgroup8
LaTeX Font Info:    Overwriting symbol font `legacymaths' in version `bold'
(Font)                  OT1/cmr/m/n --> OT1/cmr/bx/n on input line 107.
LaTeX Font Info:    Redeclaring math accent \acute on input line 107.
LaTeX Font Info:    Redeclaring math accent \grave on input line 107.
LaTeX Font Info:    Redeclaring math accent \ddot on input line 107.
LaTeX Font Info:    Redeclaring math accent \tilde on input line 107.
LaTeX Font Info:    Redeclaring math accent \bar on input line 107.
LaTeX Font Info:    Redeclaring math accent \breve on input line 107.
LaTeX Font Info:    Redeclaring math accent \check on input line 107.
LaTeX Font Info:    Redeclaring math accent \hat on input line 107.
LaTeX Font Info:    Redeclaring math accent \dot on input line 107.
LaTeX Font Info:    Redeclaring math accent \mathring on input line 107.
LaTeX Font Info:    Redeclaring math symbol \Gamma on input line 107.
LaTeX Font Info:    Redeclaring math symbol \Delta on input line 107.
LaTeX Font Info:    Redeclaring math symbol \Theta on input line 107.
LaTeX Font Info:    Redeclaring math symbol \Lambda on input line 107.
LaTeX Font Info:    Redeclaring math symbol \Xi on input line 107.
LaTeX Font Info:    Redeclaring math symbol \Pi on input line 107.
LaTeX Font Info:    Redeclaring math symbol \Sigma on input line 107.
LaTeX Font Info:    Redeclaring math symbol \Upsilon on input line 107.
LaTeX Font Info:    Redeclaring math symbol \Phi on input line 107.
LaTeX Font Info:    Redeclaring math symbol \Psi on input line 107.
LaTeX Font Info:    Redeclaring math symbol \Omega on input line 107.
LaTeX Font Info:    Redeclaring math symbol \mathdollar on input line 107.
LaTeX Font Info:    Redeclaring symbol font `operators' on input line 107.
LaTeX Font Info:    Encoding `OT1' has changed to `TU' for symbol font
(Font)              `operators' in the math version `normal' on input line 107.

LaTeX Font Info:    Overwriting symbol font `operators' in version `normal'
(Font)                  OT1/cmr/m/n --> TU/lmr/m/n on input line 107.
LaTeX Font Info:    Encoding `OT1' has changed to `TU' for symbol font
(Font)              `operators' in the math version `bold' on input line 107.
LaTeX Font Info:    Overwriting symbol font `operators' in version `bold'
(Font)                  OT1/cmr/bx/n --> TU/lmr/m/n on input line 107.
LaTeX Font Info:    Overwriting symbol font `operators' in version `normal'
(Font)                  TU/lmr/m/n --> TU/lmr/m/n on input line 107.
LaTeX Font Info:    Overwriting math alphabet `\mathit' in version `normal'
(Font)                  OT1/cmr/m/it --> TU/lmr/m/it on input line 107.
LaTeX Font Info:    Overwriting math alphabet `\mathbf' in version `normal'
(Font)                  OT1/cmr/bx/n --> TU/lmr/b/n on input line 107.
LaTeX Font Info:    Overwriting math alphabet `\mathsf' in version `normal'
(Font)                  OT1/cmss/m/n --> TU/texgyreheros(0)/m/n on input line 1
07.
LaTeX Font Info:    Overwriting math alphabet `\mathtt' in version `normal'
(Font)                  OT1/cmtt/m/n --> TU/lmtt/m/n on input line 107.
LaTeX Font Info:    Overwriting symbol font `operators' in version `bold'
(Font)                  TU/lmr/m/n --> TU/lmr/b/n on input line 107.
LaTeX Font Info:    Overwriting math alphabet `\mathit' in version `bold'
(Font)                  OT1/cmr/bx/it --> TU/lmr/b/it on input line 107.
LaTeX Font Info:    Overwriting math alphabet `\mathsf' in version `bold'
(Font)                  OT1/cmss/bx/n --> TU/texgyreheros(0)/b/n on input line 
107.
LaTeX Font Info:    Overwriting math alphabet `\mathtt' in version `bold'
(Font)                  OT1/cmtt/m/n --> TU/lmtt/b/n on input line 107.

(c:/texlive/2025/texmf-dist/tex/latex/pdflscape/pdflscape.sty
Package: pdflscape 2022-10-27 v0.13 Display of landscape pages in PDF

(c:/texlive/2025/texmf-dist/tex/latex/pdflscape/pdflscape-nometadata.sty
Package: pdflscape-nometadata 2022-10-28 v0.13 Display of landscape pages in PD
F (HO)

(c:/texlive/2025/texmf-dist/tex/latex/graphics/lscape.sty
Package: lscape 2020/05/28 v3.02 Landscape Pages (DPC)
)
Package pdflscape Info: Auto-detected driver: dvipdfm (xetex) on input line 98.

))
Package biblatex Info: Trying to load language 'english'...
Package biblatex Info: ... file 'english.lbx' found.

(c:/texlive/2025/texmf-dist/tex/latex/biblatex/lbx/english.lbx
File: english.lbx 2024/03/21 v3.20 biblatex localization (PK/MW)
)
Package biblatex Info: XeTeX detected.
(biblatex)             Assuming input encoding 'utf8'.
Package biblatex Info: Automatic encoding selection.
(biblatex)             Assuming data encoding 'utf8'.
\openout4 = `Engineering_cybernetics.bcf'.

Package biblatex Info: Trying to load bibliographic data...
Package biblatex Info: ... file 'Engineering_cybernetics.bbl' found.

(./Engineering_cybernetics.bbl)
Package biblatex Info: Reference section=0 on input line 107.
Package biblatex Info: Reference segment=0 on input line 107.

isodate: babel.sty, (n)german.sty have not been loaded
\c@currtheoremctr=\count539
\c@endtheoremctr=\count540
\c@theorem=\count541
\c@currcorollaryctr=\count542
\c@endcorollaryctr=\count543
\c@currlemmactr=\count544
\c@endlemmactr=\count545
\c@currpropositionctr=\count546
\c@endpropositionctr=\count547
\c@currdefinitionctr=\count548
\c@enddefinitionctr=\count549
\c@currdefinition-theoremctr=\count550
\c@enddefinition-theoremctr=\count551
\c@currdefinition-propositionctr=\count552
\c@enddefinition-propositionctr=\count553
\c@currhypothesisctr=\count554
\c@endhypothesisctr=\count555
\c@currconjecturectr=\count556
\c@endconjecturectr=\count557
\c@currexamplectr=\count558
\c@endexamplectr=\count559
\c@currremarkctr=\count560
\c@endremarkctr=\count561
\c@currconventionctr=\count562
\c@endconventionctr=\count563
\c@currexercisectr=\count564
\c@endexercisectr=\count565
\c@currproofctr=\count566
\c@endproofctr=\count567
\c@proof=\count568
Package pgfplots notification 'compat/show suggested version=true': document ha
s been generated with the most recent feature set (\pgfplotsset{compat=1.18}).

Package caption Info: Begin \AtBeginDocument code.
Package caption Info: hyperref package is loaded.
Package caption Info: End \AtBeginDocument code.
Package hyperref Info: Link coloring ON on input line 107.
(./Engineering_cybernetics.out) (./Engineering_cybernetics.out)
\@outlinefile=\write6
\openout6 = `Engineering_cybernetics.out'.


*geometry* driver: auto-detecting
*geometry* detected driver: xetex
*geometry* verbose mode - [ preamble ] result:
* driver: xetex
* paper: b5paper
* layout: <same size as paper>
* layoutoffset:(h,v)=(0.0pt,0.0pt)
* modes: twoside asymmetric 
* h-part:(L,W,R)=(50.07684pt, 375.57637pt, 75.11528pt)
* v-part:(T,H,B)=(59.18173pt, 563.36456pt, 88.7726pt)
* \paperwidth=500.7685pt
* \paperheight=711.3189pt
* \textwidth=375.57637pt
* \textheight=563.36456pt
* \oddsidemargin=-22.19315pt
* \evensidemargin=-22.19315pt
* \topmargin=-56.18823pt
* \headheight=22.04999pt
* \headsep=21.54999pt
* \topskip=10.0pt
* \footskip=25.29494pt
* \marginparwidth=125.0pt
* \marginparsep=7.0pt
* \columnsep=10.0pt
* \skip\footins=9.0pt plus 4.0pt minus 2.0pt
* \hoffset=0.0pt
* \voffset=0.0pt
* \mag=1000
* \@twocolumnfalse
* \@twosidetrue
* \@mparswitchfalse
* \@reversemarginfalse
* (1in=72.27pt=25.4mm, 1cm=28.453pt)

(./coverpage.tex

Package fontspec Info: 
(fontspec)             Could not resolve font "Microsoft YaHei/I" (it probably
(fontspec)             doesn't exist).


Package fontspec Info: 
(fontspec)             Font family 'MicrosoftYaHei(0)' created for font
(fontspec)             'Microsoft YaHei' with options
(fontspec)             [Ligatures=TeX,Script={CJK}].
(fontspec)              
(fontspec)              This font family consists of the following NFSS
(fontspec)             series/shapes:
(fontspec)              
(fontspec)             - 'normal' (m/n) with NFSS spec.: <->"Microsoft
(fontspec)             YaHei/OT:script=hani;language=dflt;mapping=tex-text;"
(fontspec)             - 'bold' (b/n) with NFSS spec.: <->"Microsoft
(fontspec)             YaHei/B/OT:script=hani;language=dflt;mapping=tex-text;"
(fontspec)             - 'bold italic' (b/it) with NFSS spec.: <->"Microsoft
(fontspec)             YaHei/BI/OT:script=hani;language=dflt;mapping=tex-text;"



Package fontspec Info: 
(fontspec)             Font family 'AdobeKaitiStd-Regular.otf(0)' created for
(fontspec)             font 'AdobeKaitiStd-Regular.otf' with options
(fontspec)             [Ligatures=TeX,Script={CJK}].
(fontspec)              
(fontspec)              This font family consists of the following NFSS
(fontspec)             series/shapes:
(fontspec)              
(fontspec)             - 'normal' (m/n) with NFSS spec.:
(fontspec)             <->"[AdobeKaitiStd-Regular.otf]/OT:script=hani;language=
dflt;mapping=tex-text;"

LaTeX Font Info:    Trying to load font information for U+msa on input line 37.

 (c:/texlive/2025/texmf-dist/tex/latex/amsfonts/umsa.fd
File: umsa.fd 2013/01/14 v3.01 AMS symbols A
)
LaTeX Font Info:    Trying to load font information for U+msb on input line 37.


(c:/texlive/2025/texmf-dist/tex/latex/amsfonts/umsb.fd
File: umsb.fd 2013/01/14 v3.01 AMS symbols B
)
LaTeX Font Info:    Trying to load font information for U+rsfs on input line 37
.

(c:/texlive/2025/texmf-dist/tex/latex/jknapltx/ursfs.fd
File: ursfs.fd 1998/03/24 rsfs font definition file (jk)
)
LaTeX Font Info:    Trying to load font information for U+stmry on input line 3
7.

(c:/texlive/2025/texmf-dist/tex/latex/stmaryrd/Ustmry.fd)

Package fontspec Info: 
(fontspec)             Script 'CJK' not explicitly supported within font
(fontspec)             'FandolHei-Regular'. Check the typeset output, and if
(fontspec)             it is okay then ignore this warning. Otherwise a
(fontspec)             different font should be chosen.


Package fontspec Info: 
(fontspec)             Font family 'FandolHei-Regular.otf(0)' created for font
(fontspec)             'FandolHei-Regular.otf' with options
(fontspec)             [Ligatures=TeX,Script={CJK},BoldFont={FandolHei-Bold.otf
}].
(fontspec)              
(fontspec)              This font family consists of the following NFSS
(fontspec)             series/shapes:
(fontspec)              
(fontspec)             - 'normal' (m/n) with NFSS spec.:
(fontspec)             <->"[FandolHei-Regular.otf]/OT:script=hani;language=dflt
;mapping=tex-text;"
(fontspec)             - 'bold' (b/n) with NFSS spec.:
(fontspec)             <->"[FandolHei-Bold.otf]/OT:script=hani;language=dflt;ma
pping=tex-text;"



[1



]

[2

]) (./Engineering_cybernetics.toc

Package fontspec Info: 
(fontspec)             Script 'CJK' not explicitly supported within font
(fontspec)             'FandolHei-Regular'. Check the typeset output, and if
(fontspec)             it is okay then ignore this warning. Otherwise a
(fontspec)             different font should be chosen.


Package fontspec Info: 
(fontspec)             Font family 'FandolHei-Regular.otf(1)' created for font
(fontspec)             'FandolHei-Regular.otf' with options
(fontspec)             [Ligatures=TeX,Script={CJK},BoldFont={FandolHei-Bold.otf
},ItalicFont={FandolHei-Regular.otf}].
(fontspec)              
(fontspec)              This font family consists of the following NFSS
(fontspec)             series/shapes:
(fontspec)              
(fontspec)             - 'normal' (m/n) with NFSS spec.:
(fontspec)             <->"[FandolHei-Regular.otf]/OT:script=hani;language=dflt
;mapping=tex-text;"
(fontspec)             - 'bold' (b/n) with NFSS spec.:
(fontspec)             <->"[FandolHei-Bold.otf]/OT:script=hani;language=dflt;ma
pping=tex-text;"
(fontspec)             - 'italic' (m/it) with NFSS spec.:
(fontspec)             <->"[FandolHei-Regular.otf]/OT:script=hani;language=dflt
;mapping=tex-text;"



[1

]

[2]

[3])
\tf@toc=\write7
\openout7 = `Engineering_cybernetics.toc'.



[4]
\openout2 = `preface_ch.aux'.

 (./preface_ch.tex
Missing character: There is no 堉 (U+5809) in font [FandolSong-Regular.otf]/OT:s
cript=hani;language=dflt;!
Missing character: There is no Ф (U+0424) in font [lmroman10-regular]:mapping=t
ex-text;!

Package fontspec Info: 
(fontspec)             Script 'CJK' not explicitly supported within font
(fontspec)             'FandolKai-Regular'. Check the typeset output, and if
(fontspec)             it is okay then ignore this warning. Otherwise a
(fontspec)             different font should be chosen.


Package fontspec Info: 
(fontspec)             Font family 'FandolKai-Regular.otf(0)' created for font
(fontspec)             'FandolKai-Regular.otf' with options
(fontspec)             [Ligatures=TeX,Script={CJK},BoldFont={FandolKai-Regular.
otf},ItalicFont={FandolKai-Regular.otf}].
(fontspec)              
(fontspec)              This font family consists of the following NFSS
(fontspec)             series/shapes:
(fontspec)              
(fontspec)             - 'normal' (m/n) with NFSS spec.:
(fontspec)             <->"[FandolKai-Regular.otf]/OT:script=hani;language=dflt
;mapping=tex-text;"
(fontspec)             - 'bold' (b/n) with NFSS spec.:
(fontspec)             <->"[FandolKai-Regular.otf]/OT:script=hani;language=dflt
;mapping=tex-text;"
(fontspec)             - 'italic' (m/it) with NFSS spec.:
(fontspec)             <->"[FandolKai-Regular.otf]/OT:script=hani;language=dflt
;mapping=tex-text;"

)

[1



]
\openout2 = `preface_en.aux'.

 (./preface_en.tex

[2




]

[3])

[4]
\openout2 = `chapter1.aux'.

 (./chapter1.tex
Chapter 1.


[5




]

Package fontspec Info: 
(fontspec)             Script 'CJK' not explicitly supported within font
(fontspec)             'FandolHei-Regular'. Check the typeset output, and if
(fontspec)             it is okay then ignore this warning. Otherwise a
(fontspec)             different font should be chosen.


Package fontspec Info: 
(fontspec)             Font family 'FandolHei-Regular.otf(2)' created for font
(fontspec)             'FandolHei-Regular.otf' with options
(fontspec)             [Ligatures=TeX,Script={CJK}].
(fontspec)              
(fontspec)              This font family consists of the following NFSS
(fontspec)             series/shapes:
(fontspec)              
(fontspec)             - 'normal' (m/n) with NFSS spec.:
(fontspec)             <->"[FandolHei-Regular.otf]/OT:script=hani;language=dflt
;mapping=tex-text;"



LaTeX Font Warning: Font shape `TU/FandolHei-Regular.otf(2)/b/n' undefined
(Font)              using `TU/FandolHei-Regular.otf(2)/m/n' instead on input li
ne 11.

File: figs/图1.1.png Graphic file (type bmp)
<figs/图1.1.png>
Missing character: There is no ， (U+FF0C) in font [lmroman10-regular]:mapping=t
ex-text;!
Missing character: There is no ， (U+FF0C) in font [lmroman10-regular]:mapping=t
ex-text;!

Underfull \vbox (badness 10000) has occurred while \output is active []



[6]
Missing character: There is no ， (U+FF0C) in font [lmroman10-regular]:mapping=t
ex-text;!
Missing character: There is no ， (U+FF0C) in font [lmroman10-regular]:mapping=t
ex-text;!
Missing character: There is no ， (U+FF0C) in font [lmroman10-regular]:mapping=t
ex-text;!


[7]
Missing character: There is no ， (U+FF0C) in font [lmroman10-regular]:mapping=t
ex-text;!
File: figs/图1.2.png Graphic file (type bmp)
<figs/图1.2.png>


[8]
Missing character: There is no ， (U+FF0C) in font [lmroman10-regular]:mapping=t
ex-text;!
Missing character: There is no ， (U+FF0C) in font [lmroman10-regular]:mapping=t
ex-text;!
Missing character: There is no ， (U+FF0C) in font [lmroman10-regular]:mapping=t
ex-text;!
Missing character: There is no ， (U+FF0C) in font [lmroman10-regular]:mapping=t
ex-text;!
Missing character: There is no 。 (U+3002) in font [lmroman10-regular]:mapping=t
ex-text;!
Missing character: There is no 。 (U+3002) in font [lmroman10-regular]:mapping=t
ex-text;!
File: figs/图1.3.png Graphic file (type bmp)
<figs/图1.3.png>

LaTeX Warning: `!h' float specifier changed to `!ht'.


Underfull \vbox (badness 1122) has occurred while \output is active []



[9]

[10])

[11]
\openout2 = `chapter2.aux'.

 (./chapter2.tex

[12




]
Chapter 2.
Missing character: There is no ， (U+FF0C) in font [lmroman10-regular]:mapping=t
ex-text;!
LaTeX Font Info:    Trying to load font information for U+euf on input line 13.

(c:/texlive/2025/texmf-dist/tex/latex/amsfonts/ueuf.fd
File: ueuf.fd 2013/01/14 v3.01 Euler Fraktur
)

[13]
Missing character: There is no ， (U+FF0C) in font [lmroman10-regular]:mapping=t
ex-text;!
Missing character: There is no ， (U+FF0C) in font [lmroman10-regular]:mapping=t
ex-text;!
Missing character: There is no ， (U+FF0C) in font [lmroman10-regular]:mapping=t
ex-text;!
Missing character: There is no ， (U+FF0C) in font [lmroman10-regular]:mapping=t
ex-text;!
Missing character: There is no 。 (U+3002) in font [lmroman10-regular]:mapping=t
ex-text;!
Missing character: There is no ， (U+FF0C) in font [lmroman10-regular]:mapping=t
ex-text;!
Missing character: There is no ， (U+FF0C) in font [lmroman10-regular]:mapping=t
ex-text;!
Missing character: There is no ， (U+FF0C) in font [lmroman10-regular]:mapping=t
ex-text;!
Missing character: There is no ， (U+FF0C) in font [lmroman10-regular]:mapping=t
ex-text;!

Underfull \vbox (badness 10000) has occurred while \output is active []



[14]

[15]
Missing character: There is no 査 (U+67FB) in font [FandolSong-Regular.otf]/OT:s
cript=hani;language=dflt;!


[16]
Underfull \vbox (badness 10000) has occurred while \output is active []



[17]
Missing character: There is no 。 (U+3002) in font [lmroman10-regular]:mapping=t
ex-text;!
Missing character: There is no 。 (U+3002) in font [lmroman10-regular]:mapping=t
ex-text;!
Missing character: There is no 。 (U+3002) in font [lmroman10-regular]:mapping=t
ex-text;!

Underfull \vbox (badness 1436) has occurred while \output is active []



[18]
Missing character: There is no ； (U+FF1B) in font [lmroman10-regular]:mapping=t
ex-text;!
)

[19]
\openout2 = `chapter3.aux'.

 (./chapter3.tex

[20




]
Chapter 3.
Missing character: There is no 。 (U+3002) in font [lmroman10-regular]:mapping=t
ex-text;!


[21]
File: figs/图3.1.png Graphic file (type bmp)
<figs/图3.1.png>

Underfull \vbox (badness 1389) has occurred while \output is active []



[22]
File: figs/图3.2.png Graphic file (type bmp)
<figs/图3.2.png>
File: figs/图3.3.png Graphic file (type bmp)
<figs/图3.3.png>

Underfull \vbox (badness 10000) has occurred while \output is active []



[23]
File: figs/图3.4.png Graphic file (type bmp)
<figs/图3.4.png>

Underfull \vbox (badness 6157) has occurred while \output is active []



[24]
File: figs/图3.5.1.png Graphic file (type bmp)
<figs/图3.5.1.png>
File: figs/图3.5.2.png Graphic file (type bmp)
<figs/图3.5.2.png>


[25]

[26]
File: figs/图3.6.png Graphic file (type bmp)
<figs/图3.6.png>
File: figs/图3.7.png Graphic file (type bmp)
<figs/图3.7.png>


[27]
File: figs/图3.8.png Graphic file (type bmp)
<figs/图3.8.png>


[28]
File: figs/图3.9.png Graphic file (type bmp)
<figs/图3.9.png>
File: figs/图3.10.png Graphic file (type bmp)
<figs/图3.10.png>
File: figs/图3.11.png Graphic file (type bmp)
<figs/图3.11.png>


LaTeX Warning: `!h' float specifier changed to `!ht'.

File: figs/图3.12.png Graphic file (type bmp)
<figs/图3.12.png>

LaTeX Warning: `!h' float specifier changed to `!ht'.

File: figs/图3.13.png Graphic file (type bmp)
<figs/图3.13.png>

LaTeX Warning: `!h' float specifier changed to `!ht'.

File: figs/图3.14.png Graphic file (type bmp)
<figs/图3.14.png>


[29]
Underfull \vbox (badness 5475) has occurred while \output is active []



[30]
File: figs/图3.15.png Graphic file (type bmp)
<figs/图3.15.png>

Underfull \vbox (badness 10000) has occurred while \output is active []



[31]
File: figs/图3.16.png Graphic file (type bmp)
<figs/图3.16.png>


LaTeX Warning: `!h' float specifier changed to `!ht'.

File: figs/图3.17.png Graphic file (type bmp)
<figs/图3.17.png>

Underfull \vbox (badness 5417) has occurred while \output is active []



[32]
File: figs/图3.18.png Graphic file (type bmp)
<figs/图3.18.png>


LaTeX Warning: `!h' float specifier changed to `!ht'.



[33]

[34]
Underfull \vbox (badness 10000) has occurred while \output is active []



[35]
Missing character: There is no 。 (U+3002) in font [lmroman10-regular]:mapping=t
ex-text;!
Missing character: There is no 。 (U+3002) in font [lmroman10-regular]:mapping=t
ex-text;!
Missing character: There is no 。 (U+3002) in font [lmroman10-regular]:mapping=t
ex-text;!
Missing character: There is no ， (U+FF0C) in font [lmroman10-regular]:mapping=t
ex-text;!
Missing character: There is no 。 (U+3002) in font [lmroman10-regular]:mapping=t
ex-text;!
File: figs/图3.19.png Graphic file (type bmp)
<figs/图3.19.png>

LaTeX Warning: `!h' float specifier changed to `!ht'.



[36]
File: figs/图3.20.png Graphic file (type bmp)
<figs/图3.20.png>


LaTeX Warning: `!h' float specifier changed to `!ht'.

File: figs/图3.21.png Graphic file (type bmp)
<figs/图3.21.png>

LaTeX Warning: `!h' float specifier changed to `!ht'.


Underfull \vbox (badness 6893) has occurred while \output is active []



[37]
Underfull \vbox (badness 10000) has occurred while \output is active []



[38]

[39]

[40]
File: figs/图3.22.png Graphic file (type bmp)
<figs/图3.22.png>


[41]
File: figs/图3.23.png Graphic file (type bmp)
<figs/图3.23.png>

Missing character: There is no 。 (U+3002) in font [lmroman10-regular]:mapping=t
ex-text;!


[42]
File: figs/图3.24.png Graphic file (type bmp)
<figs/图3.24.png>

Underfull \vbox (badness 2126) has occurred while \output is active []



[43]
Missing character: There is no ， (U+FF0C) in font [lmroman10-regular]:mapping=t
ex-text;!
Missing character: There is no ， (U+FF0C) in font [lmroman10-regular]:mapping=t
ex-text;!
Missing character: There is no ， (U+FF0C) in font [lmroman10-regular]:mapping=t
ex-text;!
Missing character: There is no ， (U+FF0C) in font [lmroman10-regular]:mapping=t
ex-text;!

Underfull \vbox (badness 10000) has occurred while \output is active []



[44]
Missing character: There is no 。 (U+3002) in font [lmroman10-regular]:mapping=t
ex-text;!
Missing character: There is no 。 (U+3002) in font [lmroman10-regular]:mapping=t
ex-text;!
Missing character: There is no 。 (U+3002) in font [lmroman10-regular]:mapping=t
ex-text;!
File: figs/图3.25.png Graphic file (type bmp)
<figs/图3.25.png>

LaTeX Warning: `!h' float specifier changed to `!ht'.


Underfull \vbox (badness 10000) has occurred while \output is active []



[45])

[46]
\openout2 = `chapter4.aux'.

 (./chapter4.tex
Chapter 4.
Missing character: There is no 。 (U+3002) in font [lmroman10-regular]:mapping=t
ex-text;!
File: figs/图4.1.png Graphic file (type bmp)
<figs/图4.1.png>


[47




]
Underfull \vbox (badness 1688) has occurred while \output is active []



[48]
File: figs/图4.2.png Graphic file (type bmp)
<figs/图4.2.png>


[49]
File: figs/图4.3.png Graphic file (type bmp)
<figs/图4.3.png>


[50]

[51]
File: figs/图4.4.png Graphic file (type bmp)
<figs/图4.4.png>

Underfull \vbox (badness 1137) has occurred while \output is active []



[52]
File: figs/图4.5.png Graphic file (type bmp)
<figs/图4.5.png>

Underfull \vbox (badness 1546) has occurred while \output is active []



[53]

[54]
Underfull \vbox (badness 10000) has occurred while \output is active []



[55]
Underfull \vbox (badness 10000) has occurred while \output is active []



[56]
Missing character: There is no 。 (U+3002) in font [lmroman10-regular]:mapping=t
ex-text;!
Missing character: There is no 。 (U+3002) in font [lmroman10-regular]:mapping=t
ex-text;!
Missing character: There is no 。 (U+3002) in font [lmroman10-regular]:mapping=t
ex-text;!


[57]
File: figs/图4.6.png Graphic file (type bmp)
<figs/图4.6.png>


[58]
Missing character: There is no 。 (U+3002) in font [lmroman10-regular]:mapping=t
ex-text;!
Missing character: There is no 。 (U+3002) in font [lmroman10-regular]:mapping=t
ex-text;!
File: figs/图4.7.png Graphic file (type bmp)
<figs/图4.7.png>


[59]
Missing character: There is no 。 (U+3002) in font [lmroman10-regular]:mapping=t
ex-text;!
Missing character: There is no 。 (U+3002) in font [lmroman10-regular]:mapping=t
ex-text;!
Missing character: There is no 。 (U+3002) in font [lmroman10-regular]:mapping=t
ex-text;!

Package fontspec Info: 
(fontspec)             Script 'CJK' not explicitly supported within font
(fontspec)             'FandolHei-Regular'. Check the typeset output, and if
(fontspec)             it is okay then ignore this warning. Otherwise a
(fontspec)             different font should be chosen.


Package fontspec Info: 
(fontspec)             Font family 'FandolHei-Regular.otf(3)' created for font
(fontspec)             'FandolHei-Regular.otf' with options
(fontspec)             [Ligatures=TeX,Script={CJK},BoldFont={FandolHei-Regular.
otf}].
(fontspec)              
(fontspec)              This font family consists of the following NFSS
(fontspec)             series/shapes:
(fontspec)              
(fontspec)             - 'normal' (m/n) with NFSS spec.:
(fontspec)             <->"[FandolHei-Regular.otf]/OT:script=hani;language=dflt
;mapping=tex-text;"
(fontspec)             - 'bold' (b/n) with NFSS spec.:
(fontspec)             <->"[FandolHei-Regular.otf]/OT:script=hani;language=dflt
;mapping=tex-text;"

Missing character: There is no 。 (U+3002) in font [lmroman10-regular]:mapping=t
ex-text;!


[60]
Missing character: There is no ， (U+FF0C) in font [lmroman10-regular]:mapping=t
ex-text;!
Missing character: There is no 。 (U+3002) in font [lmroman10-regular]:mapping=t
ex-text;!
File: figs/图4.8.png Graphic file (type bmp)
<figs/图4.8.png>


[61]
Missing character: There is no 。 (U+3002) in font [lmroman10-regular]:mapping=t
ex-text;!


[62]

[63]
File: figs/图4.9.png Graphic file (type bmp)
<figs/图4.9.png>

Missing character: There is no 。 (U+3002) in font [lmroman10-regular]:mapping=t
ex-text;!


[64]
File: figs/图4.10.png Graphic file (type bmp)
<figs/图4.10.png>


[65])

[66]
\openout2 = `chapter5.aux'.

 (./chapter5.tex
Chapter 5.


[67




]
File: figs/图5.1.png Graphic file (type bmp)
<figs/图5.1.png>


[68]
Missing character: There is no 。 (U+3002) in font [lmroman10-regular]:mapping=t
ex-text;!
File: figs/图5.2.png Graphic file (type bmp)
<figs/图5.2.png>

Underfull \vbox (badness 4060) has occurred while \output is active []



[69]
File: figs/图5.3.png Graphic file (type bmp)
<figs/图5.3.png>


[70]
File: figs/图5.4.png Graphic file (type bmp)
<figs/图5.4.png>

Underfull \vbox (badness 10000) has occurred while \output is active []



[71]
File: figs/图5.5.png Graphic file (type bmp)
<figs/图5.5.png>


[72]
Missing character: There is no ， (U+FF0C) in font [lmroman10-regular]:mapping=t
ex-text;!
Missing character: There is no ， (U+FF0C) in font [lmroman10-regular]:mapping=t
ex-text;!
Missing character: There is no ， (U+FF0C) in font [lmroman10-regular]:mapping=t
ex-text;!
Missing character: There is no 。 (U+3002) in font [lmroman10-regular]:mapping=t
ex-text;!
Missing character: There is no 。 (U+3002) in font [lmroman10-regular]:mapping=t
ex-text;!
Missing character: There is no ， (U+FF0C) in font [lmroman10-regular]:mapping=t
ex-text;!
Missing character: There is no ， (U+FF0C) in font [lmroman10-regular]:mapping=t
ex-text;!

Underfull \vbox (badness 10000) has occurred while \output is active []



[73]

[74]

[75]
Missing character: There is no 。 (U+3002) in font [lmroman10-regular]:mapping=t
ex-text;!
Missing character: There is no 。 (U+3002) in font [lmroman10-regular]:mapping=t
ex-text;!
Missing character: There is no 。 (U+3002) in font [lmroman10-regular]:mapping=t
ex-text;!

Underfull \vbox (badness 2302) has occurred while \output is active []



[76]

[77]
File: figs/图5.6.png Graphic file (type bmp)
<figs/图5.6.png>


[78]
Underfull \vbox (badness 10000) has occurred while \output is active []



[79]

[80]
File: figs/图5.7.png Graphic file (type bmp)
<figs/图5.7.png>

Underfull \vbox (badness 10000) has occurred while \output is active []



[81]
Missing character: There is no 。 (U+3002) in font [lmroman10-regular]:mapping=t
ex-text;!

Underfull \vbox (badness 10000) has occurred while \output is active []



[82]
Missing character: There is no 。 (U+3002) in font [lmroman10-regular]:mapping=t
ex-text;!
Missing character: There is no 。 (U+3002) in font [lmroman10-regular]:mapping=t
ex-text;!
Missing character: There is no 。 (U+3002) in font [lmroman10-regular]:mapping=t
ex-text;!
Missing character: There is no 。 (U+3002) in font [lmroman10-regular]:mapping=t
ex-text;!
)

[83]
\openout2 = `chapter6.aux'.

 (./chapter6.tex

[84




]
Chapter 6.
File: figs/图6.1.png Graphic file (type bmp)
<figs/图6.1.png>

LaTeX Warning: `!h' float specifier changed to `!ht'.



[85]
Underfull \vbox (badness 10000) has occurred while \output is active []



[86]
Underfull \vbox (badness 10000) has occurred while \output is active []



[87]

[88]

[89]
Missing character: There is no 。 (U+3002) in font [lmroman10-regular]:mapping=t
ex-text;!
File: figs/图6.2.png Graphic file (type bmp)
<figs/图6.2.png>

LaTeX Warning: `!h' float specifier changed to `!ht'.

Missing character: There is no 。 (U+3002) in font [lmroman10-regular]:mapping=t
ex-text;!
Missing character: There is no 。 (U+3002) in font [lmroman10-regular]:mapping=t
ex-text;!

Underfull \vbox (badness 2261) has occurred while \output is active []



[90]
Underfull \vbox (badness 5985) has occurred while \output is active []



[91]

[92]
File: figs/图6.3.png Graphic file (type bmp)
<figs/图6.3.png>


[93]
Missing character: There is no 。 (U+3002) in font [lmroman10-regular]:mapping=t
ex-text;!


[94]
File: figs/图6.4.png Graphic file (type bmp)
<figs/图6.4.png>

Underfull \vbox (badness 10000) has occurred while \output is active []



[95])

[96]
\openout2 = `chapter7.aux'.

 (./chapter7.tex
Chapter 7.


[97




]
File: figs/图7.1.png Graphic file (type bmp)
<figs/图7.1.png>


[98]
Underfull \vbox (badness 10000) has occurred while \output is active []



[99]
File: figs/图7.2.png Graphic file (type bmp)
<figs/图7.2.png>

Overfull \hbox (30.0468pt too wide) in paragraph at lines 71--72
 [][] 
 []


Underfull \vbox (badness 10000) has occurred while \output is active []



[100]
File: figs/图7.3.png Graphic file (type bmp)
<figs/图7.3.png>

Overfull \hbox (30.0468pt too wide) in paragraph at lines 113--114
 [][] 
 []

File: figs/图7.4.png Graphic file (type bmp)
<figs/图7.4.png>
File: figs/图7.5.png Graphic file (type bmp)
<figs/图7.5.png>

LaTeX Warning: `!h' float specifier changed to `!ht'.



[101]

[102]

Package hyperref Warning: Token not allowed in a PDF string (Unicode):
(hyperref)                removing `math shift' on input line 175.


Package hyperref Warning: Token not allowed in a PDF string (Unicode):
(hyperref)                removing `subscript' on input line 175.


Package hyperref Warning: Token not allowed in a PDF string (Unicode):
(hyperref)                removing `superscript' on input line 175.


Package hyperref Warning: Token not allowed in a PDF string (Unicode):
(hyperref)                removing `math shift' on input line 175.



[103]
Underfull \vbox (badness 10000) has occurred while \output is active []



[104]
Missing character: There is no 。 (U+3002) in font [lmroman10-regular]:mapping=t
ex-text;!

Underfull \vbox (badness 10000) has occurred while \output is active []



[105]

Package hyperref Warning: Token not allowed in a PDF string (Unicode):
(hyperref)                removing `math shift' on input line 266.


Package hyperref Warning: Token not allowed in a PDF string (Unicode):
(hyperref)                removing `subscript' on input line 266.


Package hyperref Warning: Token not allowed in a PDF string (Unicode):
(hyperref)                removing `math shift' on input line 266.



[106])

[107]
\openout2 = `chapter8.aux'.

 (./chapter8.tex

[108




]
Chapter 8.

Package hyperref Warning: Token not allowed in a PDF string (Unicode):
(hyperref)                removing `math shift' on input line 3.


Package hyperref Warning: Token not allowed in a PDF string (Unicode):
(hyperref)                removing `superscript' on input line 3.


Package hyperref Warning: Token not allowed in a PDF string (Unicode):
(hyperref)                removing `math shift' on input line 3.



[109]
Missing character: There is no 。 (U+3002) in font [lmroman10-regular]:mapping=t
ex-text;!
Missing character: There is no 。 (U+3002) in font [lmroman10-regular]:mapping=t
ex-text;!
Missing character: There is no 。 (U+3002) in font [lmroman10-regular]:mapping=t
ex-text;!

Underfull \vbox (badness 4595) has occurred while \output is active []



[110]
Missing character: There is no 。 (U+3002) in font [lmroman10-regular]:mapping=t
ex-text;!
Missing character: There is no 。 (U+3002) in font [lmroman10-regular]:mapping=t
ex-text;!
Missing character: There is no 。 (U+3002) in font [lmroman10-regular]:mapping=t
ex-text;!

Underfull \vbox (badness 10000) has occurred while \output is active []



[111]

[112]

[113]
File: figs/图8.1.png Graphic file (type bmp)
<figs/图8.1.png>
File: figs/图8.2.png Graphic file (type bmp)
<figs/图8.2.png>


[114]
File: figs/图8.3.png Graphic file (type bmp)
<figs/图8.3.png>

Missing character: There is no 。 (U+3002) in font [lmroman10-regular]:mapping=t
ex-text;!


[115]
Underfull \vbox (badness 10000) has occurred while \output is active []



[116]
Underfull \vbox (badness 10000) has occurred while \output is active []



[117]

[118]
Underfull \vbox (badness 10000) has occurred while \output is active []



[119]
File: figs/图8.4.png Graphic file (type bmp)
<figs/图8.4.png>


[120]
File: figs/图8.5.png Graphic file (type bmp)
<figs/图8.5.png>


[121]
File: figs/图8.6.png Graphic file (type bmp)
<figs/图8.6.png>


LaTeX Warning: `!h' float specifier changed to `!ht'.

Missing character: There is no 。 (U+3002) in font [lmroman10-regular]:mapping=t
ex-text;!


[122]

[123]

[124]
File: figs/图8.7.png Graphic file (type bmp)
<figs/图8.7.png>


[125])

[126]
\openout2 = `chapter9.aux'.

 (./chapter9.tex
Chapter 9.


[127




]
Underfull \vbox (badness 1325) has occurred while \output is active []



[128]
Missing character: There is no 。 (U+3002) in font [lmroman10-regular]:mapping=t
ex-text;!
Missing character: There is no 。 (U+3002) in font [lmroman10-regular]:mapping=t
ex-text;!
Missing character: There is no 。 (U+3002) in font [lmroman10-regular]:mapping=t
ex-text;!
Missing character: There is no 。 (U+3002) in font [lmroman10-regular]:mapping=t
ex-text;!
Missing character: There is no 。 (U+3002) in font [lmroman10-regular]:mapping=t
ex-text;!
Missing character: There is no ， (U+FF0C) in font [lmroman10-regular]:mapping=t
ex-text;!


[129]
Missing character: There is no 。 (U+3002) in font [lmroman10-regular]:mapping=t
ex-text;!

Underfull \vbox (badness 10000) has occurred while \output is active []



[130]
Underfull \vbox (badness 10000) has occurred while \output is active []



[131]
Missing character: There is no 。 (U+3002) in font [lmroman10-regular]:mapping=t
ex-text;!
Missing character: There is no 。 (U+3002) in font [lmroman10-regular]:mapping=t
ex-text;!
Missing character: There is no 。 (U+3002) in font [lmroman10-regular]:mapping=t
ex-text;!

Underfull \vbox (badness 10000) has occurred while \output is active []



[132]
Missing character: There is no 。 (U+3002) in font [lmroman10-regular]:mapping=t
ex-text;!
Missing character: There is no 。 (U+3002) in font [lmroman10-regular]:mapping=t
ex-text;!

Overfull \hbox (19.54083pt too wide) in paragraph at lines 187--189
$\OT1/cmr/m/n/10 ^^H(\OML/cmm/m/it/10 !\OT1/cmr/m/n/10 )$ \TU/FandolSong-Regula
r.otf(0)/m/n/10 当 然 是 一 个 实 函 数，|  而 且 $\OT1/cmr/m/n/10 ^^H(\OML/cmm/m/it/10 !\
OT1/cmr/m/n/10 )$ \TU/FandolSong-Regular.otf(0)/m/n/10 就 称 为 随 机 函 数 $\OML/cmm/
m/it/10 y\OT1/cmr/m/n/10 (\OML/cmm/m/it/10 t\OT1/cmr/m/n/10 )$ \TU/FandolSong-R
egular.otf(0)/m/n/10 的$[]$。|  根 据 方 程[]和[]，|
 []


Underfull \vbox (badness 10000) has occurred while \output is active []



[133]
Missing character: There is no 。 (U+3002) in font [lmroman10-regular]:mapping=t
ex-text;!
Missing character: There is no 。 (U+3002) in font [lmroman10-regular]:mapping=t
ex-text;!
Missing character: There is no 。 (U+3002) in font [lmroman10-regular]:mapping=t
ex-text;!


[134]
File: figs/图9.1.png Graphic file (type bmp)
<figs/图9.1.png>


[135]
File: figs/图9.2.png Graphic file (type bmp)
<figs/图9.2.png>

Underfull \vbox (badness 10000) has occurred while \output is active []



[136]
Underfull \vbox (badness 10000) has occurred while \output is active []



[137]
File: figs/图9.3.png Graphic file (type bmp)
<figs/图9.3.png>


LaTeX Warning: `!h' float specifier changed to `!ht'.


Underfull \vbox (badness 10000) has occurred while \output is active []



[138]
Underfull \vbox (badness 2310) has occurred while \output is active []



[139]
File: figs/图9.4.png Graphic file (type bmp)
<figs/图9.4.png>

Underfull \vbox (badness 10000) has occurred while \output is active []



[140]
Missing character: There is no 。 (U+3002) in font [lmroman10-regular]:mapping=t
ex-text;!
Missing character: There is no ， (U+FF0C) in font [lmroman10-regular]:mapping=t
ex-text;!
Missing character: There is no 。 (U+3002) in font [lmroman10-regular]:mapping=t
ex-text;!
Missing character: There is no ， (U+FF0C) in font [lmroman10-regular]:mapping=t
ex-text;!
Missing character: There is no 。 (U+3002) in font [lmroman10-regular]:mapping=t
ex-text;!

Underfull \vbox (badness 10000) has occurred while \output is active []



[141]
Missing character: There is no 。 (U+3002) in font [lmroman10-regular]:mapping=t
ex-text;!
Missing character: There is no 。 (U+3002) in font [lmroman10-regular]:mapping=t
ex-text;!
Missing character: There is no 。 (U+3002) in font [lmroman10-regular]:mapping=t
ex-text;!
Missing character: There is no 。 (U+3002) in font [lmroman10-regular]:mapping=t
ex-text;!
Missing character: There is no 。 (U+3002) in font [lmroman10-regular]:mapping=t
ex-text;!


[142]
Missing character: There is no 。 (U+3002) in font [lmroman10-regular]:mapping=t
ex-text;!
File: figs/图9.5.png Graphic file (type bmp)
<figs/图9.5.png>
Missing character: There is no 。 (U+3002) in font [lmroman10-regular]:mapping=t
ex-text;!
Missing character: There is no 。 (U+3002) in font [lmroman10-regular]:mapping=t
ex-text;!
Missing character: There is no 。 (U+3002) in font [lmroman10-regular]:mapping=t
ex-text;!
Missing character: There is no 。 (U+3002) in font [lmroman10-regular]:mapping=t
ex-text;!

Underfull \vbox (badness 10000) has occurred while \output is active []



[143]
Missing character: There is no 。 (U+3002) in font [lmroman10-regular]:mapping=t
ex-text;!
Missing character: There is no 。 (U+3002) in font [lmroman10-regular]:mapping=t
ex-text;!
Missing character: There is no 。 (U+3002) in font [lmroman10-regular]:mapping=t
ex-text;!
Missing character: There is no 。 (U+3002) in font [lmroman10-regular]:mapping=t
ex-text;!
Missing character: There is no 。 (U+3002) in font [lmroman10-regular]:mapping=t
ex-text;!


[144]
Missing character: There is no 。 (U+3002) in font [lmroman10-regular]:mapping=t
ex-text;!
Missing character: There is no 。 (U+3002) in font [lmroman10-regular]:mapping=t
ex-text;!
Missing character: There is no 。 (U+3002) in font [lmroman10-regular]:mapping=t
ex-text;!
Missing character: There is no 。 (U+3002) in font [lmroman10-regular]:mapping=t
ex-text;!

Underfull \vbox (badness 4217) has occurred while \output is active []



[145]
Missing character: There is no 。 (U+3002) in font [lmroman10-regular]:mapping=t
ex-text;!
Missing character: There is no 。 (U+3002) in font [lmroman10-regular]:mapping=t
ex-text;!

Underfull \vbox (badness 10000) has occurred while \output is active []



[146]
Underfull \vbox (badness 10000) has occurred while \output is active []



[147]
Missing character: There is no 。 (U+3002) in font [lmroman10-regular]:mapping=t
ex-text;!
Missing character: There is no 。 (U+3002) in font [lmroman10-regular]:mapping=t
ex-text;!
Missing character: There is no 。 (U+3002) in font [lmroman10-regular]:mapping=t
ex-text;!
Missing character: There is no 。 (U+3002) in font [lmroman10-regular]:mapping=t
ex-text;!

Underfull \vbox (badness 10000) has occurred while \output is active []



[148]
File: figs/图9.6.png Graphic file (type bmp)
<figs/图9.6.png>
File: figs/图9.7.png Graphic file (type bmp)
<figs/图9.7.png>

Missing character: There is no 。 (U+3002) in font [lmroman10-regular]:mapping=t
ex-text;!


[149]
Missing character: There is no 。 (U+3002) in font [lmroman10-regular]:mapping=t
ex-text;!

Overfull \hbox (11.57256pt too wide) in paragraph at lines 669--669
|[] 
 []


Overfull \hbox (11.57256pt too wide) in paragraph at lines 669--669
 |[]
 []


Underfull \vbox (badness 1715) has occurred while \output is active []



[150]
File: figs/图9.8.png Graphic file (type bmp)
<figs/图9.8.png>

Underfull \vbox (badness 10000) has occurred while \output is active []



[151]
Overfull \hbox (5.20363pt too wide) in paragraph at lines 730--731
[]\TU/FandolSong-Regular.otf(0)/m/n/10 关 于 空 气 动 力 学 的$[]$ 问 题 有 一 个 极 为 重 要 的 
现 象，|  这 就 是 尾 流 中 的$[]$。|
 []

Missing character: There is no 。 (U+3002) in font [lmroman10-regular]:mapping=t
ex-text;!
File: figs/图9.9.png Graphic file (type bmp)
<figs/图9.9.png>

LaTeX Warning: `!h' float specifier changed to `!ht'.



[152]
File: figs/图9.10.png Graphic file (type bmp)
<figs/图9.10.png>

Underfull \vbox (badness 10000) has occurred while \output is active []



[153]
Missing character: There is no 。 (U+3002) in font [lmroman10-regular]:mapping=t
ex-text;!


[154])

[155]
\openout2 = `chapter10.aux'.

 (./chapter10.tex

[156




]
Chapter 10.
Missing character: There is no 。 (U+3002) in font [lmroman10-regular]:mapping=t
ex-text;!


[157]
File: figs/图10.1.png Graphic file (type bmp)
<figs/图10.1.png>

Missing character: There is no 。 (U+3002) in font [lmroman10-regular]:mapping=t
ex-text;!
Missing character: There is no 。 (U+3002) in font [lmroman10-regular]:mapping=t
ex-text;!
Missing character: There is no 。 (U+3002) in font [lmroman10-regular]:mapping=t
ex-text;!
Missing character: There is no ， (U+FF0C) in font [lmroman10-regular]:mapping=t
ex-text;!
File: figs/图10.2.png Graphic file (type bmp)
<figs/图10.2.png>


[158]
Missing character: There is no 。 (U+3002) in font [lmroman10-regular]:mapping=t
ex-text;!
Missing character: There is no 。 (U+3002) in font [lmroman10-regular]:mapping=t
ex-text;!
Missing character: There is no 。 (U+3002) in font [lmroman10-regular]:mapping=t
ex-text;!
Missing character: There is no 。 (U+3002) in font [lmroman10-regular]:mapping=t
ex-text;!
Missing character: There is no 。 (U+3002) in font [lmroman10-regular]:mapping=t
ex-text;!


[159]
File: figs/图10.3.png Graphic file (type bmp)
<figs/图10.3.png>
File: figs/图10.4.png Graphic file (type bmp)
<figs/图10.4.png>
File: figs/图10.5.png Graphic file (type bmp)
<figs/图10.5.png>
File: figs/图10.6.png Graphic file (type bmp)
<figs/图10.6.png>


[160]
File: figs/图10.7.png Graphic file (type bmp)
<figs/图10.7.png>
File: figs/图10.8.png Graphic file (type bmp)
<figs/图10.8.png>


[161]
File: figs/图10.9.png Graphic file (type bmp)
<figs/图10.9.png>


[162]
File: figs/图10.10.png Graphic file (type bmp)
<figs/图10.10.png>


[163]

[164]
File: figs/图10.11.png Graphic file (type bmp)
<figs/图10.11.png>
File: figs/图10.12.png Graphic file (type bmp)
<figs/图10.12.png>
File: figs/图10.13.png Graphic file (type bmp)
<figs/图10.13.png>
File: figs/图10.14.png Graphic file (type bmp)
<figs/图10.14.png>
File: figs/图10.15.png Graphic file (type bmp)
<figs/图10.15.png>


[165]
File: figs/图10.16.png Graphic file (type bmp)
<figs/图10.16.png>

Underfull \vbox (badness 10000) has occurred while \output is active []



[166]
File: figs/图10.17.png Graphic file (type bmp)
<figs/图10.17.png>

Underfull \vbox (badness 1102) has occurred while \output is active []



[167]
File: figs/图10.18.png Graphic file (type bmp)
<figs/图10.18.png>
File: figs/图10.19.png Graphic file (type bmp)
<figs/图10.19.png>


[168]
File: figs/图10.20.png Graphic file (type bmp)
<figs/图10.20.png>

Underfull \vbox (badness 1845) has occurred while \output is active []



[169]
File: figs/图10.21.png Graphic file (type bmp)
<figs/图10.21.png>
File: figs/图10.22.png Graphic file (type bmp)
<figs/图10.22.png>

Underfull \vbox (badness 10000) has occurred while \output is active []



[170]
File: figs/图10.23.png Graphic file (type bmp)
<figs/图10.23.png>


[171]

[172]
File: figs/图10.24.png Graphic file (type bmp)
<figs/图10.24.png>
File: figs/图10.25.png Graphic file (type bmp)
<figs/图10.25.png>


[173]
File: figs/图10.26.png Graphic file (type bmp)
<figs/图10.26.png>
File: figs/图10.27.png Graphic file (type bmp)
<figs/图10.27.png>


[174]
File: figs/图10.28.png Graphic file (type bmp)
<figs/图10.28.png>
File: figs/图10.29.png Graphic file (type bmp)
<figs/图10.29.png>


[175]
File: figs/图10.30.png Graphic file (type bmp)
<figs/图10.30.png>


[176]
File: figs/图10.31.png Graphic file (type bmp)
<figs/图10.31.png>
File: figs/图10.32.png Graphic file (type bmp)
<figs/图10.32.png>


LaTeX Warning: `!h' float specifier changed to `!ht'.



[177]

[178]
File: figs/图10.33.png Graphic file (type bmp)
<figs/图10.33.png>
)

[179]
\openout2 = `chapter11.aux'.

 (./chapter11.tex

[180




]
Chapter 11.


[181]
File: figs/图11.1.png Graphic file (type bmp)
<figs/图11.1.png>
File: figs/图11.2.png Graphic file (type bmp)
<figs/图11.2.png>


[182]
Underfull \vbox (badness 2181) has occurred while \output is active []



[183]
File: figs/图11.3.png Graphic file (type bmp)
<figs/图11.3.png>


[184]

[185]
File: figs/图11.4.png Graphic file (type bmp)
<figs/图11.4.png>

Underfull \vbox (badness 1360) has occurred while \output is active []



[186]
File: figs/图11.5.png Graphic file (type bmp)
<figs/图11.5.png>


[187]
File: figs/图11.6.png Graphic file (type bmp)
<figs/图11.6.png>
)

[188]

[189]
\openout2 = `chapter12.aux'.

 (./chapter12.tex

[190




]
Chapter 12.


[191]
Missing character: There is no 。 (U+3002) in font [lmroman10-regular]:mapping=t
ex-text;!
File: figs/图12.1.png Graphic file (type bmp)
<figs/图12.1.png>
Missing character: There is no 。 (U+3002) in font [lmroman10-regular]:mapping=t
ex-text;!
Missing character: There is no 。 (U+3002) in font [lmroman10-regular]:mapping=t
ex-text;!
Missing character: There is no 。 (U+3002) in font [lmroman10-regular]:mapping=t
ex-text;!

Underfull \vbox (badness 1014) has occurred while \output is active []



[192]
Underfull \vbox (badness 10000) has occurred while \output is active []



[193]

[194]
Underfull \vbox (badness 10000) has occurred while \output is active []



[195]
Underfull \vbox (badness 10000) has occurred while \output is active []



[196]
File: figs/图12.2.png Graphic file (type bmp)
<figs/图12.2.png>
File: figs/图12.3.png Graphic file (type bmp)
<figs/图12.3.png>


LaTeX Warning: `!h' float specifier changed to `!ht'.

File: figs/图12.4.png Graphic file (type bmp)
<figs/图12.4.png>

LaTeX Warning: `!h' float specifier changed to `!ht'.

File: figs/图12.5.png Graphic file (type bmp)
<figs/图12.5.png>

LaTeX Warning: `!h' float specifier changed to `!ht'.



[197]

LaTeX Warning: Text page 198 contains only floats.



[198])

[199]
\openout2 = `chapter13.aux'.

 (./chapter13.tex

[200




]
Chapter 13.
)

[201]
\openout2 = `chapter14.aux'.

 (./chapter14.tex

[202




]
Chapter 14.
)

[203]
\openout2 = `chapter15.aux'.

 (./chapter15.tex

[204




]
Chapter 15.
)

[205]
\openout2 = `chapter16.aux'.

 (./chapter16.tex

[206




]
Chapter 16.
)

[207]
\openout2 = `chapter17.aux'.

 (./chapter17.tex

[208




]
Chapter 17.
)

[209]
\openout2 = `chapter18.aux'.

 (./chapter18.tex

[210




]
Chapter 18.
)

[211]

[212



]

LaTeX Warning: Empty bibliography on input line 138.

No file Engineering_cybernetics-sym1.ind.
No file Engineering_cybernetics-Engineering_cybernetics.ind.
\tf@thm=\write8
\openout8 = `Engineering_cybernetics.thm'.


Package imakeidx Warning: Remember to run xelatex again after calling
(imakeidx)                `splitindex' and processing the indices.

(./Engineering_cybernetics.aux (./preface_ch.aux) (./preface_en.aux)
(./chapter1.aux) (./chapter2.aux) (./chapter3.aux) (./chapter4.aux)
(./chapter5.aux) (./chapter6.aux) (./chapter7.aux) (./chapter8.aux)
(./chapter9.aux) (./chapter10.aux) (./chapter11.aux) (./chapter12.aux)
(./chapter13.aux) (./chapter14.aux) (./chapter15.aux) (./chapter16.aux)
(./chapter17.aux) (./chapter18.aux))
 ***********
LaTeX2e <2024-11-01> patch level 2
L3 programming layer <2022/07/14>
 ***********


LaTeX Font Warning: Some font shapes were not available, defaults substituted.


LaTeX Warning: There were multiply-defined labels.

Package rerunfilecheck Info: File `Engineering_cybernetics.out' has not changed
.
(rerunfilecheck)             Checksum: 053ABCEA587ADCA4F5262922FE5EE941;15319.
Package logreq Info: Writing requests to 'Engineering_cybernetics.run.xml'.
\openout1 = `Engineering_cybernetics.run.xml'.

 ) 
Here is how much of TeX's memory you used:
 58962 strings out of 473832
 1414815 string characters out of 5733158
 2476156 words of memory out of 5000000
 80821 multiletter control sequences out of 15000+600000
 578817 words of font info for 196 fonts, out of 8000000 for 9000
 1348 hyphenation exceptions out of 8191
 113i,14n,115p,1092b,1165s stack positions out of 10000i,1000n,20000p,200000b,200000s

Output written on Engineering_cybernetics.pdf (218 pages).
